-0.043633,-0.043633,-0.000150,0.006871,-1,0
-0.043633,-0.043633,-0.000150,0.006871,-1,0
-0.043633,-0.043633,-0.000150,0.006871,-1,0
0.000000,-0.000002,0.000300,0.013743,-1,1
0.000000,-0.000002,0.000300,0.013743,-1,1
-0.043633,-0.043633,-0.000150,0.006871,-1,0
-0.043633,-0.043633,-0.000150,0.006871,-1,0
-0.043633,-0.043633,-0.000150,0.006871,-1,0
-0.043633,-0.043633,-0.000150,0.006871,-1,0
-0.043633,-0.043633,-0.000150,0.006871,-1,0
-0.043633,-0.043633,-0.000150,0.006871,-1,0
0.000000,-0.000002,0.000300,0.013743,-1,1
0.000000,-0.000002,0.000300,0.013743,-1,1
0.000000,-0.000002,0.000300,0.013743,-1,1
0.000000,-0.000002,0.000300,0.013743,-1,1
0.000000,-0.000002,0.000300,0.013743,-1,1
0.043633,0.043625,0.001049,0.020614,-1,2
0.043633,0.043625,0.001049,0.020614,-1,2
0.043633,0.043625,0.001049,0.020614,-1,2
0.130900,0.130873,0.002848,0.020614,0,3
0.130900,0.130873,0.002848,0.020614,0,3
0.130900,0.130873,0.002848,0.020614,0,3
0.130900,0.130873,0.002848,0.020614,0,3
0.130900,0.130873,0.002848,0.020614,0,3
0.130900,0.130873,0.002848,0.020614,0,3
0.130900,0.130873,0.002848,0.020614,0,3
0.130900,0.130873,0.002848,0.020614,0,3
0.130900,0.130873,0.002848,0.020614,0,3
0.130900,0.130873,0.002848,0.020614,0,3
0.130900,0.130873,0.002848,0.020614,0,3
0.130900,0.130873,0.002848,0.020614,0,3
0.130900,0.130873,0.002848,0.020614,0,3
0.087266,0.087252,0.001799,0.027485,-1,3
0.087266,0.087252,0.001799,0.027485,-1,3
0.087266,0.087252,0.001799,0.027485,-1,3
0.087266,0.087252,0.001799,0.027485,-1,3
0.087266,0.087252,0.001799,0.027485,-1,3
0.087266,0.087252,0.001799,0.027485,-1,3
0.087266,0.087252,0.001799,0.027485,-1,3
0.087266,0.087252,0.001799,0.027485,-1,3
0.043633,0.043631,0.000750,0.020614,-1,2
0.087266,0.087252,0.001799,0.027485,-1,3
0.087266,0.087252,0.001799,0.027485,-1,3
0.087266,0.087252,0.001799,0.027485,-1,3
0.087266,0.087252,0.001799,0.027485,-1,3
0.087266,0.087252,0.001799,0.027485,-1,3
0.087266,0.087252,0.001799,0.027485,-1,3
0.087266,0.087252,0.001799,0.027485,-1,3
0.087266,0.087252,0.001799,0.027485,-1,3
0.087266,0.087252,0.001799,0.027485,-1,3
0.087266,0.087252,0.001799,0.027485,-1,3
0.087266,0.087252,0.001799,0.027485,-1,3
0.087266,0.087252,0.001799,0.027485,-1,3
0.087266,0.087252,0.001799,0.027485,-1,3
0.087266,0.087252,0.001799,0.027485,-1,3
0.043633,0.043631,0.000750,0.020614,-1,2
0.043633,0.043631,0.000750,0.020614,-1,2
0.043633,0.043631,0.000750,0.020614,-1,2
0.043633,0.043631,0.000750,0.020614,-1,2
0.043633,0.043631,0.000750,0.020614,-1,2
0.043633,0.043631,0.000750,0.020614,-1,2
0.043633,0.043631,0.000750,0.020614,-1,2
0.043633,0.043631,0.000750,0.020614,-1,2
0.087266,0.087252,0.001799,0.027485,-1,3
0.087266,0.087252,0.001799,0.027485,-1,3
0.087266,0.087252,0.001799,0.013743,0,2
0.087266,0.087252,0.001799,0.013743,0,2
0.087266,0.087252,0.001799,0.027485,-1,3
0.043633,0.043631,0.000750,0.020614,-1,2
0.130900,0.130879,0.002548,0.020614,0,3
0.130900,0.130879,0.002548,0.020614,0,3
0.174533,0.174500,0.003598,0.027485,0,4
0.174533,0.174500,0.003598,0.027485,0,4
0.130900,0.130879,0.002548,0.020614,0,3
0.130900,0.130879,0.002548,0.020614,0,3
0.130900,0.130879,0.002548,0.020614,0,3
0.130900,0.130879,0.002548,0.020614,0,3
0.130900,0.130879,0.002548,0.020614,0,3
0.130900,0.130879,0.002548,0.020614,0,3
0.130900,0.130879,0.002548,0.020614,0,3
0.130900,0.130879,0.002548,0.020614,0,3
0.130900,0.130879,0.002548,0.020614,0,3
0.130900,0.130879,0.002548,0.020614,0,3
0.130900,0.130879,0.002548,0.020614,0,3
0.130900,0.130879,0.002548,0.020614,0,3
0.218166,0.218113,0.004947,0.034357,0,5
0.218166,0.218113,0.004947,0.034357,0,5
0.218166,0.218113,0.004947,0.034357,0,5
0.261799,0.261725,0.006296,0.027485,1,5
0.261799,0.261725,0.006296,0.027485,1,5
0.261799,0.261725,0.006296,0.027485,1,5
0.261799,0.261725,0.006296,0.027485,1,5
0.261799,0.261725,0.006296,0.027485,1,5
0.261799,0.261725,0.006296,0.027485,1,5
0.261799,0.261725,0.006296,0.027485,1,5
0.261799,0.261725,0.006296,0.027485,1,5
0.261799,0.261725,0.006296,0.027485,1,5
0.261799,0.261725,0.006296,0.027485,1,5
0.218166,0.218113,0.004947,0.034357,0,5
0.218166,0.218113,0.004947,0.034357,0,5
0.218166,0.218113,0.004947,0.034357,0,5
0.218166,0.218113,0.004947,0.034357,0,5
0.218166,0.218113,0.004947,0.034357,0,5
0.174533,0.174511,0.003298,0.041228,-1,5
0.174533,0.174511,0.003298,0.041228,-1,5
0.174533,0.174511,0.003298,0.041228,-1,5
0.174533,0.174511,0.003298,0.041228,-1,5
0.174533,0.174511,0.003298,0.041228,-1,5
0.174533,0.174511,0.003298,0.041228,-1,5
0.174533,0.174511,0.003298,0.041228,-1,5
0.130900,0.130921,0.001350,0.048100,-2,5
0.174533,0.174496,0.003597,0.054971,-2,6
0.174533,0.174496,0.003597,0.054971,-2,6
0.130900,0.130938,0.001050,0.061842,-3,6
0.087266,0.087397,-0.001796,0.068714,-4,6
0.043633,0.043878,-0.004941,0.075585,-5,6
0.000000,0.000380,-0.008386,0.082456,-6,6
-0.043633,-0.043092,-0.012129,0.089328,-7,6
-0.087266,-0.086538,-0.016170,0.096199,-8,6
-0.174533,-0.173401,-0.024552,0.096199,-9,5
-0.174533,-0.173401,-0.024552,0.096199,-9,5
-0.218166,-0.216817,-0.028893,0.103071,-10,5
-0.218166,-0.216817,-0.028893,0.103071,-10,5
-0.218166,-0.216817,-0.028893,0.103071,-10,5
-0.218166,-0.216817,-0.028893,0.103071,-10,5
-0.261799,-0.260203,-0.033531,0.109942,-11,5
-0.261799,-0.260203,-0.033531,0.109942,-11,5
-0.261799,-0.260203,-0.033531,0.109942,-11,5
-0.218166,-0.216850,-0.028595,0.116813,-11,6
-0.218166,-0.216850,-0.028595,0.116813,-11,6
-0.305433,-0.303522,-0.038765,0.116813,-12,5
-0.305433,-0.303522,-0.038765,0.116813,-12,5
-0.305433,-0.303522,-0.038765,0.116813,-12,5
-0.305433,-0.303522,-0.038765,0.116813,-12,5
-0.349066,-0.346875,-0.043702,0.109942,-12,4
-0.349066,-0.346875,-0.043702,0.109942,-12,4
-0.349066,-0.346875,-0.043702,0.109942,-12,4
-0.349066,-0.346875,-0.043702,0.109942,-12,4
-0.349066,-0.346875,-0.043702,0.109942,-12,4
-0.349066,-0.346875,-0.043702,0.109942,-12,4
-0.349066,-0.346875,-0.043702,0.109942,-12,4
-0.349066,-0.346875,-0.043702,0.109942,-12,4
-0.349066,-0.346875,-0.043702,0.109942,-12,4
-0.349066,-0.346875,-0.043702,0.109942,-12,4
-0.305433,-0.303489,-0.039063,0.103071,-11,4
-0.305433,-0.303489,-0.039063,0.103071,-11,4
-0.349066,-0.346875,-0.043702,0.109942,-12,4
-0.349066,-0.346875,-0.043702,0.109942,-12,4
-0.349066,-0.346875,-0.043702,0.109942,-12,4
-0.305433,-0.303489,-0.039063,0.103071,-11,4
-0.305433,-0.303489,-0.039063,0.103071,-11,4
-0.392699,-0.390292,-0.048042,0.103071,-12,3
-0.392699,-0.390292,-0.048042,0.103071,-12,3
-0.305433,-0.303489,-0.039063,0.103071,-11,4
-0.305433,-0.303489,-0.039063,0.103071,-11,4
-0.305433,-0.303489,-0.039063,0.103071,-11,4
-0.305433,-0.303489,-0.039063,0.103071,-11,4
-0.305433,-0.303489,-0.039063,0.103071,-11,4
-0.305433,-0.303489,-0.039063,0.103071,-11,4
-0.305433,-0.303489,-0.039063,0.103071,-11,4
-0.305433,-0.303489,-0.039063,0.103071,-11,4
-0.305433,-0.303489,-0.039063,0.103071,-11,4
-0.305433,-0.303489,-0.039063,0.103071,-11,4
-0.349066,-0.346906,-0.043404,0.096199,-11,3
-0.349066,-0.346906,-0.043404,0.096199,-11,3
-0.349066,-0.346906,-0.043404,0.096199,-11,3
-0.349066,-0.346906,-0.043404,0.096199,-11,3
-0.349066,-0.346906,-0.043404,0.096199,-11,3
-0.349066,-0.346906,-0.043404,0.096199,-11,3
-0.349066,-0.346906,-0.043404,0.096199,-11,3
-0.349066,-0.346906,-0.043404,0.096199,-11,3
-0.349066,-0.346906,-0.043404,0.096199,-11,3
-0.349066,-0.346906,-0.043404,0.096199,-11,3
-0.349066,-0.346906,-0.043404,0.096199,-11,3
-0.349066,-0.346906,-0.043404,0.096199,-11,3
-0.349066,-0.346906,-0.043404,0.096199,-11,3
-0.349066,-0.346906,-0.043404,0.096199,-11,3
-0.349066,-0.346906,-0.043404,0.096199,-11,3
-0.349066,-0.346906,-0.043404,0.096199,-11,3
-0.349066,-0.346906,-0.043404,0.096199,-11,3
-0.349066,-0.346906,-0.043404,0.096199,-11,3
-0.305433,-0.303460,-0.039362,0.089328,-10,3
-0.305433,-0.303460,-0.039362,0.089328,-10,3
-0.261799,-0.260015,-0.035320,0.096199,-10,4
-0.218166,-0.216569,-0.031278,0.089328,-9,4
-0.218166,-0.216569,-0.031278,0.089328,-9,4
-0.218166,-0.216569,-0.031278,0.089328,-9,4
-0.218166,-0.216569,-0.031278,0.089328,-9,4
-0.218166,-0.216569,-0.031278,0.089328,-9,4
-0.218166,-0.216569,-0.031278,0.089328,-9,4
-0.174533,-0.173123,-0.027237,0.096199,-9,5
-0.218166,-0.216569,-0.031278,0.089328,-9,4
-0.174533,-0.173123,-0.027237,0.096199,-9,5
-0.218166,-0.216569,-0.031278,0.089328,-9,4
-0.218166,-0.216569,-0.031278,0.089328,-9,4
-0.218166,-0.216569,-0.031278,0.089328,-9,4
-0.218166,-0.216569,-0.031278,0.089328,-9,4
-0.218166,-0.216569,-0.031278,0.089328,-9,4
-0.218166,-0.216569,-0.031278,0.089328,-9,4
-0.218166,-0.216569,-0.031278,0.089328,-9,4
-0.218166,-0.216569,-0.031278,0.089328,-9,4
-0.174533,-0.173123,-0.027237,0.096199,-9,5
-0.218166,-0.216569,-0.031278,0.089328,-9,4
-0.218166,-0.216569,-0.031278,0.089328,-9,4
-0.218166,-0.216569,-0.031278,0.089328,-9,4
-0.218166,-0.216569,-0.031278,0.089328,-9,4
-0.218166,-0.216569,-0.031278,0.089328,-9,4
-0.218166,-0.216569,-0.031278,0.089328,-9,4
-0.218166,-0.216569,-0.031278,0.089328,-9,4
-0.218166,-0.216569,-0.031278,0.089328,-9,4
-0.218166,-0.216569,-0.031278,0.089328,-9,4
-0.218166,-0.216569,-0.031278,0.089328,-9,4
-0.218166,-0.216569,-0.031278,0.089328,-9,4
-0.218166,-0.216569,-0.031278,0.089328,-9,4
-0.218166,-0.216569,-0.031278,0.089328,-9,4
-0.218166,-0.216569,-0.031278,0.089328,-9,4
-0.218166,-0.216569,-0.031278,0.089328,-9,4
-0.218166,-0.216569,-0.031278,0.089328,-9,4
-0.261799,-0.260041,-0.035021,0.082456,-9,3
-0.261799,-0.260041,-0.035021,0.082456,-9,3
-0.261799,-0.260041,-0.035021,0.082456,-9,3
-0.261799,-0.260041,-0.035021,0.082456,-9,3
-0.261799,-0.260041,-0.035021,0.082456,-9,3
-0.261799,-0.260041,-0.035021,0.082456,-9,3
-0.261799,-0.260041,-0.035021,0.082456,-9,3
-0.174533,-0.173071,-0.027834,0.082456,-8,4
-0.174533,-0.173071,-0.027834,0.082456,-8,4
-0.218166,-0.216569,-0.031278,0.075585,-8,3
-0.174533,-0.173071,-0.027834,0.082456,-8,4
-0.218166,-0.216569,-0.031278,0.075585,-8,3
-0.218166,-0.216569,-0.031278,0.075585,-8,3
-0.218166,-0.216569,-0.031278,0.075585,-8,3
-0.218166,-0.216569,-0.031278,0.075585,-8,3
-0.218166,-0.216569,-0.031278,0.075585,-8,3
-0.218166,-0.216569,-0.031278,0.075585,-8,3
-0.174533,-0.173049,-0.028133,0.068714,-7,3
-0.174533,-0.173049,-0.028133,0.068714,-7,3
-0.174533,-0.173049,-0.028133,0.068714,-7,3
-0.130900,-0.129509,-0.025287,0.061842,-6,3
-0.130900,-0.129509,-0.025287,0.061842,-6,3
-0.087266,-0.085950,-0.022740,0.054971,-5,3
-0.087266,-0.085950,-0.022740,0.054971,-5,3
-0.087266,-0.085950,-0.022740,0.054971,-5,3
-0.087266,-0.085950,-0.022740,0.054971,-5,3
-0.087266,-0.085950,-0.022740,0.054971,-5,3
-0.087266,-0.085950,-0.022740,0.054971,-5,3
-0.087266,-0.085950,-0.022740,0.054971,-5,3
-0.087266,-0.085950,-0.022740,0.054971,-5,3
-0.087266,-0.085950,-0.022740,0.054971,-5,3
-0.087266,-0.085950,-0.022740,0.054971,-5,3
-0.087266,-0.085950,-0.022740,0.054971,-5,3
-0.087266,-0.085950,-0.022740,0.054971,-5,3
-0.130900,-0.129525,-0.024987,0.048100,-5,2
-0.130900,-0.129525,-0.024987,0.048100,-5,2
-0.130900,-0.129525,-0.024987,0.048100,-5,2
-0.087266,-0.085935,-0.023039,0.041228,-4,2
-0.087266,-0.085935,-0.023039,0.041228,-4,2
-0.087266,-0.085935,-0.023039,0.041228,-4,2
-0.087266,-0.085935,-0.023039,0.041228,-4,2
-0.087266,-0.085935,-0.023039,0.041228,-4,2
-0.087266,-0.085935,-0.023039,0.041228,-4,2
-0.087266,-0.085935,-0.023039,0.041228,-4,2
-0.043633,-0.042346,-0.021091,0.048100,-4,3
-0.043633,-0.042346,-0.021091,0.048100,-4,3
-0.043633,-0.042346,-0.021091,0.048100,-4,3
-0.043633,-0.042346,-0.021091,0.048100,-4,3
-0.087266,-0.085935,-0.023039,0.041228,-4,2
-0.043633,-0.042346,-0.021091,0.048100,-4,3
-0.087266,-0.085935,-0.023039,0.041228,-4,2
-0.087266,-0.085935,-0.023039,0.041228,-4,2
-0.087266,-0.085935,-0.023039,0.041228,-4,2
-0.087266,-0.085935,-0.023039,0.041228,-4,2
-0.087266,-0.085935,-0.023039,0.041228,-4,2
-0.087266,-0.085935,-0.023039,0.041228,-4,2
-0.087266,-0.085935,-0.023039,0.041228,-4,2
-0.087266,-0.085935,-0.023039,0.041228,-4,2
-0.087266,-0.085935,-0.023039,0.041228,-4,2
-0.087266,-0.085935,-0.023039,0.041228,-4,2
-0.087266,-0.085935,-0.023039,0.041228,-4,2
-0.087266,-0.085935,-0.023039,0.041228,-4,2
-0.087266,-0.085935,-0.023039,0.041228,-4,2
-0.130900,-0.129537,-0.024688,0.034357,-4,1
-0.087266,-0.085935,-0.023039,0.041228,-4,2
-0.087266,-0.085935,-0.023039,0.041228,-4,2
-0.130900,-0.129537,-0.024688,0.034357,-4,1
-0.087266,-0.085925,-0.023339,0.027485,-3,1
-0.087266,-0.085925,-0.023339,0.027485,-3,1
-0.087266,-0.085925,-0.023339,0.027485,-3,1
-0.087266,-0.085925,-0.023339,0.027485,-3,1
-0.087266,-0.085925,-0.023339,0.027485,-3,1
-0.087266,-0.085925,-0.023339,0.027485,-3,1
-0.087266,-0.085925,-0.023339,0.027485,-3,1
-0.087266,-0.085925,-0.023339,0.027485,-3,1
-0.087266,-0.085925,-0.023339,0.027485,-3,1
-0.087266,-0.085925,-0.023339,0.027485,-3,1
-0.087266,-0.085925,-0.023339,0.027485,-3,1
-0.087266,-0.085925,-0.023339,0.027485,-3,1
-0.087266,-0.085925,-0.023339,0.027485,-3,1
-0.087266,-0.085925,-0.023339,0.027485,-3,1
-0.087266,-0.085925,-0.023339,0.027485,-3,1
-0.043633,-0.042313,-0.021990,0.034357,-3,2
-0.043633,-0.042313,-0.021990,0.034357,-3,2
-0.087266,-0.085925,-0.023339,0.027485,-3,1
-0.043633,-0.042313,-0.021990,0.034357,-3,2
-0.087266,-0.085925,-0.023339,0.027485,-3,1
-0.087266,-0.085925,-0.023339,0.027485,-3,1
-0.087266,-0.085925,-0.023339,0.027485,-3,1
-0.087266,-0.085925,-0.023339,0.027485,-3,1
-0.087266,-0.085925,-0.023339,0.027485,-3,1
-0.087266,-0.085925,-0.023339,0.027485,-3,1
-0.087266,-0.085925,-0.023339,0.027485,-3,1
-0.087266,-0.085925,-0.023339,0.027485,-3,1
-0.087266,-0.085925,-0.023339,0.027485,-3,1
-0.087266,-0.085925,-0.023339,0.027485,-3,1
-0.087266,-0.085925,-0.023339,0.027485,-3,1
-0.087266,-0.085925,-0.023339,0.027485,-3,1
-0.087266,-0.085925,-0.023339,0.027485,-3,1
-0.087266,-0.085925,-0.023339,0.027485,-3,1
-0.087266,-0.085925,-0.023339,0.027485,-3,1
-0.087266,-0.085925,-0.023339,0.027485,-3,1
-0.087266,-0.085925,-0.023339,0.027485,-3,1
-0.087266,-0.085925,-0.023339,0.027485,-3,1
-0.087266,-0.085925,-0.023339,0.027485,-3,1
-0.087266,-0.085925,-0.023339,0.027485,-3,1
-0.087266,-0.085925,-0.023339,0.027485,-3,1
-0.087266,-0.085925,-0.023339,0.027485,-3,1
-0.087266,-0.085925,-0.023339,0.027485,-3,1
-0.130900,-0.129546,-0.024388,0.020614,-3,0
-0.130900,-0.129546,-0.024388,0.020614,-3,0
-0.130900,-0.129546,-0.024388,0.020614,-3,0
-0.087266,-0.085925,-0.023339,0.027485,-3,1
-0.087266,-0.085925,-0.023339,0.027485,-3,1
-0.087266,-0.085925,-0.023339,0.027485,-3,1
-0.087266,-0.085925,-0.023339,0.027485,-3,1
-0.087266,-0.085925,-0.023339,0.027485,-3,1
-0.087266,-0.085925,-0.023339,0.027485,-3,1
-0.087266,-0.085925,-0.023339,0.027485,-3,1
-0.087266,-0.085925,-0.023339,0.027485,-3,1
-0.087266,-0.085925,-0.023339,0.027485,-3,1
-0.087266,-0.085925,-0.023339,0.027485,-3,1
-0.087266,-0.085925,-0.023339,0.027485,-3,1
-0.087266,-0.085925,-0.023339,0.027485,-3,1
-0.087266,-0.085925,-0.023339,0.027485,-3,1
-0.130900,-0.129546,-0.024388,0.020614,-3,0
-0.087266,-0.085925,-0.023339,0.027485,-3,1
-0.087266,-0.085925,-0.023339,0.027485,-3,1
-0.130900,-0.129546,-0.024388,0.020614,-3,0
-0.130900,-0.129546,-0.024388,0.020614,-3,0
-0.087266,-0.085925,-0.023339,0.027485,-3,1
-0.087266,-0.085925,-0.023339,0.027485,-3,1
-0.087266,-0.085925,-0.023339,0.027485,-3,1
-0.043633,-0.042304,-0.022289,0.020614,-2,1
-0.087266,-0.085925,-0.023339,0.027485,-3,1
-0.043633,-0.042304,-0.022289,0.020614,-2,1
-0.043633,-0.042304,-0.022289,0.020614,-2,1
-0.043633,-0.042304,-0.022289,0.020614,-2,1
-0.043633,-0.042304,-0.022289,0.020614,-2,1
-0.043633,-0.042304,-0.022289,0.020614,-2,1
-0.043633,-0.042304,-0.022289,0.020614,-2,1
-0.087266,-0.085925,-0.023339,0.027485,-3,1
-0.043633,-0.042304,-0.022289,0.020614,-2,1
-0.087266,-0.085925,-0.023339,0.027485,-3,1
-0.043633,-0.042304,-0.022289,0.020614,-2,1
-0.087266,-0.085925,-0.023339,0.027485,-3,1
-0.087266,-0.085925,-0.023339,0.027485,-3,1
-0.087266,-0.085925,-0.023339,0.027485,-3,1
-0.087266,-0.085925,-0.023339,0.027485,-3,1
-0.087266,-0.085925,-0.023339,0.027485,-3,1
-0.087266,-0.085925,-0.023339,0.027485,-3,1
-0.043633,-0.042313,-0.021990,0.034357,-3,2
-0.043633,-0.042313,-0.021990,0.034357,-3,2
-0.043633,-0.042313,-0.021990,0.034357,-3,2
-0.043633,-0.042313,-0.021990,0.034357,-3,2
-0.087266,-0.085925,-0.023339,0.027485,-3,1
-0.087266,-0.085925,-0.023339,0.027485,-3,1
-0.130900,-0.129546,-0.024388,0.020614,-3,0
-0.087266,-0.085925,-0.023339,0.027485,-3,1
-0.087266,-0.085925,-0.023339,0.027485,-3,1
-0.043633,-0.042313,-0.021990,0.034357,-3,2
-0.043633,-0.042313,-0.021990,0.034357,-3,2
-0.043633,-0.042313,-0.021990,0.034357,-3,2
-0.043633,-0.042313,-0.021990,0.034357,-3,2
-0.043633,-0.042313,-0.021990,0.034357,-3,2
-0.043633,-0.042313,-0.021990,0.034357,-3,2
-0.043633,-0.042313,-0.021990,0.034357,-3,2
-0.087266,-0.085925,-0.023339,0.027485,-3,1
-0.087266,-0.085925,-0.023339,0.027485,-3,1
-0.130900,-0.129546,-0.024388,0.020614,-3,0
-0.130900,-0.129546,-0.024388,0.020614,-3,0
-0.130900,-0.129546,-0.024388,0.020614,-3,0
-0.130900,-0.129546,-0.024388,0.020614,-3,0
-0.130900,-0.129546,-0.024388,0.020614,-3,0
-0.130900,-0.129546,-0.024388,0.020614,-3,0
-0.130900,-0.129546,-0.024388,0.020614,-3,0
-0.130900,-0.129546,-0.024388,0.020614,-3,0
-0.174533,-0.173172,-0.025137,0.013743,-3,-1
-0.174533,-0.173172,-0.025137,0.013743,-3,-1
-0.174533,-0.173172,-0.025137,0.013743,-3,-1
-0.130900,-0.129541,-0.024688,0.006871,-2,-1
-0.130900,-0.129541,-0.024688,0.006871,-2,-1
-0.130900,-0.129541,-0.024688,0.006871,-2,-1
-0.130900,-0.129541,-0.024688,0.006871,-2,-1
-0.130900,-0.129541,-0.024688,0.006871,-2,-1
-0.130900,-0.129541,-0.024688,0.006871,-2,-1
-0.130900,-0.129541,-0.024688,0.006871,-2,-1
-0.130900,-0.129541,-0.024688,0.006871,-2,-1
-0.130900,-0.129541,-0.024688,0.006871,-2,-1
-0.130900,-0.129541,-0.024688,0.006871,-2,-1
-0.130900,-0.129541,-0.024688,0.006871,-2,-1
-0.130900,-0.129541,-0.024688,0.006871,-2,-1
-0.130900,-0.129541,-0.024688,0.006871,-2,-1
-0.130900,-0.129541,-0.024688,0.006871,-2,-1
-0.130900,-0.129541,-0.024688,0.006871,-2,-1
-0.130900,-0.129541,-0.024688,0.006871,-2,-1
-0.130900,-0.129541,-0.024688,0.006871,-2,-1
-0.130900,-0.129541,-0.024688,0.006871,-2,-1
-0.130900,-0.129541,-0.024688,0.006871,-2,-1
-0.174533,-0.173172,-0.025137,0.013743,-3,-1
-0.174533,-0.173172,-0.025137,0.013743,-3,-1
-0.174533,-0.173172,-0.025137,0.013743,-3,-1
-0.174533,-0.173172,-0.025137,0.013743,-3,-1
-0.174533,-0.173172,-0.025137,0.013743,-3,-1
-0.174533,-0.173172,-0.025137,0.013743,-3,-1
-0.174533,-0.173172,-0.025137,0.013743,-3,-1
-0.174533,-0.173172,-0.025137,0.013743,-3,-1
-0.174533,-0.173172,-0.025137,0.013743,-3,-1
-0.174533,-0.173172,-0.025137,0.013743,-3,-1
-0.174533,-0.173172,-0.025137,0.013743,-3,-1
-0.174533,-0.173172,-0.025137,0.013743,-3,-1
-0.174533,-0.173172,-0.025137,0.013743,-3,-1
-0.174533,-0.173172,-0.025137,0.013743,-3,-1
-0.174533,-0.173172,-0.025137,0.013743,-3,-1
-0.174533,-0.173172,-0.025137,0.013743,-3,-1
-0.174533,-0.173172,-0.025137,0.013743,-3,-1
-0.174533,-0.173172,-0.025137,0.013743,-3,-1
-0.174533,-0.173172,-0.025137,0.013743,-3,-1
-0.174533,-0.173172,-0.025137,0.013743,-3,-1
-0.174533,-0.173172,-0.025137,0.013743,-3,-1
-0.174533,-0.173172,-0.025137,0.013743,-3,-1
-0.174533,-0.173172,-0.025137,0.013743,-3,-1
-0.174533,-0.173172,-0.025137,0.013743,-3,-1
-0.174533,-0.173172,-0.025137,0.013743,-3,-1
-0.174533,-0.173172,-0.025137,0.013743,-3,-1
-0.174533,-0.173172,-0.025137,0.013743,-3,-1
-0.174533,-0.173172,-0.025137,0.013743,-3,-1
-0.174533,-0.173172,-0.025137,0.013743,-3,-1
-0.174533,-0.173172,-0.025137,0.013743,-3,-1
-0.174533,-0.173172,-0.025137,0.013743,-3,-1
-0.174533,-0.173172,-0.025137,0.013743,-3,-1
-0.174533,-0.173172,-0.025137,0.013743,-3,-1
-0.174533,-0.173172,-0.025137,0.013743,-3,-1
-0.174533,-0.173172,-0.025137,0.013743,-3,-1
-0.218166,-0.216803,-0.025587,0.006871,-3,-2
-0.174533,-0.173172,-0.025137,0.013743,-3,-1
-0.218166,-0.216799,-0.025887,0.020614,-4,-1
-0.261799,-0.260426,-0.026637,0.013743,-4,-2
-0.261799,-0.260426,-0.026637,0.027485,-5,-1
-0.261799,-0.260426,-0.026637,0.027485,-5,-1
-0.261799,-0.260426,-0.026637,0.027485,-5,-1
-0.261799,-0.260426,-0.026637,0.027485,-5,-1
-0.261799,-0.260426,-0.026637,0.027485,-5,-1
-0.261799,-0.260426,-0.026637,0.027485,-5,-1
-0.261799,-0.260426,-0.026637,0.027485,-5,-1
-0.305433,-0.304047,-0.027686,0.020614,-5,-2
-0.305433,-0.304047,-0.027686,0.020614,-5,-2
-0.305433,-0.304047,-0.027686,0.020614,-5,-2
-0.349066,-0.347667,-0.028735,0.027485,-6,-2
-0.349066,-0.347667,-0.028735,0.027485,-6,-2
-0.392699,-0.391280,-0.030084,0.034357,-7,-2
-0.392699,-0.391280,-0.030084,0.034357,-7,-2
-0.392699,-0.391280,-0.030084,0.034357,-7,-2
-0.349066,-0.347678,-0.028435,0.041228,-7,-1
-0.349066,-0.347678,-0.028435,0.041228,-7,-1
-0.349066,-0.347678,-0.028435,0.041228,-7,-1
-0.349066,-0.347678,-0.028435,0.041228,-7,-1
-0.349066,-0.347678,-0.028435,0.041228,-7,-1
-0.349066,-0.347678,-0.028435,0.041228,-7,-1
-0.349066,-0.347678,-0.028435,0.041228,-7,-1
-0.305433,-0.304088,-0.026487,0.048100,-7,0
-0.305433,-0.304088,-0.026487,0.048100,-7,0
-0.261799,-0.260512,-0.024240,0.054971,-7,1
-0.305433,-0.304088,-0.026487,0.048100,-7,0
-0.305433,-0.304088,-0.026487,0.048100,-7,0
-0.261799,-0.260512,-0.024240,0.054971,-7,1
-0.261799,-0.260512,-0.024240,0.054971,-7,1
-0.218166,-0.216954,-0.021693,0.061842,-7,2
-0.218166,-0.216954,-0.021693,0.061842,-7,2
-0.218166,-0.216954,-0.021693,0.061842,-7,2
-0.218166,-0.216954,-0.021693,0.061842,-7,2
-0.174533,-0.173413,-0.018846,0.068714,-7,3
-0.174533,-0.173413,-0.018846,0.068714,-7,3
-0.174533,-0.173413,-0.018846,0.068714,-7,3
-0.174533,-0.173413,-0.018846,0.068714,-7,3
-0.174533,-0.173413,-0.018846,0.068714,-7,3
-0.174533,-0.173413,-0.018846,0.068714,-7,3
-0.174533,-0.173413,-0.018846,0.068714,-7,3
-0.174533,-0.173413,-0.018846,0.068714,-7,3
-0.174533,-0.173413,-0.018846,0.068714,-7,3
-0.174533,-0.173413,-0.018846,0.068714,-7,3
-0.174533,-0.173413,-0.018846,0.068714,-7,3
-0.174533,-0.173413,-0.018846,0.068714,-7,3
-0.174533,-0.173413,-0.018846,0.068714,-7,3
-0.174533,-0.173413,-0.018846,0.068714,-7,3
-0.174533,-0.173413,-0.018846,0.068714,-7,3
-0.174533,-0.173413,-0.018846,0.068714,-7,3
-0.174533,-0.173413,-0.018846,0.068714,-7,3
-0.174533,-0.173413,-0.018846,0.068714,-7,3
-0.174533,-0.173413,-0.018846,0.068714,-7,3
-0.174533,-0.173413,-0.018846,0.068714,-7,3
-0.174533,-0.173413,-0.018846,0.068714,-7,3
-0.218166,-0.216933,-0.021992,0.075585,-8,3
-0.218166,-0.216933,-0.021992,0.075585,-8,3
-0.218166,-0.216933,-0.021992,0.075585,-8,3
-0.218166,-0.216933,-0.021992,0.075585,-8,3
-0.218166,-0.216933,-0.021992,0.075585,-8,3
-0.218166,-0.216933,-0.021992,0.075585,-8,3
-0.218166,-0.216933,-0.021992,0.075585,-8,3
-0.218166,-0.216933,-0.021992,0.075585,-8,3
-0.218166,-0.216933,-0.021992,0.075585,-8,3
-0.218166,-0.216933,-0.021992,0.075585,-8,3
-0.218166,-0.216933,-0.021992,0.075585,-8,3
-0.218166,-0.216933,-0.021992,0.075585,-8,3
-0.218166,-0.216933,-0.021992,0.075585,-8,3
-0.218166,-0.216933,-0.021992,0.075585,-8,3
-0.218166,-0.216933,-0.021992,0.075585,-8,3
-0.261799,-0.260453,-0.025137,0.068714,-8,2
-0.218166,-0.216933,-0.021992,0.075585,-8,3
-0.218166,-0.216933,-0.021992,0.075585,-8,3
-0.218166,-0.216933,-0.021992,0.075585,-8,3
-0.218166,-0.216933,-0.021992,0.075585,-8,3
-0.218166,-0.216933,-0.021992,0.075585,-8,3
-0.218166,-0.216933,-0.021992,0.075585,-8,3
-0.218166,-0.216933,-0.021992,0.075585,-8,3
-0.218166,-0.216933,-0.021992,0.075585,-8,3
-0.218166,-0.216933,-0.021992,0.075585,-8,3
-0.218166,-0.216933,-0.021992,0.075585,-8,3
-0.218166,-0.216933,-0.021992,0.075585,-8,3
-0.218166,-0.216933,-0.021992,0.075585,-8,3
-0.218166,-0.216933,-0.021992,0.075585,-8,3
-0.218166,-0.216933,-0.021992,0.075585,-8,3
-0.218166,-0.216933,-0.021992,0.075585,-8,3
-0.218166,-0.216933,-0.021992,0.075585,-8,3
-0.218166,-0.216933,-0.021992,0.075585,-8,3
-0.218166,-0.216933,-0.021992,0.075585,-8,3
-0.218166,-0.216933,-0.021992,0.075585,-8,3
-0.218166,-0.216933,-0.021992,0.075585,-8,3
-0.218166,-0.216933,-0.021992,0.075585,-8,3
-0.218166,-0.216933,-0.021992,0.075585,-8,3
-0.218166,-0.216933,-0.021992,0.075585,-8,3
-0.261799,-0.260453,-0.025137,0.068714,-8,2
-0.218166,-0.216933,-0.021992,0.075585,-8,3
-0.218166,-0.216933,-0.021992,0.075585,-8,3
-0.218166,-0.216933,-0.021992,0.075585,-8,3
-0.218166,-0.216933,-0.021992,0.075585,-8,3
-0.218166,-0.216933,-0.021992,0.075585,-8,3
-0.218166,-0.216933,-0.021992,0.075585,-8,3
-0.218166,-0.216933,-0.021992,0.075585,-8,3
-0.218166,-0.216933,-0.021992,0.075585,-8,3
-0.218166,-0.216933,-0.021992,0.075585,-8,3
-0.218166,-0.216933,-0.021992,0.075585,-8,3
-0.218166,-0.216933,-0.021992,0.075585,-8,3
-0.218166,-0.216933,-0.021992,0.075585,-8,3
-0.218166,-0.216933,-0.021992,0.075585,-8,3
-0.174533,-0.173413,-0.018846,0.068714,-7,3
-0.218166,-0.216933,-0.021992,0.075585,-8,3
-0.218166,-0.216933,-0.021992,0.075585,-8,3
-0.218166,-0.216933,-0.021992,0.075585,-8,3
-0.218166,-0.216933,-0.021992,0.075585,-8,3
-0.218166,-0.216933,-0.021992,0.075585,-8,3
-0.218166,-0.216933,-0.021992,0.075585,-8,3
-0.218166,-0.216933,-0.021992,0.075585,-8,3
-0.218166,-0.216933,-0.021992,0.075585,-8,3
-0.218166,-0.216933,-0.021992,0.075585,-8,3
-0.218166,-0.216933,-0.021992,0.075585,-8,3
-0.218166,-0.216933,-0.021992,0.075585,-8,3
-0.218166,-0.216933,-0.021992,0.075585,-8,3
-0.218166,-0.216933,-0.021992,0.075585,-8,3
-0.218166,-0.216933,-0.021992,0.075585,-8,3
-0.218166,-0.216933,-0.021992,0.075585,-8,3
-0.218166,-0.216933,-0.021992,0.075585,-8,3
-0.218166,-0.216933,-0.021992,0.075585,-8,3
-0.218166,-0.216933,-0.021992,0.075585,-8,3
-0.218166,-0.216933,-0.021992,0.075585,-8,3
-0.218166,-0.216933,-0.021992,0.075585,-8,3
-0.218166,-0.216933,-0.021992,0.075585,-8,3
-0.218166,-0.216933,-0.021992,0.075585,-8,3
-0.218166,-0.216933,-0.021992,0.075585,-8,3
-0.174533,-0.173436,-0.018547,0.082456,-8,4
-0.174533,-0.173436,-0.018547,0.082456,-8,4
-0.174533,-0.173436,-0.018547,0.082456,-8,4
-0.174533,-0.173436,-0.018547,0.082456,-8,4
-0.174533,-0.173436,-0.018547,0.082456,-8,4
-0.174533,-0.173436,-0.018547,0.082456,-8,4
-0.174533,-0.173436,-0.018547,0.082456,-8,4
-0.174533,-0.173436,-0.018547,0.082456,-8,4
-0.174533,-0.173436,-0.018547,0.082456,-8,4
-0.174533,-0.173436,-0.018547,0.082456,-8,4
-0.174533,-0.173436,-0.018547,0.082456,-8,4
-0.174533,-0.173436,-0.018547,0.082456,-8,4
-0.174533,-0.173436,-0.018547,0.082456,-8,4
-0.174533,-0.173436,-0.018547,0.082456,-8,4
-0.174533,-0.173436,-0.018547,0.082456,-8,4
-0.174533,-0.173436,-0.018547,0.082456,-8,4
-0.174533,-0.173436,-0.018547,0.082456,-8,4
-0.174533,-0.173436,-0.018547,0.082456,-8,4
-0.174533,-0.173436,-0.018547,0.082456,-8,4
-0.174533,-0.173436,-0.018547,0.082456,-8,4
-0.130900,-0.129939,-0.015103,0.075585,-7,4
-0.174533,-0.173436,-0.018547,0.082456,-8,4
-0.174533,-0.173436,-0.018547,0.082456,-8,4
-0.130900,-0.129939,-0.015103,0.075585,-7,4
-0.130900,-0.129939,-0.015103,0.075585,-7,4
-0.130900,-0.129939,-0.015103,0.075585,-7,4
-0.130900,-0.129939,-0.015103,0.075585,-7,4
-0.130900,-0.129939,-0.015103,0.075585,-7,4
-0.130900,-0.129939,-0.015103,0.075585,-7,4
-0.130900,-0.129939,-0.015103,0.075585,-7,4
-0.130900,-0.129939,-0.015103,0.075585,-7,4
-0.130900,-0.129939,-0.015103,0.075585,-7,4
-0.130900,-0.129939,-0.015103,0.075585,-7,4
-0.130900,-0.129939,-0.015103,0.075585,-7,4
-0.130900,-0.129939,-0.015103,0.075585,-7,4
-0.130900,-0.129939,-0.015103,0.075585,-7,4
-0.130900,-0.129939,-0.015103,0.075585,-7,4
-0.130900,-0.129939,-0.015103,0.075585,-7,4
-0.130900,-0.129939,-0.015103,0.075585,-7,4
-0.130900,-0.129939,-0.015103,0.075585,-7,4
-0.130900,-0.129939,-0.015103,0.075585,-7,4
-0.130900,-0.129939,-0.015103,0.075585,-7,4
-0.130900,-0.129939,-0.015103,0.075585,-7,4
-0.130900,-0.129939,-0.015103,0.075585,-7,4
-0.130900,-0.129939,-0.015103,0.075585,-7,4
-0.130900,-0.129939,-0.015103,0.075585,-7,4
-0.130900,-0.129939,-0.015103,0.075585,-7,4
-0.130900,-0.129939,-0.015103,0.075585,-7,4
-0.130900,-0.129939,-0.015103,0.075585,-7,4
-0.130900,-0.129939,-0.015103,0.075585,-7,4
-0.130900,-0.129939,-0.015103,0.075585,-7,4
-0.130900,-0.129939,-0.015103,0.075585,-7,4
-0.130900,-0.129939,-0.015103,0.075585,-7,4
-0.130900,-0.129939,-0.015103,0.075585,-7,4
-0.130900,-0.129939,-0.015103,0.075585,-7,4
-0.130900,-0.129939,-0.015103,0.075585,-7,4
-0.130900,-0.129939,-0.015103,0.075585,-7,4
-0.130900,-0.129939,-0.015103,0.075585,-7,4
-0.130900,-0.129939,-0.015103,0.075585,-7,4
-0.130900,-0.129939,-0.015103,0.075585,-7,4
-0.130900,-0.129939,-0.015103,0.075585,-7,4
-0.130900,-0.129939,-0.015103,0.075585,-7,4
-0.130900,-0.129939,-0.015103,0.075585,-7,4
-0.130900,-0.129939,-0.015103,0.075585,-7,4
-0.130900,-0.129939,-0.015103,0.075585,-7,4
-0.130900,-0.129939,-0.015103,0.075585,-7,4
-0.130900,-0.129939,-0.015103,0.075585,-7,4
-0.130900,-0.129939,-0.015103,0.075585,-7,4
-0.130900,-0.129939,-0.015103,0.075585,-7,4
-0.130900,-0.129939,-0.015103,0.075585,-7,4
-0.130900,-0.129939,-0.015103,0.075585,-7,4
-0.130900,-0.129939,-0.015103,0.075585,-7,4
-0.130900,-0.129939,-0.015103,0.075585,-7,4
-0.130900,-0.129939,-0.015103,0.075585,-7,4
-0.174533,-0.173436,-0.018547,0.082456,-8,4
-0.174533,-0.173436,-0.018547,0.082456,-8,4
-0.174533,-0.173436,-0.018547,0.082456,-8,4
-0.174533,-0.173436,-0.018547,0.082456,-8,4
-0.174533,-0.173436,-0.018547,0.082456,-8,4
-0.174533,-0.173436,-0.018547,0.082456,-8,4
-0.174533,-0.173436,-0.018547,0.082456,-8,4
-0.174533,-0.173436,-0.018547,0.082456,-8,4
-0.174533,-0.173436,-0.018547,0.082456,-8,4
-0.174533,-0.173436,-0.018547,0.082456,-8,4
-0.174533,-0.173436,-0.018547,0.082456,-8,4
-0.174533,-0.173436,-0.018547,0.082456,-8,4
-0.174533,-0.173436,-0.018547,0.082456,-8,4
-0.174533,-0.173436,-0.018547,0.082456,-8,4
-0.174533,-0.173436,-0.018547,0.082456,-8,4
-0.174533,-0.173436,-0.018547,0.082456,-8,4
-0.174533,-0.173436,-0.018547,0.082456,-8,4
-0.218166,-0.216908,-0.022290,0.089328,-9,4
-0.218166,-0.216908,-0.022290,0.089328,-9,4
-0.218166,-0.216908,-0.022290,0.089328,-9,4
-0.218166,-0.216908,-0.022290,0.089328,-9,4
-0.218166,-0.216908,-0.022290,0.089328,-9,4
-0.218166,-0.216908,-0.022290,0.089328,-9,4
-0.218166,-0.216908,-0.022290,0.089328,-9,4
-0.218166,-0.216908,-0.022290,0.089328,-9,4
-0.218166,-0.216908,-0.022290,0.089328,-9,4
-0.218166,-0.216908,-0.022290,0.089328,-9,4
-0.218166,-0.216908,-0.022290,0.089328,-9,4
-0.218166,-0.216908,-0.022290,0.089328,-9,4
-0.218166,-0.216908,-0.022290,0.089328,-9,4
-0.218166,-0.216908,-0.022290,0.089328,-9,4
-0.218166,-0.216908,-0.022290,0.089328,-9,4
-0.218166,-0.216908,-0.022290,0.089328,-9,4
-0.218166,-0.216908,-0.022290,0.089328,-9,4
-0.218166,-0.216908,-0.022290,0.089328,-9,4
-0.218166,-0.216908,-0.022290,0.089328,-9,4
-0.218166,-0.216908,-0.022290,0.089328,-9,4
-0.218166,-0.216908,-0.022290,0.089328,-9,4
-0.218166,-0.216908,-0.022290,0.089328,-9,4
-0.218166,-0.216908,-0.022290,0.089328,-9,4
-0.218166,-0.216908,-0.022290,0.089328,-9,4
-0.218166,-0.216908,-0.022290,0.089328,-9,4
-0.218166,-0.216908,-0.022290,0.089328,-9,4
-0.218166,-0.216908,-0.022290,0.089328,-9,4
-0.218166,-0.216908,-0.022290,0.089328,-9,4
-0.218166,-0.216908,-0.022290,0.089328,-9,4
-0.218166,-0.216908,-0.022290,0.089328,-9,4
-0.218166,-0.216908,-0.022290,0.089328,-9,4
-0.218166,-0.216908,-0.022290,0.089328,-9,4
-0.174533,-0.173463,-0.018249,0.096199,-9,5
-0.174533,-0.173463,-0.018249,0.096199,-9,5
-0.218166,-0.216908,-0.022290,0.089328,-9,4
-0.174533,-0.173463,-0.018249,0.096199,-9,5
-0.174533,-0.173463,-0.018249,0.096199,-9,5
-0.174533,-0.173463,-0.018249,0.096199,-9,5
-0.174533,-0.173463,-0.018249,0.096199,-9,5
-0.174533,-0.173463,-0.018249,0.096199,-9,5
-0.218166,-0.216880,-0.022589,0.103071,-10,5
-0.218166,-0.216880,-0.022589,0.103071,-10,5
-0.218166,-0.216880,-0.022589,0.103071,-10,5
-0.174533,-0.173463,-0.018249,0.096199,-9,5
-0.174533,-0.173463,-0.018249,0.096199,-9,5
-0.174533,-0.173463,-0.018249,0.096199,-9,5
-0.174533,-0.173463,-0.018249,0.096199,-9,5
-0.174533,-0.173463,-0.018249,0.096199,-9,5
-0.174533,-0.173463,-0.018249,0.096199,-9,5
-0.174533,-0.173463,-0.018249,0.096199,-9,5
-0.174533,-0.173463,-0.018249,0.096199,-9,5
-0.174533,-0.173463,-0.018249,0.096199,-9,5
-0.174533,-0.173463,-0.018249,0.096199,-9,5
-0.218166,-0.216880,-0.022589,0.103071,-10,5
-0.218166,-0.216880,-0.022589,0.103071,-10,5
-0.174533,-0.173463,-0.018249,0.096199,-9,5
-0.218166,-0.216880,-0.022589,0.103071,-10,5
-0.218166,-0.216880,-0.022589,0.103071,-10,5
-0.218166,-0.216880,-0.022589,0.103071,-10,5
-0.261799,-0.260296,-0.026929,0.096199,-10,4
-0.218166,-0.216851,-0.022887,0.089328,-9,4
-0.218166,-0.216851,-0.022887,0.089328,-9,4
-0.218166,-0.216851,-0.022887,0.103071,-10,5
-0.218166,-0.216851,-0.022887,0.103071,-10,5
-0.218166,-0.216851,-0.022887,0.103071,-10,5
-0.218166,-0.216851,-0.022887,0.103071,-10,5
-0.261799,-0.260237,-0.027526,0.109942,-11,5
-0.261799,-0.260237,-0.027526,0.109942,-11,5
-0.305433,-0.303623,-0.032164,0.103071,-11,4
-0.305433,-0.303623,-0.032164,0.103071,-11,4
-0.305433,-0.303623,-0.032164,0.103071,-11,4
-0.305433,-0.303623,-0.032164,0.103071,-11,4
-0.305433,-0.303623,-0.032164,0.103071,-11,4
-0.305433,-0.303623,-0.032164,0.103071,-11,4
-0.305433,-0.303623,-0.032164,0.103071,-11,4
-0.305433,-0.303623,-0.032164,0.103071,-11,4
-0.305433,-0.303623,-0.032164,0.103071,-11,4
-0.305433,-0.303623,-0.032164,0.103071,-11,4
-0.305433,-0.303623,-0.032164,0.103071,-11,4
-0.305433,-0.303623,-0.032164,0.103071,-11,4
-0.305433,-0.303623,-0.032164,0.103071,-11,4
-0.261799,-0.260206,-0.027824,0.096199,-10,4
-0.261799,-0.260206,-0.027824,0.096199,-10,4
-0.261799,-0.260206,-0.027824,0.096199,-10,4
-0.261799,-0.260206,-0.027824,0.096199,-10,4
-0.218166,-0.216789,-0.023484,0.103071,-10,5
-0.218166,-0.216789,-0.023484,0.103071,-10,5
-0.218166,-0.216789,-0.023484,0.103071,-10,5
-0.261799,-0.260206,-0.027824,0.096199,-10,4
-0.218166,-0.216789,-0.023484,0.103071,-10,5
-0.305433,-0.303592,-0.032462,0.103071,-11,4
-0.305433,-0.303592,-0.032462,0.103071,-11,4
-0.349066,-0.347009,-0.036803,0.096199,-11,3
-0.349066,-0.347009,-0.036803,0.096199,-11,3
-0.305433,-0.303564,-0.032761,0.089328,-10,3
-0.305433,-0.303564,-0.032761,0.089328,-10,3
-0.261799,-0.260044,-0.029616,0.054971,-7,1
-0.261799,-0.260044,-0.029616,0.041228,-6,0
-0.218166,-0.216442,-0.027967,0.034357,-5,0
-0.130900,-0.129227,-0.024969,0.034357,-4,1
-0.087266,-0.085614,-0.023620,0.027485,-3,1
-0.043633,-0.041994,-0.022571,0.020614,-2,1
0.043633,0.045254,-0.020772,0.020614,-1,2
0.087266,0.088875,-0.019723,0.027485,-1,3
0.130900,0.132495,-0.018674,0.020614,0,3
0.174533,0.176116,-0.017624,0.027485,0,4
0.174533,0.176116,-0.017624,0.027485,0,4
0.218166,0.219728,-0.016275,0.034357,0,5
0.218166,0.219728,-0.016275,0.034357,0,5
0.218166,0.219728,-0.016275,0.034357,0,5
0.261799,0.263330,-0.014627,0.041228,0,6
0.261799,0.263330,-0.014627,0.041228,0,6
0.305433,0.306920,-0.012679,0.048100,0,7
0.305433,0.306920,-0.012679,0.048100,0,7
0.305433,0.306920,-0.012679,0.048100,0,7
0.305433,0.306920,-0.012679,0.048100,0,7
0.261799,0.263345,-0.014926,0.054971,-1,7
0.261799,0.263345,-0.014926,0.054971,-1,7
0.305433,0.306920,-0.012679,0.048100,0,7
0.218166,0.219755,-0.016875,0.048100,-1,6
0.218166,0.219755,-0.016875,0.048100,-1,6
0.218166,0.219755,-0.016875,0.048100,-1,6
0.218166,0.219755,-0.016875,0.048100,-1,6
0.218166,0.219755,-0.016875,0.048100,-1,6
0.218166,0.219755,-0.016875,0.048100,-1,6
0.218166,0.219755,-0.016875,0.048100,-1,6
0.218166,0.219755,-0.016875,0.048100,-1,6
0.218166,0.219755,-0.016875,0.048100,-1,6
0.218166,0.219755,-0.016875,0.048100,-1,6
0.261799,0.263330,-0.014627,0.054971,-1,7
0.261799,0.263330,-0.014627,0.054971,-1,7
0.261799,0.263330,-0.014627,0.054971,-1,7
0.261799,0.263330,-0.014627,0.054971,-1,7
0.305433,0.306889,-0.012080,0.061842,-1,8
0.305433,0.306889,-0.012080,0.061842,-1,8
0.305433,0.306889,-0.012080,0.061842,-1,8
0.305433,0.306889,-0.012080,0.061842,-1,8
0.305433,0.306889,-0.012080,0.061842,-1,8
0.305433,0.306889,-0.012080,0.061842,-1,8
0.349066,0.350429,-0.009234,0.068714,-1,9
0.392699,0.393969,-0.006387,0.061842,0,9
0.392699,0.393969,-0.006387,0.061842,0,9
0.436332,0.437510,-0.003541,0.068714,0,10
0.392699,0.393990,-0.006686,0.075585,-1,10
0.436332,0.437510,-0.003541,0.068714,0,10
0.436332,0.437510,-0.003541,0.068714,0,10
0.436332,0.437510,-0.003541,0.068714,0,10
0.436332,0.437510,-0.003541,0.068714,0,10
0.436332,0.437510,-0.003541,0.068714,0,10
0.349066,0.350449,-0.009533,0.068714,-1,9
0.392699,0.393989,-0.006686,0.061842,0,9
0.392699,0.393989,-0.006686,0.061842,0,9
0.392699,0.393989,-0.006686,0.061842,0,9
0.392699,0.393989,-0.006686,0.061842,0,9
0.349066,0.350449,-0.009533,0.068714,-1,9
0.349066,0.350449,-0.009533,0.068714,-1,9
0.392699,0.393989,-0.006686,0.061842,0,9
0.349066,0.350449,-0.009533,0.068714,-1,9
0.349066,0.350449,-0.009533,0.068714,-1,9
0.392699,0.393989,-0.006686,0.061842,0,9
0.392699,0.393989,-0.006686,0.061842,0,9
0.305433,0.306890,-0.012080,0.061842,-1,8
0.349066,0.350448,-0.009533,0.054971,0,8
0.305433,0.306890,-0.012080,0.061842,-1,8
0.349066,0.350448,-0.009533,0.054971,0,8
0.305433,0.306890,-0.012080,0.061842,-1,8
0.349066,0.350448,-0.009533,0.054971,0,8
0.349066,0.350448,-0.009533,0.054971,0,8
0.349066,0.350448,-0.009533,0.054971,0,8
0.305433,0.306873,-0.011780,0.048100,0,7
0.349066,0.350448,-0.009533,0.054971,0,8
0.305433,0.306873,-0.011780,0.048100,0,7
0.305433,0.306873,-0.011780,0.048100,0,7
0.305433,0.306873,-0.011780,0.048100,0,7
0.305433,0.306873,-0.011780,0.048100,0,7
0.305433,0.306873,-0.011780,0.048100,0,7
0.261799,0.263298,-0.014028,0.054971,-1,7
0.261799,0.263298,-0.014028,0.054971,-1,7
0.261799,0.263298,-0.014028,0.054971,-1,7
0.261799,0.263298,-0.014028,0.054971,-1,7
0.261799,0.263298,-0.014028,0.054971,-1,7
0.261799,0.263298,-0.014028,0.054971,-1,7
0.261799,0.263298,-0.014028,0.054971,-1,7
0.261799,0.263298,-0.014028,0.054971,-1,7
0.174533,0.176163,-0.018823,0.054971,-2,6
0.218166,0.219739,-0.016575,0.048100,-1,6
0.218166,0.219739,-0.016575,0.048100,-1,6
0.174533,0.176163,-0.018823,0.054971,-2,6
0.174533,0.176163,-0.018823,0.054971,-2,6
0.174533,0.176163,-0.018823,0.054971,-2,6
0.218166,0.219722,-0.016276,0.061842,-2,7
0.261799,0.263262,-0.013429,0.068714,-2,8
0.305433,0.306782,-0.010284,0.075585,-2,9
0.349066,0.350279,-0.006840,0.082456,-2,10
0.349066,0.350279,-0.006840,0.082456,-2,10
0.392699,0.393752,-0.003097,0.089328,-2,11
0.392699,0.393752,-0.003097,0.089328,-2,11
0.436332,0.437197,0.000945,0.096199,-2,12
0.479966,0.480614,0.005285,0.103071,-2,13
0.479966,0.480614,0.005285,0.103071,-2,13
0.523599,0.524000,0.009924,0.109942,-2,14
0.567232,0.567353,0.014860,0.116813,-2,15
0.610865,0.610671,0.020094,0.123685,-2,16
0.654498,0.653952,0.025626,0.130556,-2,17
0.610865,0.610710,0.019797,0.137427,-3,17
0.523599,0.524351,0.007248,0.151170,-5,17
0.436332,0.438172,-0.006486,0.164913,-7,17
0.436332,0.438172,-0.006486,0.164913,-7,17
0.349066,0.352089,-0.020812,0.164913,-8,16
0.261799,0.266007,-0.035138,0.164913,-9,15
0.218166,0.222941,-0.042154,0.158042,-9,14
0.174533,0.179829,-0.048873,0.151170,-9,13
0.087266,0.093469,-0.061422,0.137427,-9,11
0.087266,0.093469,-0.061422,0.137427,-9,11
0.043633,0.050227,-0.067251,0.130556,-9,10
0.043633,0.050227,-0.067251,0.130556,-9,10
0.087266,0.093508,-0.061719,0.123685,-8,10
0.043633,0.050190,-0.066953,0.116813,-8,9
0.043633,0.050190,-0.066953,0.116813,-8,9
0.087266,0.093543,-0.062017,0.109942,-7,9
0.087266,0.093543,-0.062017,0.109942,-7,9
0.087266,0.093543,-0.062017,0.109942,-7,9
0.087266,0.093543,-0.062017,0.096199,-6,8
-0.043633,-0.036708,-0.075037,0.103071,-8,7
0.000000,0.006709,-0.070697,0.096199,-7,7
0.000000,0.006709,-0.070697,0.096199,-7,7
0.000000,0.006709,-0.070697,0.096199,-7,7
0.000000,0.006709,-0.070697,0.096199,-7,7
0.000000,0.006709,-0.070697,0.096199,-7,7
0.000000,0.006709,-0.070697,0.096199,-7,7
0.000000,0.006709,-0.070697,0.096199,-7,7
-0.043633,-0.036736,-0.074739,0.089328,-7,6
0.000000,0.006736,-0.070996,0.082456,-6,6
0.000000,0.006736,-0.070996,0.082456,-6,6
0.043633,0.050208,-0.067252,0.089328,-6,7
0.000000,0.006736,-0.070996,0.082456,-6,6
0.000000,0.006736,-0.070996,0.082456,-6,6
0.000000,0.006736,-0.070996,0.082456,-6,6
0.000000,0.006736,-0.070996,0.082456,-6,6
0.000000,0.006736,-0.070996,0.082456,-6,6
-0.043633,-0.036761,-0.074440,0.075585,-6,5
-0.130900,-0.123822,-0.080432,0.061842,-6,3
-0.218166,-0.210956,-0.085226,0.048100,-6,1
-0.261799,-0.254558,-0.086875,0.027485,-5,-1
-0.392699,-0.385439,-0.089124,0.006871,-5,-4
-0.436332,-0.429072,-0.088974,-0.013743,-4,-6
-0.479966,-0.472698,-0.088224,-0.020614,-4,-7
-0.479966,-0.472698,-0.088224,-0.020614,-4,-7
-0.479966,-0.472698,-0.088224,-0.034357,-3,-8
-0.523599,-0.516300,-0.086575,-0.041228,-3,-9
-0.523599,-0.516300,-0.086575,-0.041228,-3,-9
-0.523599,-0.516300,-0.086575,-0.041228,-3,-9
-0.523599,-0.516300,-0.086575,-0.041228,-3,-9
-0.523599,-0.516300,-0.086575,-0.041228,-3,-9
-0.567232,-0.559890,-0.084627,-0.048100,-3,-10
-0.479966,-0.472725,-0.088823,-0.048100,-2,-9
-0.479966,-0.472725,-0.088823,-0.048100,-2,-9
-0.436332,-0.429135,-0.090771,-0.041228,-2,-8
-0.392699,-0.385533,-0.092420,-0.034357,-2,-7
-0.392699,-0.385533,-0.092420,-0.034357,-2,-7
-0.349066,-0.341921,-0.093769,-0.027486,-2,-6
-0.436332,-0.429135,-0.090771,-0.041228,-2,-8
-0.392699,-0.385546,-0.092720,-0.048100,-1,-8
-0.392699,-0.385546,-0.092720,-0.048100,-1,-8
-0.392699,-0.385546,-0.092720,-0.048100,-1,-8
-0.392699,-0.385546,-0.092720,-0.048100,-1,-8
-0.436332,-0.429121,-0.090472,-0.054971,-1,-9
-0.436332,-0.429121,-0.090472,-0.054971,-1,-9
-0.523599,-0.516256,-0.085677,-0.054971,-2,-10
-0.523599,-0.516256,-0.085677,-0.054971,-2,-10
-0.567232,-0.559815,-0.083130,-0.061842,-2,-11
-0.567232,-0.559815,-0.083130,-0.061842,-2,-11
-0.567232,-0.559815,-0.083130,-0.061842,-2,-11
-0.523599,-0.516274,-0.085976,-0.068714,-1,-11
-0.523599,-0.516274,-0.085976,-0.068714,-1,-11
-0.523599,-0.516274,-0.085976,-0.068714,-1,-11
-0.479966,-0.472734,-0.088823,-0.061842,-1,-10
-0.479966,-0.472734,-0.088823,-0.061842,-1,-10
-0.479966,-0.472734,-0.088823,-0.061842,-1,-10
-0.479966,-0.472734,-0.088823,-0.061842,-1,-10
-0.436332,-0.429175,-0.091370,-0.054971,-1,-9
-0.436332,-0.429175,-0.091370,-0.054971,-1,-9
-0.436332,-0.429175,-0.091370,-0.054971,-1,-9
-0.436332,-0.429175,-0.091370,-0.054971,-1,-9
-0.436332,-0.429175,-0.091370,-0.054971,-1,-9
-0.436332,-0.429175,-0.091370,-0.054971,-1,-9
-0.436332,-0.429175,-0.091370,-0.054971,-1,-9
-0.392699,-0.385600,-0.093617,-0.048100,-1,-8
-0.392699,-0.385600,-0.093617,-0.048100,-1,-8
-0.392699,-0.385600,-0.093617,-0.048100,-1,-8
-0.436332,-0.429190,-0.091669,-0.041228,-2,-8
-0.436332,-0.429190,-0.091669,-0.041228,-2,-8
-0.479966,-0.472792,-0.090021,-0.034357,-3,-8
-0.479966,-0.472792,-0.090021,-0.034357,-3,-8
-0.523599,-0.516394,-0.088372,-0.041228,-3,-9
-0.523599,-0.516394,-0.088372,-0.041228,-3,-9
-0.523599,-0.516394,-0.088372,-0.041228,-3,-9
-0.523599,-0.516394,-0.088372,-0.041228,-3,-9
-0.479966,-0.472804,-0.090320,-0.048100,-2,-9
-0.436332,-0.429229,-0.092568,-0.054971,-1,-9
-0.436332,-0.429229,-0.092568,-0.041228,-2,-8
-0.523599,-0.516444,-0.089570,-0.027486,-4,-8
-0.567232,-0.560064,-0.088521,-0.020614,-5,-8
-0.610865,-0.603695,-0.088071,-0.000000,-7,-7
-0.610865,-0.603695,-0.088071,-0.000000,-7,-7
-0.610865,-0.603695,-0.088071,-0.000000,-7,-7
-0.567232,-0.560062,-0.088221,-0.006871,-6,-7
-0.610865,-0.603695,-0.088071,-0.000000,-7,-7
-0.523599,-0.516429,-0.088071,-0.000000,-6,-6
-0.523599,-0.516429,-0.088071,-0.000000,-6,-6
-0.567232,-0.560062,-0.088221,0.006871,-7,-6
-0.567232,-0.560062,-0.088221,0.006871,-7,-6
-0.567232,-0.560062,-0.088221,0.006871,-7,-6
-0.567232,-0.560062,-0.088221,0.006871,-7,-6
-0.654498,-0.647320,-0.089420,0.020614,-9,-6
-0.610865,-0.603693,-0.088671,0.013743,-8,-6
-0.567232,-0.560062,-0.088221,0.006871,-7,-6
-0.567232,-0.560062,-0.088221,0.006871,-7,-6
-0.523599,-0.516429,-0.088071,-0.000000,-6,-6
-0.479966,-0.472796,-0.088221,-0.006871,-5,-6
-0.479966,-0.472796,-0.088221,-0.006871,-5,-6
-0.479966,-0.472796,-0.088221,-0.006871,-5,-6
-0.436332,-0.429165,-0.088671,-0.013743,-4,-6
-0.436332,-0.429165,-0.088671,-0.013743,-4,-6
-0.436332,-0.429165,-0.088671,-0.013743,-4,-6
-0.436332,-0.429165,-0.088671,-0.013743,-4,-6
-0.436332,-0.429165,-0.088671,-0.013743,-4,-6
-0.392699,-0.385539,-0.089420,-0.020614,-3,-6
-0.349066,-0.341912,-0.090170,-0.013743,-3,-5
-0.349066,-0.341912,-0.090170,-0.013743,-3,-5
-0.392699,-0.385539,-0.089420,-0.020614,-3,-6
-0.392699,-0.385539,-0.089420,-0.020614,-3,-6
-0.305433,-0.298291,-0.091219,-0.020614,-2,-5
-0.392699,-0.385539,-0.089420,-0.020614,-3,-6
-0.392699,-0.385539,-0.089420,-0.020614,-3,-6
-0.392699,-0.385539,-0.089420,-0.020614,-3,-6
-0.392699,-0.385539,-0.089420,-0.020614,-3,-6
-0.392699,-0.385539,-0.089420,-0.020614,-3,-6
-0.392699,-0.385539,-0.089420,-0.020614,-3,-6
-0.392699,-0.385539,-0.089420,-0.020614,-3,-6
-0.392699,-0.385539,-0.089420,-0.020614,-3,-6
-0.392699,-0.385539,-0.089420,-0.020614,-3,-6
-0.392699,-0.385539,-0.089420,-0.020614,-3,-6
-0.392699,-0.385539,-0.089420,-0.020614,-3,-6
-0.392699,-0.385539,-0.089420,-0.020614,-3,-6
-0.392699,-0.385539,-0.089420,-0.020614,-3,-6
-0.392699,-0.385539,-0.089420,-0.020614,-3,-6
-0.392699,-0.385539,-0.089420,-0.020614,-3,-6
-0.392699,-0.385539,-0.089420,-0.020614,-3,-6
-0.392699,-0.385539,-0.089420,-0.020614,-3,-6
-0.392699,-0.385539,-0.089420,-0.020614,-3,-6
-0.392699,-0.385539,-0.089420,-0.020614,-3,-6
-0.392699,-0.385539,-0.089420,-0.020614,-3,-6
-0.392699,-0.385539,-0.089420,-0.020614,-3,-6
-0.392699,-0.385539,-0.089420,-0.020614,-3,-6
-0.392699,-0.385539,-0.089420,-0.020614,-3,-6
-0.392699,-0.385539,-0.089420,-0.020614,-3,-6
-0.392699,-0.385539,-0.089420,-0.020614,-3,-6
-0.392699,-0.385539,-0.089420,-0.020614,-3,-6
-0.392699,-0.385539,-0.089420,-0.020614,-3,-6
-0.392699,-0.385539,-0.089420,-0.020614,-3,-6
-0.392699,-0.385539,-0.089420,-0.020614,-3,-6
-0.392699,-0.385539,-0.089420,-0.020614,-3,-6
-0.392699,-0.385539,-0.089420,-0.020614,-3,-6
-0.392699,-0.385539,-0.089420,-0.020614,-3,-6
-0.436332,-0.429165,-0.088671,-0.013743,-4,-6
-0.436332,-0.429165,-0.088671,-0.013743,-4,-6
-0.436332,-0.429165,-0.088671,-0.013743,-4,-6
-0.436332,-0.429165,-0.088671,-0.013743,-4,-6
-0.436332,-0.429165,-0.088671,-0.013743,-4,-6
-0.436332,-0.429165,-0.088671,-0.013743,-4,-6
-0.436332,-0.429165,-0.088671,-0.013743,-4,-6
-0.436332,-0.429165,-0.088671,-0.013743,-4,-6
-0.436332,-0.429165,-0.088671,-0.013743,-4,-6
-0.436332,-0.429165,-0.088671,-0.013743,-4,-6
-0.436332,-0.429165,-0.088671,-0.013743,-4,-6
-0.436332,-0.429165,-0.088671,-0.013743,-4,-6
-0.436332,-0.429165,-0.088671,-0.013743,-4,-6
-0.436332,-0.429165,-0.088671,-0.013743,-4,-6
-0.436332,-0.429165,-0.088671,-0.013743,-4,-6
-0.392699,-0.385539,-0.089420,-0.020614,-3,-6
-0.392699,-0.385539,-0.089420,-0.020614,-3,-6
-0.392699,-0.385539,-0.089420,-0.020614,-3,-6
-0.392699,-0.385539,-0.089420,-0.020614,-3,-6
-0.392699,-0.385539,-0.089420,-0.020614,-3,-6
-0.392699,-0.385539,-0.089420,-0.020614,-3,-6
-0.392699,-0.385539,-0.089420,-0.020614,-3,-6
-0.392699,-0.385539,-0.089420,-0.020614,-3,-6
-0.436332,-0.429159,-0.088371,-0.027486,-3,-7
-0.479966,-0.472780,-0.087322,-0.020614,-4,-7
-0.479966,-0.472780,-0.087322,-0.020614,-4,-7
-0.436332,-0.429153,-0.088071,-0.013743,-4,-6
-0.436332,-0.429153,-0.088071,-0.013743,-4,-6
-0.479966,-0.472780,-0.087322,-0.020614,-4,-7
-0.436332,-0.429153,-0.088071,-0.013743,-4,-6
-0.479966,-0.472780,-0.087322,-0.020614,-4,-7
-0.436332,-0.429153,-0.088071,-0.013743,-4,-6
-0.479966,-0.472780,-0.087322,-0.020614,-4,-7
-0.479966,-0.472780,-0.087322,-0.020614,-4,-7
-0.479966,-0.472780,-0.087322,-0.020614,-4,-7
-0.479966,-0.472780,-0.087322,-0.020614,-4,-7
-0.479966,-0.472780,-0.087322,-0.020614,-4,-7
-0.436332,-0.429159,-0.088371,-0.027486,-3,-7
-0.436332,-0.429159,-0.088371,-0.027486,-3,-7
-0.392699,-0.385539,-0.089420,-0.020614,-3,-6
-0.349066,-0.341918,-0.090470,-0.027486,-2,-6
-0.305433,-0.298306,-0.091819,-0.034357,-1,-6
-0.305433,-0.298306,-0.091819,-0.034357,-1,-6
-0.305433,-0.298306,-0.091819,-0.034357,-1,-6
-0.305433,-0.298306,-0.091819,-0.020614,-2,-5
-0.349066,-0.341932,-0.091069,-0.013743,-3,-5
-0.392699,-0.385563,-0.090619,-0.006871,-4,-5
-0.436332,-0.429196,-0.090469,-0.000000,-5,-5
-0.523599,-0.516463,-0.090469,-0.000000,-6,-6
-0.567232,-0.560096,-0.090619,0.006871,-7,-6
-0.479966,-0.472831,-0.090020,0.006871,-6,-5
-0.436332,-0.429200,-0.089570,0.013743,-6,-4
-0.392699,-0.385574,-0.088820,0.020614,-6,-3
-0.392699,-0.385574,-0.088820,0.048100,-8,-1
-0.305433,-0.298439,-0.084026,0.061842,-8,1
-0.261799,-0.254899,-0.081179,0.068714,-8,2
-0.218166,-0.211379,-0.078034,0.075585,-8,3
-0.305433,-0.298479,-0.083427,0.048100,-7,0
-0.392699,-0.385693,-0.086425,0.020614,-6,-3
-0.436332,-0.429320,-0.087175,0.013743,-6,-4
-0.436332,-0.429320,-0.087175,0.013743,-6,-4
-0.349066,-0.342062,-0.085975,0.013743,-5,-3
-0.392699,-0.385693,-0.086425,0.006871,-5,-4
-0.436332,-0.429326,-0.086575,-0.000000,-5,-5
-0.479966,-0.472959,-0.086425,-0.006871,-5,-6
-0.479966,-0.472959,-0.086425,-0.006871,-5,-6
-0.479966,-0.472959,-0.086425,-0.006871,-5,-6
-0.523599,-0.516590,-0.085975,-0.013743,-5,-7
-0.479966,-0.472963,-0.086725,-0.020614,-4,-7
-0.567232,-0.560211,-0.084926,-0.020614,-5,-8
-0.567232,-0.560211,-0.084926,-0.034357,-4,-9
-0.610865,-0.603813,-0.083277,-0.041228,-4,-10
-0.654498,-0.647403,-0.081329,-0.048100,-4,-11
-0.698132,-0.690978,-0.079082,-0.054971,-4,-12
-0.698132,-0.690978,-0.079082,-0.054971,-4,-12
-0.654498,-0.647419,-0.081629,-0.061842,-3,-12
-0.610865,-0.603860,-0.084176,-0.054971,-3,-11
-0.567232,-0.560271,-0.086124,-0.034357,-4,-9
-0.567232,-0.560271,-0.086124,-0.034357,-4,-9
-0.610865,-0.603883,-0.084775,-0.027486,-5,-9
-0.654498,-0.647495,-0.083426,-0.034357,-5,-10
-0.654498,-0.647495,-0.083426,-0.034357,-5,-10
-0.698132,-0.691097,-0.081777,-0.041228,-5,-11
-0.741765,-0.734700,-0.080129,-0.034357,-6,-11
-0.741765,-0.734700,-0.080129,-0.034357,-6,-11
-0.785398,-0.778312,-0.078780,-0.027486,-7,-11
-0.785398,-0.778312,-0.078780,-0.027486,-7,-11
-0.829031,-0.821933,-0.077730,-0.020614,-8,-11
-0.785398,-0.778306,-0.078480,-0.013743,-8,-10
-0.829031,-0.821937,-0.078030,-0.006871,-9,-10
-0.829031,-0.821937,-0.078030,-0.006871,-9,-10
-0.829031,-0.821937,-0.078030,-0.006871,-9,-10
-0.872665,-0.865568,-0.077580,-0.013743,-9,-11
-0.872665,-0.865568,-0.077580,-0.013743,-9,-11
-0.872665,-0.865568,-0.077580,-0.013743,-9,-11
-0.872665,-0.865568,-0.077580,-0.013743,-9,-11
-0.872665,-0.865568,-0.077580,-0.013743,-9,-11
-0.872665,-0.865568,-0.077580,-0.013743,-9,-11
-0.872665,-0.865568,-0.077580,-0.013743,-9,-11
-0.829031,-0.821937,-0.078030,-0.006871,-9,-10
-0.829031,-0.821937,-0.078030,-0.006871,-9,-10
-0.829031,-0.821937,-0.078030,-0.006871,-9,-10
-0.829031,-0.821937,-0.078030,-0.006871,-9,-10
-0.829031,-0.821937,-0.078030,-0.006871,-9,-10
-0.872665,-0.865568,-0.077580,-0.013743,-9,-11
-0.872665,-0.865568,-0.077580,-0.013743,-9,-11
-0.872665,-0.865568,-0.077580,-0.013743,-9,-11
-0.872665,-0.865568,-0.077580,-0.013743,-9,-11
-0.872665,-0.865568,-0.077580,-0.013743,-9,-11
-0.872665,-0.865568,-0.077580,-0.013743,-9,-11
-0.829031,-0.821937,-0.078030,-0.006871,-9,-10
-0.872665,-0.865568,-0.077580,-0.013743,-9,-11
-0.872665,-0.865568,-0.077580,-0.013743,-9,-11
-0.872665,-0.865568,-0.077580,-0.013743,-9,-11
-0.872665,-0.865568,-0.077580,-0.013743,-9,-11
-0.872665,-0.865568,-0.077580,-0.013743,-9,-11
-0.872665,-0.865568,-0.077580,-0.013743,-9,-11
-0.829031,-0.821941,-0.078330,-0.020614,-8,-11
-0.872665,-0.865568,-0.077580,-0.013743,-9,-11
-0.785398,-0.778309,-0.078780,-0.013743,-8,-10
-0.829031,-0.821940,-0.078330,-0.006871,-9,-10
-0.785398,-0.778309,-0.078780,-0.013743,-8,-10
-0.785398,-0.778309,-0.078780,-0.013743,-8,-10
-0.785398,-0.778309,-0.078780,-0.013743,-8,-10
-0.785398,-0.778309,-0.078780,-0.013743,-8,-10
-0.829031,-0.821940,-0.078330,-0.006871,-9,-10
-0.785398,-0.778309,-0.078780,-0.013743,-8,-10
-0.785398,-0.778309,-0.078780,-0.013743,-8,-10
-0.785398,-0.778309,-0.078780,-0.013743,-8,-10
-0.785398,-0.778309,-0.078780,-0.013743,-8,-10
-0.785398,-0.778309,-0.078780,-0.013743,-8,-10
-0.785398,-0.778309,-0.078780,-0.013743,-8,-10
-0.785398,-0.778309,-0.078780,-0.013743,-8,-10
-0.785398,-0.778309,-0.078780,-0.013743,-8,-10
-0.785398,-0.778309,-0.078780,-0.013743,-8,-10
-0.829031,-0.821940,-0.078330,-0.006871,-9,-10
-0.829031,-0.821940,-0.078330,-0.006871,-9,-10
-0.829031,-0.821940,-0.078330,-0.006871,-9,-10
-0.829031,-0.821940,-0.078330,-0.006871,-9,-10
-0.829031,-0.821940,-0.078330,-0.006871,-9,-10
-0.829031,-0.821940,-0.078330,-0.006871,-9,-10
-0.829031,-0.821940,-0.078330,-0.006871,-9,-10
-0.829031,-0.821940,-0.078330,-0.006871,-9,-10
-0.829031,-0.821940,-0.078330,-0.006871,-9,-10
-0.829031,-0.821940,-0.078330,-0.006871,-9,-10
-0.829031,-0.821940,-0.078330,-0.006871,-9,-10
-0.829031,-0.821940,-0.078330,-0.006871,-9,-10
-0.829031,-0.821940,-0.078330,-0.006871,-9,-10
-0.829031,-0.821940,-0.078330,-0.006871,-9,-10
-0.872665,-0.865573,-0.078180,-0.000000,-10,-10
-0.872665,-0.865573,-0.078180,-0.000000,-10,-10
-0.872665,-0.865573,-0.078180,-0.000000,-10,-10
-0.872665,-0.865573,-0.078180,-0.000000,-10,-10
-0.872665,-0.865573,-0.078180,-0.000000,-10,-10
-0.872665,-0.865573,-0.078180,-0.000000,-10,-10
-0.872665,-0.865573,-0.078180,-0.000000,-10,-10
-0.872665,-0.865573,-0.078180,-0.000000,-10,-10
-0.872665,-0.865573,-0.078180,-0.000000,-10,-10
-0.872665,-0.865573,-0.078180,-0.000000,-10,-10
-0.872665,-0.865573,-0.078180,-0.000000,-10,-10
-0.829031,-0.821940,-0.078330,-0.006871,-9,-10
-0.785398,-0.778309,-0.078780,-0.013743,-8,-10
-0.785398,-0.778309,-0.078780,-0.013743,-8,-10
-0.785398,-0.778309,-0.078780,-0.013743,-8,-10
-0.741765,-0.734683,-0.079529,-0.020614,-7,-10
-0.698132,-0.691062,-0.080578,-0.027486,-6,-10
-0.654498,-0.647450,-0.081927,-0.034357,-5,-10
-0.654498,-0.647450,-0.081927,-0.034357,-5,-10
-0.610865,-0.603848,-0.083576,-0.041228,-4,-10
-0.610865,-0.603848,-0.083576,-0.041228,-4,-10
-0.610865,-0.603848,-0.083576,-0.041228,-4,-10
-0.610865,-0.603848,-0.083576,-0.041228,-4,-10
-0.654498,-0.647450,-0.081927,-0.034357,-5,-10
-0.654498,-0.647450,-0.081927,-0.034357,-5,-10
-0.698132,-0.691062,-0.080578,-0.027486,-6,-10
-0.698132,-0.691062,-0.080578,-0.027486,-6,-10
-0.741765,-0.734683,-0.079529,-0.020614,-7,-10
-0.741765,-0.734683,-0.079529,-0.020614,-7,-10
-0.741765,-0.734683,-0.079529,-0.020614,-7,-10
-0.698132,-0.691062,-0.080578,-0.027486,-6,-10
-0.654498,-0.647441,-0.081628,-0.020614,-6,-9
-0.654498,-0.647441,-0.081628,-0.020614,-6,-9
-0.654498,-0.647441,-0.081628,-0.020614,-6,-9
-0.654498,-0.647441,-0.081628,-0.020614,-6,-9
-0.654498,-0.647441,-0.081628,-0.020614,-6,-9
-0.698132,-0.691068,-0.080878,-0.013743,-7,-9
-0.698132,-0.691068,-0.080878,-0.013743,-7,-9
-0.698132,-0.691068,-0.080878,-0.013743,-7,-9
-0.654498,-0.647437,-0.081328,-0.006871,-7,-8
-0.654498,-0.647437,-0.081328,-0.006871,-7,-8
-0.610865,-0.603804,-0.081478,-0.000000,-7,-7
-0.567232,-0.560171,-0.081328,0.006871,-7,-6
-0.523599,-0.516538,-0.081178,-0.000000,-6,-6
-0.523599,-0.516538,-0.081178,-0.000000,-6,-6
-0.479966,-0.472905,-0.081328,-0.006871,-5,-6
-0.479966,-0.472905,-0.081328,-0.006871,-5,-6
-0.479966,-0.472905,-0.081328,-0.006871,-5,-6
-0.479966,-0.472905,-0.081328,-0.006871,-5,-6
-0.479966,-0.472905,-0.081328,-0.006871,-5,-6
-0.436332,-0.429274,-0.081778,-0.013743,-4,-6
-0.436332,-0.429274,-0.081778,-0.013743,-4,-6
-0.479966,-0.472901,-0.081028,-0.020614,-4,-7
-0.479966,-0.472901,-0.081028,-0.020614,-4,-7
-0.523599,-0.516522,-0.079979,-0.027486,-4,-8
-0.523599,-0.516522,-0.079979,-0.027486,-4,-8
-0.523599,-0.516522,-0.079979,-0.027486,-4,-8
-0.523599,-0.516522,-0.079979,-0.027486,-4,-8
-0.523599,-0.516522,-0.079979,-0.027486,-4,-8
-0.523599,-0.516522,-0.079979,-0.027486,-4,-8
-0.567232,-0.560142,-0.078930,-0.020614,-5,-8
-0.567232,-0.560142,-0.078930,-0.020614,-5,-8
-0.567232,-0.560142,-0.078930,-0.020614,-5,-8
-0.567232,-0.560142,-0.078930,-0.020614,-5,-8
-0.523599,-0.516516,-0.079679,-0.013743,-5,-7
-0.523599,-0.516516,-0.079679,-0.013743,-5,-7
-0.523599,-0.516516,-0.079679,-0.013743,-5,-7
-0.523599,-0.516516,-0.079679,-0.013743,-5,-7
-0.523599,-0.516516,-0.079679,-0.013743,-5,-7
-0.523599,-0.516516,-0.079679,-0.013743,-5,-7
-0.523599,-0.516516,-0.079679,-0.013743,-5,-7
-0.567232,-0.560147,-0.079229,-0.006871,-6,-7
-0.567232,-0.560147,-0.079229,-0.006871,-6,-7
-0.567232,-0.560147,-0.079229,0.006871,-7,-6
-0.567232,-0.560147,-0.079229,0.006871,-7,-6
-0.610865,-0.603777,-0.079679,0.013743,-8,-6
-0.654498,-0.647408,-0.080129,0.006871,-8,-7
-0.610865,-0.603775,-0.079979,-0.000000,-7,-7
-0.610865,-0.603775,-0.079979,-0.013743,-6,-8
-0.567232,-0.560145,-0.080429,-0.006871,-6,-7
-0.610865,-0.603775,-0.079979,-0.013743,-6,-8
-0.654498,-0.647406,-0.079529,-0.006871,-7,-8
-0.698132,-0.691037,-0.079079,-0.013743,-7,-9
-0.698132,-0.691037,-0.079079,-0.013743,-7,-9
-0.698132,-0.691037,-0.079079,-0.013743,-7,-9
-0.698132,-0.691037,-0.079079,-0.013743,-7,-9
-0.741765,-0.734664,-0.078330,-0.020614,-7,-10
-0.829031,-0.821912,-0.076531,-0.020614,-8,-11
-0.785398,-0.778285,-0.077281,-0.013743,-8,-10
-0.785398,-0.778285,-0.077281,-0.013743,-8,-10
-0.785398,-0.778285,-0.077281,-0.013743,-8,-10
-0.698132,-0.691027,-0.078480,-0.013743,-7,-9
-0.698132,-0.691027,-0.078480,-0.013743,-7,-9
-0.698132,-0.691027,-0.078480,-0.013743,-7,-9
-0.654498,-0.647396,-0.078930,-0.006871,-7,-8
-0.654498,-0.647396,-0.078930,-0.006871,-7,-8
-0.654498,-0.647396,-0.078930,0.006871,-8,-7
-0.610865,-0.603763,-0.078780,-0.000000,-7,-7
-0.610865,-0.603763,-0.078780,-0.000000,-7,-7
-0.610865,-0.603763,-0.078780,-0.000000,-7,-7
-0.610865,-0.603763,-0.078780,-0.000000,-7,-7
-0.610865,-0.603763,-0.078780,-0.000000,-7,-7
-0.567232,-0.560130,-0.078930,-0.006871,-6,-7
-0.523599,-0.516499,-0.079379,-0.013743,-5,-7
-0.523599,-0.516499,-0.079379,-0.013743,-5,-7
-0.523599,-0.516499,-0.079379,-0.013743,-5,-7
-0.436332,-0.429241,-0.080579,-0.013743,-4,-6
-0.436332,-0.429241,-0.080579,-0.013743,-4,-6
-0.436332,-0.429241,-0.080579,-0.013743,-4,-6
-0.436332,-0.429241,-0.080579,-0.013743,-4,-6
-0.436332,-0.429241,-0.080579,-0.013743,-4,-6
-0.436332,-0.429241,-0.080579,-0.013743,-4,-6
-0.436332,-0.429241,-0.080579,-0.013743,-4,-6
-0.436332,-0.429241,-0.080579,-0.013743,-4,-6
-0.436332,-0.429241,-0.080579,-0.013743,-4,-6
-0.436332,-0.429241,-0.080579,-0.013743,-4,-6
-0.436332,-0.429241,-0.080579,-0.013743,-4,-6
-0.436332,-0.429241,-0.080579,-0.013743,-4,-6
-0.479966,-0.472872,-0.080129,-0.006871,-5,-6
-0.523599,-0.516505,-0.079979,-0.000000,-6,-6
-0.523599,-0.516505,-0.079979,-0.000000,-6,-6
-0.479966,-0.472872,-0.080129,-0.006871,-5,-6
-0.349066,-0.341973,-0.080579,-0.000000,-4,-4
-0.349066,-0.341973,-0.080579,-0.000000,-4,-4
-0.349066,-0.341973,-0.080579,-0.000000,-4,-4
-0.305433,-0.298340,-0.080729,-0.006871,-3,-4
-0.305433,-0.298340,-0.080729,-0.006871,-3,-4
-0.305433,-0.298340,-0.080729,-0.006871,-3,-4
-0.349066,-0.341971,-0.080279,-0.013743,-3,-5
-0.436332,-0.429229,-0.079080,-0.013743,-4,-6
-0.436332,-0.429229,-0.079080,-0.013743,-4,-6
-0.479966,-0.472856,-0.078330,-0.020614,-4,-7
-0.479966,-0.472856,-0.078330,-0.020614,-4,-7
-0.523599,-0.516477,-0.077281,-0.027486,-4,-8
-0.523599,-0.516477,-0.077281,-0.027486,-4,-8
-0.567232,-0.560089,-0.075932,-0.034357,-4,-9
-0.567232,-0.560089,-0.075932,-0.034357,-4,-9
-0.567232,-0.560089,-0.075932,-0.034357,-4,-9
-0.567232,-0.560089,-0.075932,-0.034357,-4,-9
-0.567232,-0.560089,-0.075932,-0.034357,-4,-9
-0.567232,-0.560089,-0.075932,-0.034357,-4,-9
-0.567232,-0.560089,-0.075932,-0.034357,-4,-9
-0.523599,-0.516477,-0.077281,-0.027486,-4,-8
-0.523599,-0.516477,-0.077281,-0.027486,-4,-8
-0.479966,-0.472864,-0.078630,-0.034357,-3,-8
-0.479966,-0.472864,-0.078630,-0.034357,-3,-8
-0.436332,-0.429252,-0.079979,-0.027486,-3,-7
-0.436332,-0.429252,-0.079979,-0.027486,-3,-7
-0.436332,-0.429252,-0.079979,-0.027486,-3,-7
-0.436332,-0.429252,-0.079979,-0.027486,-3,-7
-0.436332,-0.429252,-0.079979,-0.027486,-3,-7
-0.436332,-0.429252,-0.079979,-0.027486,-3,-7
-0.479966,-0.472872,-0.078929,-0.020614,-4,-7
-0.479966,-0.472872,-0.078929,-0.020614,-4,-7
-0.479966,-0.472872,-0.078929,-0.020614,-4,-7
-0.479966,-0.472872,-0.078929,-0.020614,-4,-7
-0.523599,-0.516493,-0.077880,-0.027486,-4,-8
-0.479966,-0.472872,-0.078929,-0.020614,-4,-7
-0.479966,-0.472872,-0.078929,-0.020614,-4,-7
-0.523599,-0.516493,-0.077880,-0.027486,-4,-8
-0.523599,-0.516493,-0.077880,-0.027486,-4,-8
-0.523599,-0.516493,-0.077880,-0.027486,-4,-8
-0.523599,-0.516493,-0.077880,-0.027486,-4,-8
-0.523599,-0.516493,-0.077880,-0.027486,-4,-8
-0.523599,-0.516493,-0.077880,-0.027486,-4,-8
-0.523599,-0.516493,-0.077880,-0.027486,-4,-8
-0.523599,-0.516493,-0.077880,-0.027486,-4,-8
-0.523599,-0.516493,-0.077880,-0.027486,-4,-8
-0.523599,-0.516493,-0.077880,-0.027486,-4,-8
-0.567232,-0.560105,-0.076531,-0.034357,-4,-9
-0.567232,-0.560105,-0.076531,-0.034357,-4,-9
-0.567232,-0.560105,-0.076531,-0.034357,-4,-9
-0.567232,-0.560105,-0.076531,-0.034357,-4,-9
-0.567232,-0.560105,-0.076531,-0.034357,-4,-9
-0.567232,-0.560105,-0.076531,-0.034357,-4,-9
-0.567232,-0.560105,-0.076531,-0.034357,-4,-9
-0.567232,-0.560105,-0.076531,-0.034357,-4,-9
-0.567232,-0.560105,-0.076531,-0.034357,-4,-9
-0.567232,-0.560105,-0.076531,-0.034357,-4,-9
-0.567232,-0.560105,-0.076531,-0.034357,-4,-9
-0.610865,-0.603707,-0.074883,-0.041228,-4,-10
-0.610865,-0.603707,-0.074883,-0.041228,-4,-10
-0.567232,-0.560118,-0.076831,-0.048100,-3,-10
-0.610865,-0.603707,-0.074883,-0.041228,-4,-10
-0.610865,-0.603707,-0.074883,-0.041228,-4,-10
-0.610865,-0.603707,-0.074883,-0.041228,-4,-10
-0.610865,-0.603707,-0.074883,-0.041228,-4,-10
-0.654498,-0.647309,-0.073234,-0.034357,-5,-10
-0.654498,-0.647309,-0.073234,-0.034357,-5,-10
-0.654498,-0.647309,-0.073234,-0.034357,-5,-10
-0.698132,-0.690922,-0.071885,-0.027486,-6,-10
-0.741765,-0.734534,-0.070536,-0.034357,-6,-11
-0.741765,-0.734534,-0.070536,-0.034357,-6,-11
-0.698132,-0.690932,-0.072185,-0.041228,-5,-11
-0.741765,-0.734522,-0.070236,-0.048100,-5,-12
-0.698132,-0.690947,-0.072484,-0.054971,-4,-12
-0.741765,-0.734505,-0.069937,-0.061842,-4,-13
-0.785398,-0.778064,-0.067390,-0.054971,-5,-13
-0.829031,-0.821623,-0.064843,-0.061842,-5,-14
-0.959931,-0.952300,-0.057202,-0.054971,-7,-15
-1.003564,-0.995875,-0.054954,-0.048100,-8,-15
-1.003564,-0.995875,-0.054954,-0.048100,-8,-15
-1.090831,-1.083040,-0.050758,-0.048100,-9,-16
-1.047198,-1.039451,-0.052707,-0.041228,-9,-15
-1.047198,-1.039451,-0.052707,-0.041228,-9,-15
-1.047198,-1.039451,-0.052707,-0.041228,-9,-15
-1.047198,-1.039451,-0.052707,-0.041228,-9,-15
-1.003564,-0.995861,-0.054655,-0.048100,-8,-15
-0.916298,-0.908726,-0.059450,-0.061842,-6,-15
-0.872665,-0.865186,-0.062296,-0.068714,-5,-15
-0.785398,-0.778169,-0.068886,-0.082457,-3,-15
-0.785398,-0.778169,-0.068886,-0.082457,-3,-15
-0.785398,-0.778169,-0.068886,-0.082457,-3,-15
-0.785398,-0.778169,-0.068886,-0.082457,-3,-15
-0.741765,-0.734672,-0.072330,-0.075585,-3,-14
-0.785398,-0.778191,-0.069185,-0.068714,-4,-14
-0.785398,-0.778191,-0.069185,-0.068714,-4,-14
-0.829031,-0.821732,-0.066338,-0.061842,-5,-14
-0.829031,-0.821732,-0.066338,-0.061842,-5,-14
-0.829031,-0.821732,-0.066338,-0.061842,-5,-14
-0.829031,-0.821732,-0.066338,-0.061842,-5,-14
-0.872665,-0.865272,-0.063492,-0.068714,-5,-15
-0.916298,-0.908812,-0.060646,-0.061842,-6,-15
-0.959931,-0.952353,-0.057799,-0.068714,-6,-16
-0.959931,-0.952353,-0.057799,-0.068714,-6,-16
-0.959931,-0.952353,-0.057799,-0.068714,-6,-16
-0.959931,-0.952353,-0.057799,-0.068714,-6,-16
-1.003564,-0.995872,-0.054654,-0.075585,-6,-17
-1.003564,-0.995872,-0.054654,-0.075585,-6,-17
-0.959931,-0.952375,-0.058098,-0.082457,-5,-17
-0.959931,-0.952375,-0.058098,-0.082457,-5,-17
-0.916298,-0.908903,-0.061842,-0.089328,-4,-17
-0.829031,-0.821984,-0.069627,-0.089328,-3,-16
-0.829031,-0.821984,-0.069627,-0.089328,-3,-16
-0.829031,-0.821984,-0.069627,-0.089328,-3,-16
-0.785398,-0.778512,-0.073370,-0.082457,-3,-15
-0.785398,-0.778512,-0.073370,-0.082457,-3,-15
-0.785398,-0.778512,-0.073370,-0.082457,-3,-15
-0.785398,-0.778512,-0.073370,-0.082457,-3,-15
-0.785398,-0.778512,-0.073370,-0.082457,-3,-15
-0.785398,-0.778512,-0.073370,-0.082457,-3,-15
-0.785398,-0.778512,-0.073370,-0.082457,-3,-15
-0.829031,-0.821984,-0.069627,-0.089328,-3,-16
-0.872665,-0.865457,-0.065883,-0.082457,-4,-16
-0.872665,-0.865457,-0.065883,-0.082457,-4,-16
-0.872665,-0.865457,-0.065883,-0.082457,-4,-16
-0.916298,-0.908929,-0.062140,-0.089328,-4,-17
-0.959931,-0.952401,-0.058397,-0.082457,-5,-17
-0.959931,-0.952401,-0.058397,-0.082457,-5,-17
-1.003564,-0.995874,-0.054654,-0.089328,-5,-18
-1.003564,-0.995874,-0.054654,-0.089328,-5,-18
-1.047198,-1.039319,-0.050612,-0.096199,-5,-19
-1.047198,-1.039319,-0.050612,-0.096199,-5,-19
-1.047198,-1.039319,-0.050612,-0.109942,-4,-20
-1.047198,-1.039319,-0.050612,-0.109942,-4,-20
-1.090831,-1.082673,-0.045676,-0.116813,-4,-21
-1.090831,-1.082673,-0.045676,-0.116813,-4,-21
-1.134464,-1.125991,-0.040442,-0.123685,-4,-22
-1.134464,-1.125991,-0.040442,-0.123685,-4,-22
-1.134464,-1.125991,-0.040442,-0.123685,-4,-22
-1.178097,-1.169272,-0.034910,-0.130556,-4,-23
-1.178097,-1.169272,-0.034910,-0.130556,-4,-23
-1.178097,-1.169272,-0.034910,-0.130556,-4,-23
-1.221730,-1.212553,-0.029378,-0.123685,-5,-23
-1.221730,-1.212553,-0.029378,-0.123685,-5,-23
-1.265364,-1.255871,-0.024144,-0.116813,-6,-23
-1.265364,-1.255871,-0.024144,-0.116813,-6,-23
-1.265364,-1.255871,-0.024144,-0.116813,-6,-23
-1.308997,-1.299224,-0.019207,-0.109942,-7,-23
-1.308997,-1.299224,-0.019207,-0.109942,-7,-23
-1.308997,-1.299224,-0.019207,-0.109942,-7,-23
-1.308997,-1.299224,-0.019207,-0.109942,-7,-23
-1.308997,-1.299224,-0.019207,-0.109942,-7,-23
-1.352630,-1.342610,-0.014569,-0.103071,-8,-23
-1.352630,-1.342610,-0.014569,-0.103071,-8,-23
-1.352630,-1.342610,-0.014569,-0.103071,-8,-23
-1.352630,-1.342610,-0.014569,-0.103071,-8,-23
-1.352630,-1.342610,-0.014569,-0.103071,-8,-23
-1.352630,-1.342610,-0.014569,-0.103071,-8,-23
-1.352630,-1.342610,-0.014569,-0.103071,-8,-23
-1.352630,-1.342610,-0.014569,-0.103071,-8,-23
-1.352630,-1.342610,-0.014569,-0.103071,-8,-23
-1.352630,-1.342610,-0.014569,-0.103071,-8,-23
-1.352630,-1.342610,-0.014569,-0.103071,-8,-23
-1.352630,-1.342610,-0.014569,-0.103071,-8,-23
-1.352630,-1.342610,-0.014569,-0.103071,-8,-23
-1.352630,-1.342610,-0.014569,-0.103071,-8,-23
-1.352630,-1.342610,-0.014569,-0.103071,-8,-23
-1.352630,-1.342610,-0.014569,-0.103071,-8,-23
-1.352630,-1.342610,-0.014569,-0.103071,-8,-23
-1.352630,-1.342610,-0.014569,-0.103071,-8,-23
-1.352630,-1.342610,-0.014569,-0.103071,-8,-23
-1.352630,-1.342610,-0.014569,-0.103071,-8,-23
-1.352630,-1.342610,-0.014569,-0.103071,-8,-23
-1.352630,-1.342610,-0.014569,-0.103071,-8,-23
-1.352630,-1.342610,-0.014569,-0.103071,-8,-23
-1.352630,-1.342610,-0.014569,-0.103071,-8,-23
-1.352630,-1.342610,-0.014569,-0.103071,-8,-23
-1.352630,-1.342610,-0.014569,-0.103071,-8,-23
-1.352630,-1.342610,-0.014569,-0.103071,-8,-23
-1.352630,-1.342610,-0.014569,-0.103071,-8,-23
-1.352630,-1.342610,-0.014569,-0.103071,-8,-23
-1.352630,-1.342610,-0.014569,-0.103071,-8,-23
-1.352630,-1.342610,-0.014569,-0.103071,-8,-23
-1.352630,-1.342610,-0.014569,-0.103071,-8,-23
-1.352630,-1.342610,-0.014569,-0.103071,-8,-23
-1.352630,-1.342610,-0.014569,-0.103071,-8,-23
-1.352630,-1.342610,-0.014569,-0.103071,-8,-23
-1.352630,-1.342610,-0.014569,-0.103071,-8,-23
-1.352630,-1.342610,-0.014569,-0.103071,-8,-23
-1.352630,-1.342610,-0.014569,-0.103071,-8,-23
-1.352630,-1.342610,-0.014569,-0.103071,-8,-23
-1.352630,-1.342610,-0.014569,-0.103071,-8,-23
-1.352630,-1.342610,-0.014569,-0.103071,-8,-23
-1.352630,-1.342610,-0.014569,-0.103071,-8,-23
-1.352630,-1.342610,-0.014569,-0.103071,-8,-23
-1.352630,-1.342610,-0.014569,-0.103071,-8,-23
-1.352630,-1.342610,-0.014569,-0.103071,-8,-23
-1.352630,-1.342610,-0.014569,-0.103071,-8,-23
-1.352630,-1.342610,-0.014569,-0.103071,-8,-23
-1.352630,-1.342610,-0.014569,-0.103071,-8,-23
-1.352630,-1.342610,-0.014569,-0.103071,-8,-23
-1.352630,-1.342610,-0.014569,-0.103071,-8,-23
-1.352630,-1.342610,-0.014569,-0.103071,-8,-23
-1.352630,-1.342610,-0.014569,-0.103071,-8,-23
-1.352630,-1.342610,-0.014569,-0.103071,-8,-23
-1.352630,-1.342610,-0.014569,-0.103071,-8,-23
-1.352630,-1.342610,-0.014569,-0.103071,-8,-23
-1.352630,-1.342610,-0.014569,-0.103071,-8,-23
-1.352630,-1.342610,-0.014569,-0.103071,-8,-23
-1.352630,-1.342610,-0.014569,-0.103071,-8,-23
-1.352630,-1.342610,-0.014569,-0.103071,-8,-23
-1.352630,-1.342610,-0.014569,-0.103071,-8,-23
-1.352630,-1.342610,-0.014569,-0.103071,-8,-23
-1.352630,-1.342610,-0.014569,-0.103071,-8,-23
-1.352630,-1.342610,-0.014569,-0.103071,-8,-23
-1.352630,-1.342610,-0.014569,-0.103071,-8,-23
-1.352630,-1.342610,-0.014569,-0.103071,-8,-23
-1.352630,-1.342610,-0.014569,-0.103071,-8,-23
-1.352630,-1.342610,-0.014569,-0.103071,-8,-23
-1.352630,-1.342610,-0.014569,-0.103071,-8,-23
-1.352630,-1.342610,-0.014569,-0.103071,-8,-23
-1.352630,-1.342610,-0.014569,-0.103071,-8,-23
-1.352630,-1.342610,-0.014569,-0.103071,-8,-23
-1.352630,-1.342610,-0.014569,-0.103071,-8,-23
-1.352630,-1.342610,-0.014569,-0.103071,-8,-23
-1.352630,-1.342610,-0.014569,-0.103071,-8,-23
-1.352630,-1.342610,-0.014569,-0.103071,-8,-23
-1.352630,-1.342610,-0.014569,-0.103071,-8,-23
-1.352630,-1.342610,-0.014569,-0.103071,-8,-23
-1.352630,-1.342610,-0.014569,-0.103071,-8,-23
-1.352630,-1.342610,-0.014569,-0.103071,-8,-23
-1.352630,-1.342610,-0.014569,-0.103071,-8,-23
-1.352630,-1.342610,-0.014569,-0.103071,-8,-23
-1.352630,-1.342610,-0.014569,-0.103071,-8,-23
-1.352630,-1.342610,-0.014569,-0.103071,-8,-23
-1.352630,-1.342610,-0.014569,-0.103071,-8,-23
-1.352630,-1.342610,-0.014569,-0.103071,-8,-23
-1.352630,-1.342610,-0.014569,-0.103071,-8,-23
-1.352630,-1.342610,-0.014569,-0.103071,-8,-23
-1.352630,-1.342610,-0.014569,-0.103071,-8,-23
-1.352630,-1.342610,-0.014569,-0.103071,-8,-23
-1.352630,-1.342610,-0.014569,-0.103071,-8,-23
-1.352630,-1.342610,-0.014569,-0.103071,-8,-23
-1.352630,-1.342610,-0.014569,-0.103071,-8,-23
-1.352630,-1.342610,-0.014569,-0.103071,-8,-23
-1.352630,-1.342610,-0.014569,-0.103071,-8,-23
-1.352630,-1.342610,-0.014569,-0.103071,-8,-23
-1.352630,-1.342610,-0.014569,-0.103071,-8,-23
-1.352630,-1.342610,-0.014569,-0.103071,-8,-23
-1.352630,-1.342610,-0.014569,-0.103071,-8,-23
-1.352630,-1.342610,-0.014569,-0.103071,-8,-23
-1.352630,-1.342610,-0.014569,-0.103071,-8,-23
-1.352630,-1.342610,-0.014569,-0.103071,-8,-23
-1.352630,-1.342610,-0.014569,-0.103071,-8,-23
-1.352630,-1.342610,-0.014569,-0.103071,-8,-23
-1.352630,-1.342610,-0.014569,-0.103071,-8,-23
-1.352630,-1.342610,-0.014569,-0.103071,-8,-23
-1.352630,-1.342610,-0.014569,-0.103071,-8,-23
-1.352630,-1.342610,-0.014569,-0.103071,-8,-23
-1.352630,-1.342610,-0.014569,-0.103071,-8,-23
-1.352630,-1.342610,-0.014569,-0.103071,-8,-23
-1.352630,-1.342610,-0.014569,-0.103071,-8,-23
-1.352630,-1.342610,-0.014569,-0.103071,-8,-23
-1.352630,-1.342610,-0.014569,-0.103071,-8,-23
-1.352630,-1.342610,-0.014569,-0.103071,-8,-23
-1.352630,-1.342610,-0.014569,-0.103071,-8,-23
-1.352630,-1.342610,-0.014569,-0.103071,-8,-23
-1.352630,-1.342610,-0.014569,-0.103071,-8,-23
-1.352630,-1.342610,-0.014569,-0.103071,-8,-23
-1.352630,-1.342610,-0.014569,-0.103071,-8,-23
-1.352630,-1.342610,-0.014569,-0.103071,-8,-23
-1.352630,-1.342610,-0.014569,-0.103071,-8,-23
-1.352630,-1.342610,-0.014569,-0.103071,-8,-23
-1.352630,-1.342610,-0.014569,-0.103071,-8,-23
-1.352630,-1.342610,-0.014569,-0.103071,-8,-23
-1.352630,-1.342610,-0.014569,-0.103071,-8,-23
-1.352630,-1.342610,-0.014569,-0.103071,-8,-23
-1.352630,-1.342610,-0.014569,-0.103071,-8,-23
-1.352630,-1.342610,-0.014569,-0.103071,-8,-23
-1.352630,-1.342610,-0.014569,-0.103071,-8,-23
-1.352630,-1.342610,-0.014569,-0.103071,-8,-23
-1.352630,-1.342610,-0.014569,-0.103071,-8,-23
-1.352630,-1.342610,-0.014569,-0.103071,-8,-23
-1.352630,-1.342610,-0.014569,-0.103071,-8,-23
-1.352630,-1.342610,-0.014569,-0.103071,-8,-23
-1.352630,-1.342610,-0.014569,-0.103071,-8,-23
-1.352630,-1.342610,-0.014569,-0.103071,-8,-23
-1.352630,-1.342610,-0.014569,-0.103071,-8,-23
-1.352630,-1.342610,-0.014569,-0.103071,-8,-23
-1.352630,-1.342610,-0.014569,-0.103071,-8,-23
-1.352630,-1.342610,-0.014569,-0.103071,-8,-23
-1.352630,-1.342610,-0.014569,-0.103071,-8,-23
-1.352630,-1.342610,-0.014569,-0.103071,-8,-23
-1.352630,-1.342610,-0.014569,-0.103071,-8,-23
-1.352630,-1.342610,-0.014569,-0.103071,-8,-23
-1.352630,-1.342610,-0.014569,-0.103071,-8,-23
-1.352630,-1.342610,-0.014569,-0.103071,-8,-23
-1.352630,-1.342610,-0.014569,-0.103071,-8,-23
-1.352630,-1.342610,-0.014569,-0.103071,-8,-23
-1.352630,-1.342610,-0.014569,-0.103071,-8,-23
-1.352630,-1.342610,-0.014569,-0.103071,-8,-23
-1.352630,-1.342610,-0.014569,-0.103071,-8,-23
-1.352630,-1.342610,-0.014569,-0.103071,-8,-23
-1.352630,-1.342610,-0.014569,-0.103071,-8,-23
-1.352630,-1.342610,-0.014569,-0.103071,-8,-23
-1.352630,-1.342610,-0.014569,-0.103071,-8,-23
-1.352630,-1.342610,-0.014569,-0.103071,-8,-23
-1.439897,-1.429414,-0.005590,-0.103071,-9,-24
-1.439897,-1.429414,-0.005590,-0.103071,-9,-24
-1.439897,-1.429414,-0.005590,-0.103071,-9,-24
-1.483530,-1.472800,-0.000952,-0.109942,-9,-25
-1.483530,-1.472800,-0.000952,-0.109942,-9,-25
-1.483530,-1.472800,-0.000952,-0.109942,-9,-25
-1.527163,-1.516153,0.003985,-0.116813,-9,-26
-1.527163,-1.516153,0.003985,-0.116813,-9,-26
-1.570796,-1.559471,0.009219,-0.123685,-9,-27
-1.658063,-1.645995,0.020580,-0.137428,-9,-29
-1.658063,-1.645995,0.020580,-0.137428,-9,-29
-1.745329,-1.732438,0.032535,-0.137428,-10,-30
-1.832596,-1.818882,0.044490,-0.137428,-11,-31
-1.919862,-1.905241,0.057039,-0.151170,-11,-33
-1.963495,-1.948399,0.063461,-0.144299,-12,-33
-2.007129,-1.991557,0.069884,-0.151170,-12,-34
-2.050762,-2.034670,0.076603,-0.158042,-12,-35
-2.094395,-2.077736,0.083618,-0.164913,-12,-36
-2.094395,-2.077736,0.083618,-0.164913,-12,-36
-2.094395,-2.077736,0.083618,-0.164913,-12,-36
-2.138028,-2.120752,0.090929,-0.171784,-12,-37
-2.225295,-2.206630,0.106437,-0.185527,-12,-39
-2.312561,-2.292286,0.123124,-0.199270,-12,-41
-2.443461,-2.420321,0.150357,-0.219884,-12,-44
-2.530727,-2.505354,0.169976,-0.233627,-12,-46
-2.705260,-2.674864,0.211547,-0.247370,-13,-49
-2.748894,-2.717132,0.222376,-0.254241,-13,-50
-2.792527,-2.759324,0.233496,-0.261112,-13,-51
-2.836160,-2.801440,0.244905,-0.267984,-13,-52
-2.836160,-2.801440,0.244905,-0.267984,-13,-52
-2.836160,-2.801440,0.244905,-0.267984,-13,-52
-2.836160,-2.801440,0.244905,-0.267984,-13,-52
-2.879793,-2.843475,0.256603,-0.274855,-13,-53
-2.879793,-2.843475,0.256603,-0.274855,-13,-53
-2.879793,-2.843475,0.256603,-0.274855,-13,-53
-2.879793,-2.843475,0.256603,-0.274855,-13,-53
-2.879793,-2.843475,0.256603,-0.274855,-13,-53
-2.879793,-2.843475,0.256603,-0.274855,-13,-53
-2.879793,-2.843475,0.256603,-0.274855,-13,-53
-2.836160,-2.801521,0.244616,-0.281726,-12,-53
-2.792527,-2.759566,0.232629,-0.274855,-12,-52
-2.792527,-2.759566,0.232629,-0.274855,-12,-52
-2.792527,-2.759566,0.232629,-0.274855,-12,-52
-2.748894,-2.717531,0.220931,-0.267984,-12,-51
-2.748894,-2.717531,0.220931,-0.267984,-12,-51
-2.748894,-2.717531,0.220931,-0.267984,-12,-51
-2.705260,-2.675415,0.209522,-0.261112,-12,-50
-2.705260,-2.675415,0.209522,-0.261112,-12,-50
-2.705260,-2.675415,0.209522,-0.261112,-12,-50
-2.661627,-2.633300,0.198114,-0.267984,-11,-50
-2.661627,-2.633300,0.198114,-0.267984,-11,-50
-2.617994,-2.591185,0.186705,-0.261112,-11,-49
-2.617994,-2.591185,0.186705,-0.261112,-11,-49
-2.617994,-2.591185,0.186705,-0.261112,-11,-49
-2.617994,-2.591185,0.186705,-0.261112,-11,-49
-2.661627,-2.633300,0.198114,-0.267984,-11,-50
-2.661627,-2.633300,0.198114,-0.267984,-11,-50
-2.661627,-2.633300,0.198114,-0.267984,-11,-50
-2.661627,-2.633300,0.198114,-0.267984,-11,-50
-2.661627,-2.633300,0.198114,-0.267984,-11,-50
-2.661627,-2.633300,0.198114,-0.267984,-11,-50
-2.661627,-2.633300,0.198114,-0.267984,-11,-50
-2.661627,-2.633300,0.198114,-0.267984,-11,-50
-2.661627,-2.633300,0.198114,-0.267984,-11,-50
-2.661627,-2.633300,0.198114,-0.267984,-11,-50
-2.661627,-2.633300,0.198114,-0.267984,-11,-50
-2.661627,-2.633300,0.198114,-0.267984,-11,-50
-2.661627,-2.633300,0.198114,-0.267984,-11,-50
-2.661627,-2.633300,0.198114,-0.267984,-11,-50
-2.661627,-2.633300,0.198114,-0.267984,-11,-50
-2.661627,-2.633300,0.198114,-0.267984,-11,-50
-2.661627,-2.633300,0.198114,-0.267984,-11,-50
-2.661627,-2.633300,0.198114,-0.267984,-11,-50
-2.661627,-2.633300,0.198114,-0.267984,-11,-50
-2.661627,-2.633300,0.198114,-0.267984,-11,-50
-2.661627,-2.633300,0.198114,-0.267984,-11,-50
-2.661627,-2.633300,0.198114,-0.267984,-11,-50
-2.617994,-2.591264,0.186416,-0.274855,-10,-50
-2.617994,-2.591264,0.186416,-0.274855,-10,-50
-2.617994,-2.591264,0.186416,-0.261112,-11,-49
-2.661627,-2.633379,0.197824,-0.267984,-11,-50
-2.661627,-2.633379,0.197824,-0.267984,-11,-50
-2.661627,-2.633379,0.197824,-0.267984,-11,-50
-2.661627,-2.633379,0.197824,-0.267984,-11,-50
-2.661627,-2.633379,0.197824,-0.267984,-11,-50
-2.661627,-2.633379,0.197824,-0.267984,-11,-50
-2.661627,-2.633379,0.197824,-0.267984,-11,-50
-2.661627,-2.633379,0.197824,-0.267984,-11,-50
-2.661627,-2.633379,0.197824,-0.267984,-11,-50
-2.661627,-2.633379,0.197824,-0.267984,-11,-50
-2.661627,-2.633379,0.197824,-0.267984,-11,-50
-2.661627,-2.633379,0.197824,-0.267984,-11,-50
-2.661627,-2.633379,0.197824,-0.267984,-11,-50
-2.661627,-2.633379,0.197824,-0.267984,-11,-50
-2.661627,-2.633379,0.197824,-0.267984,-11,-50
-2.661627,-2.633379,0.197824,-0.267984,-11,-50
-2.661627,-2.633379,0.197824,-0.267984,-11,-50
-2.661627,-2.633379,0.197824,-0.267984,-11,-50
-2.661627,-2.633379,0.197824,-0.267984,-11,-50
-2.661627,-2.633379,0.197824,-0.267984,-11,-50
-2.661627,-2.633379,0.197824,-0.267984,-11,-50
-2.705260,-2.675415,0.209522,-0.274855,-11,-51
-2.705260,-2.675415,0.209522,-0.274855,-11,-51
-2.705260,-2.675415,0.209522,-0.274855,-11,-51
-2.705260,-2.675415,0.209522,-0.274855,-11,-51
-2.705260,-2.675415,0.209522,-0.274855,-11,-51
-2.705260,-2.675415,0.209522,-0.274855,-11,-51
-2.705260,-2.675415,0.209522,-0.274855,-11,-51
-2.705260,-2.675415,0.209522,-0.274855,-11,-51
-2.705260,-2.675415,0.209522,-0.274855,-11,-51
-2.705260,-2.675415,0.209522,-0.274855,-11,-51
-2.705260,-2.675415,0.209522,-0.274855,-11,-51
-2.661627,-2.633379,0.197824,-0.267984,-11,-50
-2.705260,-2.675415,0.209522,-0.274855,-11,-51
-2.705260,-2.675415,0.209522,-0.274855,-11,-51
-2.705260,-2.675415,0.209522,-0.274855,-11,-51
-2.705260,-2.675415,0.209522,-0.274855,-11,-51
-2.705260,-2.675415,0.209522,-0.274855,-11,-51
-2.705260,-2.675415,0.209522,-0.274855,-11,-51
-2.705260,-2.675415,0.209522,-0.274855,-11,-51
-2.705260,-2.675415,0.209522,-0.274855,-11,-51
-2.705260,-2.675415,0.209522,-0.274855,-11,-51
-2.705260,-2.675415,0.209522,-0.274855,-11,-51
-2.705260,-2.675415,0.209522,-0.274855,-11,-51
-2.705260,-2.675415,0.209522,-0.274855,-11,-51
-2.705260,-2.675415,0.209522,-0.274855,-11,-51
-2.705260,-2.675415,0.209522,-0.274855,-11,-51
-2.705260,-2.675415,0.209522,-0.274855,-11,-51
-2.705260,-2.675415,0.209522,-0.274855,-11,-51
-2.705260,-2.675415,0.209522,-0.274855,-11,-51
-2.705260,-2.675415,0.209522,-0.274855,-11,-51
-2.705260,-2.675415,0.209522,-0.274855,-11,-51
-2.705260,-2.675415,0.209522,-0.274855,-11,-51
-2.661627,-2.633379,0.197824,-0.267984,-11,-50
-2.661627,-2.633379,0.197824,-0.267984,-11,-50
-2.661627,-2.633379,0.197824,-0.267984,-11,-50
-2.705260,-2.675415,0.209522,-0.274855,-11,-51
-2.705260,-2.675415,0.209522,-0.274855,-11,-51
-2.748894,-2.717451,0.221220,-0.267984,-12,-51
-2.748894,-2.717451,0.221220,-0.267984,-12,-51
-2.748894,-2.717451,0.221220,-0.267984,-12,-51
-2.748894,-2.717451,0.221220,-0.267984,-12,-51
-2.748894,-2.717451,0.221220,-0.267984,-12,-51
-2.748894,-2.717451,0.221220,-0.267984,-12,-51
-2.748894,-2.717451,0.221220,-0.267984,-12,-51
-2.792527,-2.759487,0.232919,-0.274855,-12,-52
-2.792527,-2.759487,0.232919,-0.274855,-12,-52
-2.792527,-2.759487,0.232919,-0.274855,-12,-52
-2.792527,-2.759487,0.232919,-0.274855,-12,-52
-2.792527,-2.759487,0.232919,-0.274855,-12,-52
-2.792527,-2.759487,0.232919,-0.274855,-12,-52
-2.792527,-2.759487,0.232919,-0.274855,-12,-52
-2.792527,-2.759487,0.232919,-0.274855,-12,-52
-2.792527,-2.759487,0.232919,-0.274855,-12,-52
-2.792527,-2.759487,0.232919,-0.274855,-12,-52
-2.792527,-2.759487,0.232919,-0.274855,-12,-52
-2.792527,-2.759487,0.232919,-0.274855,-12,-52
-2.792527,-2.759487,0.232919,-0.274855,-12,-52
-2.792527,-2.759487,0.232919,-0.274855,-12,-52
-2.792527,-2.759487,0.232919,-0.274855,-12,-52
-2.836160,-2.801442,0.244905,-0.281726,-12,-53
-2.879793,-2.843396,0.256892,-0.274855,-13,-53
-2.923426,-2.885432,0.268590,-0.267984,-14,-53
-2.967060,-2.927468,0.280288,-0.274855,-14,-54
-3.054326,-3.011459,0.303973,-0.274855,-15,-55
-3.097959,-3.053495,0.315671,-0.267984,-16,-55
-3.185226,-3.137646,0.338778,-0.267984,-17,-56
-3.228859,-3.179761,0.350187,-0.261112,-18,-56
-3.316126,-3.264223,0.372135,-0.247370,-20,-56
-0.174533,-0.174533,0.000000,0.000000,-2,-2
-0.174533,-0.174533,0.000000,0.000000,-2,-2
-0.174533,-0.174533,0.000000,0.000000,-2,-2
-0.218166,-0.218166,-0.000150,0.006871,-3,-2
-0.174533,-0.174533,0.000000,0.000000,-2,-2
-0.174533,-0.174533,0.000000,0.000000,-2,-2
-0.174533,-0.174533,0.000000,0.000000,-2,-2
-0.174533,-0.174533,0.000000,0.000000,-2,-2
-0.174533,-0.174533,0.000000,0.000000,-2,-2
-0.130900,-0.130900,-0.000150,-0.006871,-1,-2
-0.043633,-0.043633,-0.000150,0.006871,-1,0
0.043633,0.043631,0.000450,0.006871,0,1
0.174533,0.174524,0.001799,0.013743,1,3
0.305433,0.305416,0.003148,0.006871,3,4
0.392699,0.392681,0.003748,0.006871,4,5
0.436332,0.436314,0.003898,0.000000,5,5
0.523599,0.523580,0.003898,0.000000,6,6
0.567232,0.567213,0.003748,-0.006871,7,6
0.698132,0.698112,0.003298,0.000000,8,8
0.785398,0.785379,0.003298,0.000000,9,9
1.003564,1.003543,0.004048,0.006871,11,12
1.090831,1.090808,0.004647,0.006871,12,13
1.265364,1.265337,0.005846,0.006871,14,15
1.396263,1.396236,0.006296,0.000000,16,16
1.570796,1.570769,0.006296,0.000000,18,18
1.701696,1.701667,0.005846,-0.006871,20,19
1.963495,1.963461,0.004048,-0.006871,23,22
2.138028,2.137989,0.002848,-0.006871,25,24
2.312561,2.312518,0.001649,-0.006871,27,26
2.487094,2.487047,0.000450,-0.006871,29,28
2.705260,2.705202,-0.001799,-0.013743,32,30
2.923426,2.923356,-0.004048,-0.006871,34,33
3.097959,3.097885,-0.005247,-0.006871,36,35
3.272492,3.272414,-0.006446,-0.006871,38,37
3.403392,3.403307,-0.007795,-0.013743,40,38
3.665191,3.665081,-0.011393,-0.013743,43,41
3.839724,3.839610,-0.012592,0.000000,44,44
4.014257,4.014143,-0.012592,0.000000,46,46
4.188790,4.188676,-0.012592,0.000000,48,48
4.450590,4.450469,-0.014391,-0.013743,52,50
4.625122,4.624985,-0.016790,-0.013743,54,52
4.756022,4.755878,-0.018139,-0.006871,55,54
4.974188,4.974043,-0.018888,0.000000,57,57
5.148721,5.148576,-0.018888,0.000000,59,59
5.366887,5.366741,-0.018139,0.006871,61,62
5.585054,5.584906,-0.017389,0.000000,64,64
5.715953,5.715805,-0.016940,0.006871,65,66
5.890486,5.890333,-0.015740,0.006871,67,68
6.108652,6.108498,-0.014991,0.000000,70,70
6.326819,6.326663,-0.014241,0.006871,72,73
6.501351,6.501192,-0.013042,0.006871,74,75
6.675884,6.675708,-0.010643,0.020614,75,78
6.894051,6.893842,-0.006896,0.013743,78,80
7.112217,7.111976,-0.003148,0.020614,80,83
7.330383,7.330079,0.002098,0.027486,82,86
7.504916,7.504546,0.006895,0.027486,84,88
7.679449,7.679013,0.011691,0.027486,86,90
7.853982,7.853443,0.017686,0.041228,87,93
8.072148,8.071454,0.025929,0.034357,90,95
8.246681,8.245884,0.031925,0.034357,92,97
8.421214,8.420314,0.037920,0.034357,94,99
8.595747,8.594744,0.043915,0.034357,96,101
8.770279,8.769173,0.049910,0.034357,98,103
8.988446,8.987235,0.056655,0.027486,101,105
9.206612,9.205297,0.063400,0.034357,103,108
9.381145,9.379727,0.069395,0.034357,105,110
9.599311,9.597737,0.077638,0.041228,107,113
9.817477,9.815686,0.087379,0.048100,109,116
9.992010,9.990017,0.095771,0.048100,111,118
10.166543,10.164348,0.104163,0.048100,113,120
10.341076,10.338679,0.112555,0.048100,115,122
10.602875,10.600176,0.125142,0.048100,118,125
10.777408,10.774507,0.133534,0.048100,120,127
11.039207,11.036004,0.146122,0.048100,123,130
11.213740,11.210273,0.155711,0.061842,124,133
11.431907,11.428067,0.168446,0.054971,127,135
11.562806,11.558743,0.176087,0.061842,128,137
11.780972,11.776538,0.188822,0.054971,131,139
11.911872,11.907214,0.196463,0.061842,132,141
12.086405,12.081483,0.206053,0.048100,135,142
12.260938,12.255814,0.214445,0.048100,137,144
12.435471,12.430145,0.222836,0.048100,139,146
12.610004,12.604477,0.231228,0.048100,141,148
12.828170,12.822425,0.240969,0.041228,144,150
13.002703,12.996810,0.248163,0.041228,146,152
13.220869,13.214758,0.257903,0.048100,148,155
13.439035,13.432707,0.267644,0.041228,151,157
13.613568,13.607092,0.274838,0.041228,153,159
13.831734,13.825040,0.284579,0.048100,155,162
13.962634,13.955766,0.291322,0.054971,156,164
14.137167,14.130035,0.300911,0.054971,158,166
14.268067,14.260761,0.307654,0.048100,160,167
14.442599,14.435092,0.316046,0.048100,162,169
14.573499,14.565861,0.321891,0.041228,164,170
14.704399,14.696668,0.326836,0.034357,166,171
14.878932,14.871098,0.332832,0.034357,168,173
15.097098,15.089159,0.339577,0.027486,171,175
15.271631,15.263626,0.344373,0.027486,173,177
15.489797,15.481688,0.351118,0.034357,175,180
15.707963,15.699750,0.357863,0.027486,178,182
15.882496,15.874217,0.362659,0.027486,180,184
16.057029,16.048684,0.367456,0.027486,182,186
16.231562,16.223151,0.372252,0.027486,184,188
16.406095,16.397618,0.377049,0.027486,186,190
16.667894,16.659319,0.384244,0.027486,189,193
16.798794,16.790181,0.387392,0.020614,191,194
16.973327,16.964676,0.390989,0.020614,193,196
17.191493,17.182779,0.396235,0.027486,195,199
17.366026,17.357246,0.401032,0.027486,197,201
17.540559,17.531713,0.405829,0.027486,199,203
17.715092,17.706180,0.410625,0.027486,201,205
17.889625,17.880647,0.415422,0.027486,203,207
18.107791,18.098751,0.420668,0.020614,206,209
18.282324,18.273246,0.424266,0.020614,208,211
18.456857,18.447742,0.427863,0.020614,210,213
18.631390,18.622238,0.431461,0.020614,212,215
18.849556,18.840372,0.435208,0.013743,215,217
18.980455,18.971265,0.436557,0.006871,217,218
19.154988,19.145794,0.437757,0.006871,219,220
19.373155,19.363948,0.440005,0.013743,221,223
19.504054,19.494841,0.441354,0.006871,223,224
19.722220,19.712995,0.443603,0.013743,225,227
19.853120,19.843888,0.444952,0.006871,227,228
19.984020,19.974781,0.446301,0.013743,228,230
20.158553,20.149297,0.448700,0.013743,230,232
20.333086,20.323814,0.451098,0.013743,232,234
20.463985,20.454707,0.452448,0.006871,234,235
20.594885,20.585599,0.453797,0.013743,235,237
20.769418,20.760116,0.456195,0.013743,237,239
20.856684,20.847374,0.457394,0.013743,238,240
20.987584,20.978267,0.458744,0.006871,240,241
21.118484,21.109159,0.460093,0.013743,241,243
21.293017,21.283676,0.462491,0.013743,243,245
21.380283,21.370934,0.463691,0.013743,244,246
21.511183,21.501814,0.465939,0.020614,245,248
21.642083,21.632676,0.469087,0.027486,246,250
21.772982,21.763538,0.472235,0.020614,248,251
21.860249,21.850786,0.474034,0.020614,249,252
21.991148,21.981648,0.477181,0.027486,250,254
22.122048,22.112510,0.480329,0.020614,252,255
22.209315,22.199758,0.482128,0.020614,253,256
22.340214,22.330638,0.484376,0.013743,255,257
22.471114,22.461518,0.486625,0.020614,256,259
22.558380,22.548766,0.488424,0.020614,257,260
22.689280,22.679647,0.490672,0.013743,259,261
22.776547,22.766905,0.491872,0.013743,260,262
22.907446,22.897785,0.494120,0.020614,261,264
22.994713,22.985033,0.495919,0.020614,262,265
23.125612,23.115895,0.499067,0.027486,263,267
23.212879,23.203129,0.501465,0.027486,264,268
23.300145,23.290362,0.503863,0.027486,265,269
23.387412,23.377596,0.506262,0.027486,266,270
23.474678,23.464829,0.508660,0.027486,267,271
23.561945,23.552063,0.511058,0.027486,268,272
23.649211,23.639311,0.512857,0.013743,270,272
23.780111,23.770191,0.515105,0.020614,271,274
23.823744,23.813818,0.515855,0.013743,272,274
23.911011,23.901076,0.517054,0.013743,273,275
23.998277,23.988334,0.518253,0.013743,274,276
24.129177,24.119215,0.520502,0.020614,275,278
24.216443,24.206462,0.522301,0.020614,276,279
24.347343,24.337324,0.525449,0.027486,277,281
24.434609,24.424558,0.527847,0.027486,278,282
24.521876,24.511791,0.530245,0.027486,279,283
24.609142,24.599025,0.532643,0.027486,280,284
24.652776,24.642645,0.533693,0.020614,281,284
24.740042,24.729893,0.535491,0.020614,282,285
24.783675,24.773520,0.536241,0.013743,283,285
24.914575,24.904401,0.538489,0.020614,284,287
25.045475,25.035281,0.540738,0.013743,286,288
25.132741,25.122539,0.541937,0.013743,287,289
25.176374,25.166170,0.542387,0.006871,288,289
25.263641,25.253434,0.542987,0.006871,289,290
25.350907,25.340699,0.543586,0.006871,290,291
25.438174,25.427963,0.544186,0.006871,291,292
25.569073,25.558856,0.545535,0.013743,292,294
25.656340,25.646114,0.546734,0.013743,293,295
25.743606,25.733372,0.547934,0.013743,294,296
25.743606,25.733372,0.547934,0.013743,294,296
25.830873,25.820631,0.549133,0.013743,295,297
25.918139,25.907889,0.550332,0.013743,296,298
25.961772,25.951520,0.550782,0.006871,297,298
26.049039,26.038784,0.551381,0.006871,298,299
26.092672,26.082415,0.551831,0.013743,298,300
26.136305,26.126046,0.552281,0.006871,299,300
26.223572,26.213310,0.552880,0.006871,300,301
26.267205,26.256943,0.553030,0.000000,301,301
26.354472,26.344210,0.553030,0.000000,302,302
26.441738,26.431476,0.553030,0.000000,303,303
26.529004,26.518743,0.553030,0.000000,304,304
26.616271,26.606009,0.553030,0.000000,305,305
26.703537,26.693274,0.553630,0.013743,305,307
26.790804,26.780532,0.554829,0.013743,306,308
26.878070,26.867790,0.556028,0.013743,307,309
26.790804,26.780557,0.553630,0.041228,304,310
26.790804,26.780557,0.553630,0.054971,303,311
26.747171,26.736998,0.551083,0.061842,302,311
26.703537,26.693457,0.548237,0.068714,301,311
26.703537,26.693457,0.548237,0.082457,300,312
26.703537,26.693457,0.548237,0.096199,299,313
26.747171,26.736843,0.552875,0.116813,298,315
26.703537,26.693562,0.547344,0.137428,296,316
26.703537,26.693562,0.547344,0.151170,295,317
26.659904,26.650497,0.540328,0.171784,293,318
26.659904,26.650497,0.540328,0.185527,292,319
26.616271,26.607640,0.532132,0.192399,291,319
26.572638,26.564900,0.523348,0.213013,289,320
26.485371,26.479735,0.504314,0.226755,287,320
26.398105,26.394839,0.484111,0.240498,285,320
26.354472,26.352571,0.473282,0.261112,283,321
26.354472,26.352571,0.473282,0.274855,282,322
26.310838,26.310700,0.461007,0.295469,280,323
26.310838,26.310700,0.461007,0.322955,278,325
26.267205,26.269370,0.447017,0.329826,277,325
26.223572,26.228237,0.432461,0.350440,275,326
26.179939,26.187412,0.417059,0.371054,273,327
26.179939,26.187412,0.417059,0.384797,272,328
26.136305,26.147141,0.400265,0.405411,270,329
26.136305,26.147141,0.400265,0.419154,269,330
26.136305,26.147141,0.400265,0.446639,267,332
26.136305,26.147141,0.400265,0.460382,266,333
26.092672,26.108252,0.380477,0.480996,264,334
26.092672,26.108252,0.380477,0.508482,262,336
26.049039,26.070360,0.358843,0.529096,260,337
26.049039,26.070360,0.358843,0.542839,259,338
26.049039,26.070360,0.358843,0.570324,257,340
26.092672,26.106843,0.382778,0.590938,256,342
26.049039,26.070861,0.358096,0.611552,254,343
26.092672,26.106326,0.383514,0.632167,253,345
26.049039,26.071393,0.357370,0.652781,251,346
26.049039,26.071393,0.357370,0.680266,249,348
26.005406,26.037567,0.329808,0.687138,248,348
26.005406,26.037567,0.329808,0.714623,246,350
26.049039,26.070228,0.358741,0.735237,245,352
26.005406,26.038170,0.329141,0.755851,243,353
26.005406,26.038170,0.329141,0.783337,241,355
26.049039,26.068768,0.360248,0.803951,240,357
26.092672,26.098499,0.392184,0.838308,238,360
26.092672,26.098499,0.392184,0.852051,237,361
26.049039,26.070109,0.359050,0.872665,235,362
26.092672,26.097810,0.392762,0.893279,234,364
26.136305,26.125045,0.426852,0.900150,234,365
26.136305,26.125045,0.426852,0.913893,233,366
26.092672,26.098757,0.392026,0.934507,231,367
26.223572,26.176901,0.497042,0.927636,233,368
26.485371,26.335345,0.705451,0.913893,237,370
26.703537,26.469165,0.877755,0.907022,240,372
26.790804,26.523401,0.946122,0.893279,242,372
26.965337,26.633740,1.081351,0.879536,245,373
27.008970,26.661672,1.114872,0.872665,246,373
27.096236,26.717766,1.181722,0.872665,247,374
27.139870,26.745927,1.215050,0.865793,248,374
27.227136,26.802479,1.281513,0.865793,249,375
27.358036,26.886964,1.381499,0.872665,250,377
27.488936,26.970760,1.482062,0.879536,251,379
27.576202,27.026393,1.549296,0.879536,252,380
27.750735,27.137659,1.683764,0.879536,254,382
27.794368,27.165591,1.717285,0.872665,255,382
27.881635,27.222143,1.783748,0.858922,257,382
27.968901,27.279150,1.849821,0.858922,258,383
28.099801,27.365001,1.948635,0.852051,260,384
28.230700,27.451528,2.046858,0.845179,262,385
28.361600,27.538056,2.145081,0.852051,263,387
28.492500,27.624584,2.243303,0.845179,265,388
28.623400,27.711112,2.341526,0.852051,266,390
28.754299,27.797639,2.439748,0.845179,268,391
28.885199,27.884840,2.537374,0.838308,270,392
29.059732,28.001554,2.667142,0.838308,272,394
29.146998,28.060355,2.731623,0.824565,274,394
29.277898,28.149550,2.827430,0.817694,276,395
29.408798,28.239400,2.922623,0.810822,278,396
29.539697,28.329903,3.017196,0.803951,280,397
29.714230,28.451006,3.142877,0.803951,282,399
29.888763,28.572108,3.268559,0.803951,284,401
30.063296,28.693211,3.394241,0.803951,286,403
30.237829,28.814314,3.519922,0.803951,288,405
30.368729,28.904816,3.614495,0.810822,289,407
30.499629,28.995319,3.709068,0.803951,291,408
30.674161,29.116422,3.834750,0.803951,293,410
30.805061,29.207572,3.928698,0.797080,295,411
30.979594,29.330390,4.052704,0.783337,298,412
31.110494,29.423458,4.144754,0.776465,300,413
31.372293,29.610224,4.328213,0.776465,303,416
31.590459,29.766387,4.480560,0.769594,306,418
31.764992,29.891735,4.602007,0.769594,308,420
31.983158,30.048941,4.753278,0.762723,311,422
32.157691,30.174290,4.874725,0.776465,312,425
32.332224,30.298801,4.997032,0.776465,314,427
32.506757,30.423312,5.119338,0.776465,316,429
32.724923,30.578424,5.272754,0.783337,318,432
32.855823,30.670857,5.365441,0.790208,319,434
33.030356,30.794524,5.488600,0.776465,322,435
33.248522,30.950687,5.640947,0.769594,325,437
33.423055,31.076867,5.761530,0.755851,328,438
33.553955,31.171812,5.851642,0.762723,329,440
33.859387,31.393351,6.061903,0.755851,333,443
34.033920,31.520356,6.181617,0.755851,335,445
34.295720,31.710865,6.361187,0.755851,338,448
34.557519,31.900134,6.542063,0.769594,340,452
34.688419,31.993832,6.633471,0.776465,341,454
34.906585,32.149995,6.785818,0.769594,344,456
35.124751,32.306158,6.938165,0.776465,346,459
35.299284,32.431507,7.059612,0.762723,349,460
35.517450,32.589748,7.209799,0.755851,352,462
35.735616,32.749018,7.358895,0.748980,355,464
35.910149,32.876843,7.477733,0.748980,357,466
36.128315,33.036114,7.626828,0.755851,359,469
36.390115,33.226622,7.806399,0.755851,362,472
36.608281,33.384864,7.956585,0.762723,364,475
36.870080,33.574134,8.137461,0.762723,367,478
37.000980,33.668457,8.228223,0.769594,368,480
37.175513,33.793806,8.349670,0.769594,370,482
37.393679,33.951012,8.500941,0.762723,373,484
37.568212,34.077192,8.621524,0.762723,375,486
37.830011,34.266461,8.802399,0.762723,378,489
38.048178,34.424703,8.952586,0.755851,381,491
38.266344,34.582945,9.102773,0.762723,383,494
38.484510,34.740151,9.254043,0.769594,385,497
38.702676,34.897357,9.405313,0.762723,388,499
38.920842,35.054563,9.556584,0.769594,390,502
39.095375,35.179912,9.678031,0.769594,392,504
39.313541,35.337118,9.829302,0.762723,395,506
39.488074,35.463298,9.949885,0.762723,397,508
39.706240,35.621540,10.100072,0.755851,400,510
39.880773,35.748545,10.219785,0.755851,402,512
40.098939,35.906787,10.369972,0.762723,404,515
40.360739,36.096057,10.550847,0.762723,407,518
40.578905,36.253263,10.702117,0.769594,409,521
40.797071,36.410469,10.853388,0.762723,412,523
40.971604,36.536649,10.973971,0.762723,414,525
41.146137,36.662829,11.094554,0.762723,416,527
41.320670,36.789834,11.214268,0.748980,419,528
41.451570,36.885396,11.303725,0.755851,420,530
41.713369,37.075905,11.483296,0.755851,423,533
41.931535,37.234146,11.633482,0.762723,425,536
42.149701,37.391352,11.784753,0.769594,427,539
42.411501,37.579375,11.966924,0.769594,430,542
42.586034,37.704723,12.088372,0.769594,432,544
42.716933,37.799047,12.179134,0.762723,434,545
42.891466,37.926052,12.298848,0.748980,437,546
43.109632,38.086343,12.446845,0.742109,440,548
43.327799,38.246634,12.594843,0.748980,442,551
43.545965,38.405904,12.743939,0.755851,444,554
43.764131,38.564146,12.894125,0.762723,446,557
44.025930,38.752168,13.076297,0.776465,448,561
44.287730,38.938935,13.259756,0.776465,451,564
44.462263,39.063446,13.382062,0.776465,453,566
44.593162,39.157144,13.473470,0.769594,455,567
44.724062,39.251467,13.564232,0.762723,457,568
44.985861,39.440737,13.745108,0.762723,460,571
45.204028,39.597943,13.896378,0.769594,462,574
45.422194,39.755149,14.047648,0.762723,465,576
45.596727,39.881329,14.168232,0.762723,467,578
45.814893,40.038535,14.319502,0.769594,469,581
46.076692,40.226558,14.501674,0.769594,472,584
46.294858,40.382721,14.654021,0.776465,474,587
46.513024,40.538884,14.806368,0.769594,477,589
46.731191,40.695047,14.958715,0.776465,479,592
46.905724,40.819558,15.081021,0.776465,481,594
47.167523,41.006324,15.264480,0.776465,484,597
47.342056,41.130835,15.386786,0.776465,486,599
47.603855,41.317601,15.570245,0.776465,489,602
47.778388,41.442112,15.692551,0.776465,491,604
48.040188,41.628878,15.876010,0.776465,494,607
48.214720,41.753389,15.998316,0.776465,496,609
48.476520,41.940156,16.181775,0.776465,499,612
48.694686,42.095268,16.335192,0.783337,501,615
48.912852,42.250381,16.488608,0.776465,504,617
49.131018,42.405493,16.642025,0.783337,506,620
49.392818,42.590994,16.826763,0.783337,509,623
49.610984,42.746107,16.980179,0.776465,512,625
49.872783,42.932873,17.163638,0.776465,515,628
50.047316,43.057384,17.285944,0.776465,517,630
50.265482,43.212497,17.439361,0.783337,519,633
50.483649,43.367609,17.592777,0.776465,522,635
50.745448,43.554375,17.776236,0.776465,525,638
51.007247,43.741142,17.959696,0.776465,528,641
51.181780,43.865653,18.082002,0.776465,530,643
51.399946,44.021816,18.234349,0.769594,533,645
51.618113,44.177979,18.386696,0.776465,535,648
51.879912,44.364745,18.570155,0.776465,538,651
52.141711,44.551511,18.753614,0.776465,541,654
52.316244,44.676022,18.875920,0.776465,543,656
52.534410,44.832185,19.028267,0.769594,546,658
52.752577,44.989391,19.179537,0.762723,549,660
53.014376,45.177414,19.361709,0.776465,551,664
53.232542,45.333577,19.514056,0.769594,554,666
53.450708,45.489740,19.666403,0.776465,556,669
53.668874,45.644852,19.819819,0.783337,558,672
53.930674,45.830353,20.004557,0.783337,561,675
54.148840,45.985466,20.157974,0.776465,564,677
54.367006,46.141629,20.310321,0.769594,567,679
54.585172,46.297792,20.462668,0.776465,569,682
54.759705,46.423140,20.584115,0.762723,572,683
55.021505,46.611163,20.766287,0.776465,574,687
55.283304,46.797929,20.949746,0.776465,577,690
55.501470,46.953042,21.103162,0.783337,579,693
55.763270,47.138543,21.287900,0.783337,582,696
55.937803,47.262210,21.411059,0.783337,584,698
56.155969,47.417323,21.564476,0.776465,587,700
56.330502,47.541834,21.686782,0.776465,589,702
56.592301,47.729856,21.868953,0.762723,593,704
56.810467,47.887062,22.020223,0.769594,595,707
57.028633,48.043225,22.172570,0.776465,597,710
57.246799,48.198338,22.325987,0.783337,599,713
57.508599,48.382565,22.511995,0.797080,601,717
57.770398,48.565510,22.699265,0.797080,604,720
57.944931,48.687474,22.824112,0.797080,606,722
58.119464,48.810292,22.948117,0.783337,609,723
58.293997,48.934803,23.070423,0.769594,612,724
58.555796,49.122826,23.252595,0.769594,615,727
58.730329,49.248174,23.374043,0.769594,617,729
58.992129,49.436197,23.556214,0.769594,620,732
59.253928,49.624219,23.738385,0.769594,623,735
59.515728,49.810985,23.921845,0.783337,625,739
59.821160,50.026662,24.138115,0.790208,628,743
60.039326,50.180717,24.292593,0.783337,631,745
60.213859,50.304384,24.415752,0.783337,633,747
60.388392,50.428052,24.538911,0.783337,635,749
60.650192,50.613553,24.723649,0.783337,638,752
60.824724,50.737221,24.846808,0.783337,640,754
61.086524,50.923987,25.030267,0.769594,644,756
61.391956,51.144075,25.242045,0.762723,648,759
61.522856,51.238399,25.332807,0.769594,649,761
61.871922,51.490759,25.573974,0.755851,654,764
62.046455,51.617764,25.693688,0.755851,656,766
62.264621,51.776006,25.843875,0.762723,658,769
62.526420,51.965276,26.024750,0.762723,661,772
62.744587,52.123518,26.174936,0.755851,664,774
62.744587,52.123518,26.174936,0.783337,662,776
62.788220,52.154116,26.206043,0.803951,661,778
62.875486,52.214234,26.269298,0.817694,661,780
63.006386,52.302768,26.365717,0.838308,661,783
63.050019,52.331610,26.398458,0.858922,660,785
63.180919,52.416095,26.498443,0.879536,660,788
63.137286,52.388627,26.464541,0.900150,658,789
63.137286,52.388627,26.464541,0.913893,657,790
63.093652,52.362579,26.429536,0.948250,654,792
63.006386,52.312181,26.358293,0.961993,652,792
62.919120,52.263263,26.286026,0.989478,649,793
62.788220,52.193273,26.175410,1.023835,645,794
62.700953,52.148915,26.100258,1.051320,642,795
62.526420,52.064362,25.947573,1.078806,638,795
62.395521,52.003720,25.831568,1.099420,635,795
62.220988,51.926607,25.674994,1.126906,631,795
62.046455,51.852737,25.516864,1.140648,628,794
61.871922,51.782143,25.357245,1.168134,624,794
61.741022,51.732924,25.235952,1.202491,620,795
61.610123,51.687900,25.113039,1.236848,616,796
61.522856,51.660432,25.030208,1.264333,613,797
61.391956,51.622229,24.905007,1.284947,610,797
61.261057,51.586616,24.779045,1.305561,607,797
61.173790,51.564899,24.694524,1.333047,604,798
61.042891,51.535383,24.566995,1.353661,601,798
60.999257,51.526423,24.524292,1.374275,599,799
60.911991,51.509972,24.438590,1.388018,597,799
60.868358,51.502484,24.395604,1.408632,595,800
60.824724,51.495883,24.352473,1.429246,593,801
60.737458,51.484760,24.265918,1.456732,590,802
60.693825,51.480241,24.222520,1.477346,588,803
60.693825,51.480241,24.222520,1.504831,586,805
60.650191,51.477814,24.178954,1.525445,584,806
60.693825,51.479342,24.222561,1.546059,583,808
60.693825,51.479342,24.222561,1.573545,581,810
60.737458,51.478773,24.266190,1.594159,580,812
60.737458,51.478773,24.266190,1.621645,578,814
60.737458,51.478773,24.266190,1.635387,577,815
60.781091,51.475807,24.309722,1.642259,577,816
60.824724,51.472542,24.353233,1.649130,577,817
60.824724,51.472542,24.353233,1.662873,576,818
60.824724,51.472542,24.353233,1.676616,575,819
60.824724,51.472542,24.353233,1.676616,575,819
60.868358,51.467784,24.396606,1.683487,575,820
60.911991,51.463325,24.440011,1.662873,577,819
60.955624,51.459163,24.483445,1.669744,577,820
60.911991,51.463325,24.440011,1.662873,577,819
60.911991,51.463325,24.440011,1.662873,577,819
60.911991,51.463325,24.440011,1.662873,577,819
60.911991,51.463325,24.440011,1.662873,577,819
60.911991,51.463325,24.440011,1.662873,577,819
60.911991,51.463325,24.440011,1.662873,577,819
60.911991,51.463325,24.440011,1.662873,577,819
60.911991,51.463325,24.440011,1.662873,577,819
60.911991,51.463325,24.440011,1.662873,577,819
60.911991,51.463325,24.440011,1.662873,577,819
60.911991,51.463325,24.440011,1.662873,577,819
60.911991,51.463325,24.440011,1.662873,577,819
60.911991,51.463325,24.440011,1.662873,577,819
60.911991,51.463325,24.440011,1.662873,577,819
60.911991,51.463325,24.440011,1.662873,577,819
60.911991,51.463325,24.440011,1.662873,577,819
60.911991,51.463325,24.440011,1.662873,577,819
60.911991,51.463325,24.440011,1.662873,577,819
60.911991,51.463325,24.440011,1.662873,577,819
60.911991,51.463325,24.440011,1.662873,577,819
60.911991,51.463325,24.440011,1.662873,577,819
60.911991,51.463325,24.440011,1.662873,577,819
60.911991,51.463325,24.440011,1.662873,577,819
60.911991,51.463325,24.440011,1.662873,577,819
60.911991,51.463325,24.440011,1.662873,577,819
60.911991,51.463325,24.440011,1.662873,577,819
60.911991,51.463325,24.440011,1.662873,577,819
60.911991,51.463325,24.440011,1.662873,577,819
60.911991,51.463325,24.440011,1.662873,577,819
60.911991,51.463325,24.440011,1.662873,577,819
60.911991,51.463325,24.440011,1.662873,577,819
60.911991,51.463325,24.440011,1.662873,577,819
60.911991,51.463325,24.440011,1.662873,577,819
60.911991,51.463325,24.440011,1.662873,577,819
60.911991,51.463325,24.440011,1.662873,577,819
60.911991,51.463325,24.440011,1.662873,577,819
60.911991,51.463325,24.440011,1.662873,577,819
60.911991,51.463325,24.440011,1.662873,577,819
60.911991,51.463325,24.440011,1.662873,577,819
60.911991,51.463325,24.440011,1.662873,577,819
60.911991,51.463325,24.440011,1.662873,577,819
60.911991,51.463325,24.440011,1.662873,577,819
60.911991,51.463325,24.440011,1.662873,577,819
60.911991,51.463325,24.440011,1.662873,577,819
60.911991,51.463325,24.440011,1.662873,577,819
60.911991,51.463325,24.440011,1.662873,577,819
60.911991,51.463325,24.440011,1.662873,577,819
60.911991,51.463325,24.440011,1.662873,577,819
60.911991,51.463325,24.440011,1.662873,577,819
60.911991,51.463325,24.440011,1.662873,577,819
60.911991,51.463325,24.440011,1.662873,577,819
60.911991,51.463325,24.440011,1.662873,577,819
60.911991,51.463325,24.440011,1.662873,577,819
60.911991,51.463325,24.440011,1.662873,577,819
60.911991,51.463325,24.440011,1.662873,577,819
60.911991,51.463325,24.440011,1.662873,577,819
60.911991,51.463325,24.440011,1.662873,577,819
60.911991,51.463325,24.440011,1.662873,577,819
60.911991,51.463325,24.440011,1.662873,577,819
60.911991,51.463325,24.440011,1.662873,577,819
60.911991,51.463325,24.440011,1.662873,577,819
60.911991,51.463325,24.440011,1.662873,577,819
60.911991,51.463325,24.440011,1.662873,577,819
60.911991,51.463325,24.440011,1.662873,577,819
60.911991,51.463325,24.440011,1.662873,577,819
60.911991,51.463325,24.440011,1.662873,577,819
60.911991,51.463325,24.440011,1.662873,577,819
60.911991,51.463325,24.440011,1.662873,577,819
60.911991,51.463325,24.440011,1.662873,577,819
60.911991,51.463325,24.440011,1.662873,577,819
60.911991,51.463325,24.440011,1.662873,577,819
60.911991,51.463325,24.440011,1.662873,577,819
60.911991,51.463325,24.440011,1.662873,577,819
60.868358,51.467187,24.396549,1.656001,577,818
60.911991,51.463325,24.440011,1.662873,577,819
60.911991,51.463325,24.440011,1.662873,577,819
60.911991,51.463325,24.440011,1.662873,577,819
60.911991,51.463325,24.440011,1.662873,577,819
60.911991,51.463325,24.440011,1.662873,577,819
60.911991,51.463325,24.440011,1.662873,577,819
60.911991,51.463325,24.440011,1.662873,577,819
60.911991,51.463325,24.440011,1.662873,577,819
60.911991,51.463325,24.440011,1.662873,577,819
60.911991,51.463325,24.440011,1.662873,577,819
60.911991,51.463325,24.440011,1.662873,577,819
60.911991,51.463325,24.440011,1.662873,577,819
60.911991,51.463325,24.440011,1.662873,577,819
60.911991,51.463325,24.440011,1.662873,577,819
60.911991,51.463325,24.440011,1.662873,577,819
60.911991,51.463325,24.440011,1.662873,577,819
60.911991,51.463325,24.440011,1.662873,577,819
60.911991,51.463325,24.440011,1.662873,577,819
60.911991,51.463325,24.440011,1.662873,577,819
60.955624,51.459462,24.483473,1.656001,578,819
60.911991,51.463325,24.440011,1.662873,577,819
60.911991,51.463325,24.440011,1.662873,577,819
60.955624,51.459163,24.483445,1.669744,577,820
60.999257,51.455002,24.526880,1.662873,578,820
61.086524,51.446381,24.613719,1.676616,578,822
61.130157,51.441624,24.657093,1.683487,578,823
61.173790,51.436866,24.700466,1.676616,579,823
61.173790,51.436866,24.700466,1.676616,579,823
61.261057,51.428245,24.787305,1.662873,581,823
61.348323,51.420222,24.874202,1.662873,582,824
61.391956,51.416359,24.917664,1.656001,583,824
61.435590,51.412496,24.961126,1.662873,583,825
61.522856,51.404472,25.048023,1.662873,584,826
61.653756,51.391989,25.178326,1.669744,585,828
61.741022,51.383368,25.265165,1.669744,586,829
61.784655,51.379207,25.308600,1.662873,587,829
61.915555,51.367619,25.438985,1.656001,589,830
62.046455,51.356928,25.569448,1.649130,591,831
62.133721,51.350697,25.656492,1.635387,593,831
62.220988,51.345064,25.743576,1.635387,594,832
62.395521,51.333798,25.917745,1.635387,596,834
62.570054,51.321337,26.091832,1.649130,597,837
62.744587,51.306483,26.265732,1.662873,598,840
62.919119,51.290436,26.439526,1.662873,600,842
63.050019,51.278848,26.569912,1.656001,602,843
63.180919,51.268156,26.700374,1.649130,604,844
63.311819,51.259258,26.830971,1.628516,607,844
63.529985,51.247421,27.048816,1.621645,610,846
63.660884,51.241217,27.179568,1.614773,612,847
63.791784,51.235912,27.310360,1.607902,614,848
63.966317,51.229437,27.484773,1.607902,616,850
64.097217,51.225031,27.615599,1.601030,618,851
64.315383,51.219185,27.833686,1.594159,621,853
64.577182,51.213069,28.095414,1.594159,624,856
64.795348,51.207223,28.313502,1.601030,626,859
65.013515,51.201378,28.531590,1.594159,629,861
65.188048,51.197300,28.706075,1.594159,631,863
65.406214,51.192953,28.924198,1.587288,634,865
65.580747,51.190075,29.098707,1.587288,636,867
65.711646,51.188366,29.229596,1.580416,638,868
65.929812,51.187017,29.447758,1.573545,641,870
66.104345,51.186537,29.622290,1.573545,643,872
66.278878,51.186058,29.796822,1.573545,645,874
66.497044,51.186208,30.014989,1.566674,648,876
66.715211,51.187856,30.233148,1.559802,651,878
66.933377,51.189505,30.451308,1.566674,653,881
67.151543,51.191154,30.669468,1.559802,656,883
67.326076,51.193073,30.843991,1.559802,658,885
67.544242,51.196221,31.062134,1.552931,661,887
67.675142,51.199009,31.193004,1.546059,663,888
67.893308,51.205155,31.411084,1.539188,666,890
68.024208,51.209741,31.541903,1.532317,668,891
68.155107,51.216125,31.672647,1.511703,671,891
68.329640,51.227630,31.846800,1.497960,674,892
68.504173,51.241527,32.020779,1.484217,677,893
68.722339,51.262631,32.237922,1.463603,681,894
68.896872,51.283687,32.411180,1.436117,685,894
69.027772,51.302599,32.540707,1.415503,688,894
69.289571,51.346642,32.798775,1.388018,693,895
69.420471,51.371760,32.927242,1.367404,696,895
69.638637,51.419492,33.140122,1.333047,701,895
69.813170,51.462924,33.309165,1.305561,705,895
69.987703,51.512138,33.476616,1.264333,710,894
70.162236,51.568211,33.641896,1.223105,715,893
70.293136,51.614920,33.764178,1.188748,719,892
70.467668,51.683314,33.924752,1.147520,724,891
70.642201,51.758268,34.082371,1.106291,729,890
70.816734,51.838593,34.237322,1.078806,733,890
71.034900,51.944938,34.427813,1.044449,738,890
71.209433,52.035712,34.576884,1.003221,743,889
71.340333,52.107967,34.686034,0.968864,747,888
71.558499,52.235790,34.862833,0.920764,753,887
71.733032,52.344260,34.999566,0.879536,758,886
71.863932,52.429430,35.098968,0.845179,762,885
72.038465,52.547917,35.227119,0.803951,767,884
72.212998,52.671584,35.350278,0.762723,772,883
72.343897,52.767146,35.439736,0.742108,775,883
72.474797,52.865131,35.526533,0.707752,779,882
72.605697,52.965463,35.610605,0.687137,782,882
72.911129,53.203567,35.801905,0.666523,787,884
73.042029,53.307280,35.881770,0.645909,790,884
73.172929,53.412616,35.959480,0.625295,793,884
73.347462,53.555517,36.059686,0.597810,797,884
73.434728,53.628646,36.107306,0.556581,801,882
73.565628,53.740960,36.174539,0.522224,805,881
73.740161,53.893411,36.259510,0.494739,809,881
73.914694,54.048141,36.340260,0.467253,813,881
74.045593,54.165611,36.398014,0.446639,816,881
74.263760,54.362698,36.491572,0.439768,819,883
74.569192,54.638621,36.622552,0.446639,822,887
74.700092,54.757256,36.677873,0.426025,825,887
74.961891,54.997119,36.782776,0.398540,830,888
74.961891,54.997119,36.782776,0.384797,831,887
75.049158,55.078447,36.814419,0.357311,834,886
75.354590,55.366381,36.916315,0.322955,840,887
75.616390,55.616306,36.994267,0.281726,846,887
75.703656,55.700297,37.017952,0.267984,848,887
75.965456,55.954127,37.082055,0.226755,854,887
76.096355,56.081972,37.110167,0.206141,857,887
76.227255,56.210370,37.135638,0.185527,860,887
76.314522,56.296247,37.151146,0.171784,862,887
76.532688,56.511811,37.184742,0.137427,867,887
76.707221,56.685011,37.206274,0.109942,871,887
76.838120,56.815261,37.219294,0.089328,874,887
77.012653,56.989296,37.232474,0.061842,878,887
77.187186,57.163627,37.240866,0.034357,882,887
77.318086,57.294489,37.244013,0.013743,885,887
77.492619,57.469022,37.244013,-0.013743,889,887
77.667152,57.643489,37.239217,-0.041228,893,887
77.841685,57.817758,37.229627,-0.068714,897,887
78.016218,57.991698,37.215252,-0.096199,901,887
78.190750,58.165177,37.196102,-0.123685,905,887
78.365283,58.338065,37.172192,-0.151170,909,887
78.539816,58.510230,37.143540,-0.178656,913,887
78.670716,58.638799,37.118952,-0.199270,916,887
78.888882,58.851875,37.072098,-0.233627,921,887
79.019782,58.978899,37.040483,-0.254241,924,887
79.194315,59.147202,36.994268,-0.281726,928,887
79.325214,59.272298,36.955722,-0.316083,932,886
79.456114,59.396287,36.913752,-0.336697,935,886
79.630647,59.560212,36.853833,-0.364183,939,886
79.761547,59.682040,36.805950,-0.384797,942,886
79.936080,59.843356,36.739325,-0.398540,945,887
80.110613,60.003741,36.670490,-0.412283,948,888
80.416045,60.284000,36.549065,-0.405411,951,892
80.634211,60.484185,36.462333,-0.412283,954,894
80.896011,60.724763,36.359080,-0.398540,956,898
81.070544,60.886533,36.293565,-0.371054,956,902
81.201443,61.009007,36.247361,-0.350440,956,905
81.332343,61.132105,36.202845,-0.343569,957,907
81.463243,61.255802,36.160024,-0.322955,957,910
81.637776,61.421689,36.105771,-0.309212,958,913
81.768675,61.546517,36.066366,-0.302341,959,915
81.899575,61.671344,36.026961,-0.309212,961,916
82.030475,61.796172,35.987555,-0.302341,962,918
82.117741,61.879657,35.962144,-0.288598,962,920
82.205008,61.963314,35.937308,-0.288598,963,921
82.335907,62.088928,35.900484,-0.281726,964,923
82.510440,62.256580,35.851961,-0.281726,966,925
82.641340,62.382688,35.816867,-0.261112,966,928
82.772240,62.509266,35.783509,-0.254241,967,930
82.946773,62.678486,35.740774,-0.240498,968,933
83.077672,62.805725,35.710033,-0.233627,969,935
83.164939,62.890620,35.689830,-0.233627,970,936
83.295838,63.018067,35.659963,-0.226755,971,938
83.383105,63.103100,35.640344,-0.226755,972,939
83.514005,63.230749,35.611354,-0.219884,973,941
83.644904,63.358594,35.583242,-0.213013,974,943
83.775804,63.486440,35.555129,-0.219884,976,944
83.819437,63.529055,35.545759,-0.213013,976,945
83.993970,63.699643,35.508861,-0.213013,978,947
84.124870,63.827678,35.481628,-0.206141,979,949
84.255770,63.955898,35.455276,-0.199270,980,951
84.386669,64.084296,35.429804,-0.192399,981,953
84.561202,64.255833,35.397609,-0.178656,982,956
84.692102,64.384569,35.373905,-0.185527,984,957
84.779368,64.470446,35.358397,-0.171784,984,959
84.910268,64.599495,35.336464,-0.164913,985,961
85.041168,64.728545,35.314531,-0.171784,987,962
85.128434,64.814527,35.299614,-0.171784,988,963
85.259334,64.943576,35.277681,-0.164913,989,965
85.390234,65.072773,35.256636,-0.158042,990,967
85.521133,65.202246,35.237368,-0.137428,990,970
85.695666,65.375134,35.213457,-0.137428,992,972
85.826566,65.504860,35.195970,-0.130556,993,974
85.913832,65.591460,35.185204,-0.116813,993,976
86.044732,65.721519,35.170395,-0.109942,994,978
86.175632,65.851677,35.156480,-0.103071,995,980
86.262898,65.938481,35.147501,-0.103071,996,981
86.393798,66.068731,35.134480,-0.096199,997,983
86.524698,66.199068,35.122355,-0.089328,998,985
86.699231,66.372905,35.106785,-0.089328,1000,987
86.786497,66.459824,35.099000,-0.089328,1001,988
86.917397,66.590241,35.087771,-0.082457,1002,990
87.048296,66.720732,35.077438,-0.075585,1003,992
87.222829,66.894766,35.064258,-0.075585,1005,994
87.353729,67.025326,35.054822,-0.068714,1006,996
87.484629,67.155947,35.046283,-0.061842,1007,998
87.571895,67.243046,35.040890,-0.061842,1008,999
87.746428,67.417245,35.030103,-0.061842,1010,1001
87.833695,67.504345,35.024710,-0.061842,1011,1002
87.964594,67.634966,35.016171,-0.068714,1013,1003
88.095494,67.765587,35.007632,-0.061842,1014,1005
88.226394,67.896208,34.999093,-0.068714,1016,1006
88.400927,68.070329,34.987110,-0.068714,1018,1008
88.531826,68.200950,34.978571,-0.061842,1019,1010
88.749992,68.418744,34.965836,-0.054971,1021,1013
88.880892,68.549470,34.959093,-0.048100,1022,1015
89.011792,68.680239,34.953248,-0.041228,1023,1017
89.186325,68.854624,34.946055,-0.041228,1025,1019
89.229958,68.898226,34.944406,-0.034357,1025,1020
89.404491,69.072656,34.938411,-0.034357,1027,1022
89.491757,69.159870,34.935413,-0.034357,1028,1023
89.579024,69.247085,34.932416,-0.034357,1029,1024
89.709924,69.377923,34.928369,-0.027486,1030,1026
89.797190,69.465156,34.925971,-0.027486,1031,1027
89.971723,69.639623,34.921174,-0.027486,1033,1029
90.102623,69.770460,34.917127,-0.034357,1035,1030
90.277156,69.944890,34.911132,-0.034357,1037,1032
90.408055,70.075727,34.907085,-0.027486,1038,1034
90.538955,70.206589,34.903937,-0.020614,1039,1036
90.669855,70.337469,34.901689,-0.013743,1040,1038
90.844388,70.511986,34.899290,-0.013743,1042,1040
90.975287,70.642879,34.897941,-0.006871,1043,1042
91.062554,70.730143,34.897341,-0.006871,1044,1043
91.149820,70.817407,34.896742,-0.006871,1045,1044
91.324353,70.991936,34.895542,-0.006871,1047,1046
91.411620,71.079201,34.894943,-0.006871,1048,1047
91.542519,71.210100,34.894493,-0.000000,1049,1049
91.673419,71.340998,34.894943,0.006871,1050,1051
91.847952,71.515527,34.896142,0.006871,1052,1053
92.066118,71.733682,34.898391,0.013743,1054,1056
92.197018,71.864575,34.899740,0.006871,1056,1057
92.327917,71.995467,34.901089,0.013743,1057,1059
92.458817,72.126348,34.903337,0.020614,1058,1061
92.589717,72.257210,34.906485,0.027485,1059,1063
92.764250,72.431705,34.910083,0.013743,1062,1064
92.851516,72.518964,34.911282,0.013743,1063,1065
92.938783,72.606222,34.912481,0.013743,1064,1066
93.069682,72.737115,34.913830,0.006871,1066,1067
93.200582,72.868014,34.914280,-0.000000,1068,1068
93.375115,73.042546,34.914280,-0.000000,1070,1070
93.506015,73.173445,34.914730,0.006871,1071,1072
93.724181,73.391600,34.916978,0.013743,1073,1075
93.898714,73.566116,34.919377,0.013743,1075,1077
94.073247,73.740612,34.922975,0.027485,1076,1080
94.247780,73.915079,34.927771,0.027485,1078,1082
94.335046,74.002313,34.930169,0.027485,1079,1083
94.422312,74.089546,34.932568,0.027485,1080,1084
94.509579,74.176780,34.934966,0.027485,1081,1085
94.596845,74.264013,34.937364,0.027485,1082,1086
94.771378,74.438509,34.940962,0.013743,1085,1087
94.945911,74.613025,34.943360,0.013743,1087,1089
95.076811,74.743918,34.944709,0.006871,1089,1090
95.251344,74.918447,34.945909,0.006871,1091,1092
95.338610,75.005711,34.946508,0.006871,1092,1093
95.469510,75.136610,34.946958,-0.000000,1094,1094
95.600410,75.267509,34.946508,-0.006871,1096,1095
95.818576,75.485674,34.945759,-0.000000,1098,1098
95.949476,75.616573,34.946208,0.006871,1099,1100
96.124008,75.791102,34.947408,0.006871,1101,1102
96.298541,75.965631,34.948607,0.006871,1103,1104
96.385808,76.052895,34.949207,0.006871,1104,1105
96.516708,76.183794,34.949656,-0.000000,1106,1106
96.647607,76.314693,34.949207,-0.006871,1108,1107
96.822140,76.489222,34.948007,-0.006871,1110,1109
96.996673,76.663751,34.946808,-0.006871,1112,1111
97.171206,76.838279,34.945609,-0.006871,1114,1113
97.302106,76.969178,34.945159,-0.000000,1115,1115
97.433005,77.100077,34.944709,-0.006871,1117,1116
97.607538,77.274606,34.943510,-0.006871,1119,1118
97.782071,77.449135,34.942311,-0.006871,1121,1120
97.869338,77.536399,34.941711,-0.006871,1122,1121
98.043871,77.710928,34.940512,-0.006871,1124,1123
98.218404,77.885457,34.939313,-0.006871,1126,1125
98.349303,78.016356,34.938863,-0.000000,1127,1127
98.523836,78.190889,34.938863,-0.000000,1129,1129
98.742002,78.409053,34.938113,-0.006871,1132,1131
98.916535,78.583582,34.936914,-0.006871,1134,1133
99.047435,78.714481,34.936464,-0.000000,1135,1135
99.178335,78.845380,34.936914,0.006871,1136,1137
99.352868,79.019909,34.938113,0.006871,1138,1139
99.571034,79.238064,34.940362,0.013743,1140,1142
99.701933,79.368944,34.942610,0.020614,1141,1144
99.920100,79.587078,34.946358,0.013743,1144,1146
100.094633,79.761594,34.948756,0.013743,1146,1148
100.269165,79.936111,34.951155,0.013743,1148,1150
100.443698,80.110627,34.953553,0.013743,1150,1152
100.618231,80.285144,34.955952,0.013743,1152,1154
100.749131,80.416024,34.958200,0.020614,1153,1156
101.010930,80.677768,34.963597,0.020614,1156,1159
101.185463,80.852264,34.967194,0.020614,1158,1161
101.359996,81.026759,34.970792,0.020614,1160,1163
101.578162,81.244863,34.976038,0.027485,1162,1166
101.709062,81.375700,34.980085,0.034357,1163,1168
101.883595,81.550130,34.986080,0.034357,1165,1170
102.058128,81.724559,34.992076,0.034357,1167,1172
102.232661,81.898989,34.998071,0.034357,1169,1174
102.407194,82.073419,35.004066,0.034357,1171,1176
102.581727,82.247849,35.010061,0.034357,1173,1178
102.756260,82.422279,35.016056,0.034357,1175,1180
102.974426,82.640290,35.024300,0.041228,1177,1183
103.192592,82.858300,35.032543,0.034357,1180,1185
103.367125,83.032685,35.039736,0.048100,1181,1188
103.541658,83.207016,35.048128,0.048100,1183,1190
103.716191,83.381347,35.056520,0.048100,1185,1192
103.890724,83.555678,35.064912,0.048100,1187,1194
104.065256,83.730009,35.073303,0.048100,1189,1196
104.283423,83.947957,35.083044,0.041228,1192,1198
104.457956,84.122342,35.090238,0.041228,1194,1200
104.676122,84.340291,35.099979,0.048100,1196,1203
104.850655,84.514622,35.108370,0.048100,1198,1205
105.068821,84.732498,35.119609,0.054971,1200,1208
105.286987,84.950375,35.130847,0.048100,1203,1210
105.461520,85.124706,35.139239,0.048100,1205,1212
105.636053,85.299037,35.147630,0.048100,1207,1214
105.810586,85.473368,35.156022,0.048100,1209,1216
105.985119,85.647699,35.164414,0.048100,1211,1218
106.203285,85.865647,35.174155,0.041228,1214,1220
106.334185,85.996417,35.179999,0.048100,1215,1222
106.508717,86.170748,35.188391,0.048100,1217,1224
106.770517,86.432244,35.200979,0.048100,1220,1227
106.945050,86.606575,35.209370,0.048100,1222,1229
107.119583,86.780906,35.217762,0.048100,1224,1231
107.294116,86.955237,35.226154,0.048100,1226,1233
107.512282,87.173186,35.235895,0.041228,1229,1235
107.686815,87.347571,35.243088,0.041228,1231,1237
107.817714,87.478377,35.248034,0.034357,1233,1238
108.035881,87.696387,35.256277,0.041228,1235,1241
108.254047,87.914398,35.264520,0.034357,1238,1243
108.428580,88.088828,35.270516,0.034357,1240,1245
108.603113,88.263258,35.276511,0.034357,1242,1247
108.777645,88.437687,35.282506,0.034357,1244,1249
108.952178,88.612117,35.288501,0.034357,1246,1251
108.995812,88.655738,35.289551,0.013743,1248,1250
109.170345,88.830267,35.290750,-0.000000,1251,1251
109.432144,89.092060,35.288951,-0.013743,1255,1253
109.606677,89.266556,35.285353,-0.027486,1258,1254
109.824843,89.484566,35.277110,-0.048100,1262,1255
110.043009,89.702443,35.265872,-0.054971,1265,1257
110.304809,89.963847,35.251488,-0.054971,1268,1260
110.522975,90.181641,35.238753,-0.061842,1271,1262
110.697508,90.355840,35.227966,-0.061842,1273,1264
110.872041,90.529961,35.215983,-0.075585,1276,1265
111.221106,90.878203,35.192016,-0.061842,1279,1270
111.439273,91.095997,35.179281,-0.054971,1281,1273
111.701072,91.357401,35.164897,-0.054971,1284,1276
111.919238,91.575278,35.153658,-0.048100,1286,1279
112.006505,91.662443,35.149462,-0.048100,1287,1280
112.224671,91.880392,35.139722,-0.041228,1289,1283
112.355570,92.011198,35.134776,-0.034357,1290,1285
112.530103,92.185628,35.128780,-0.034357,1292,1287
112.661003,92.316434,35.123835,-0.041228,1294,1288
112.835536,92.490819,35.116641,-0.041228,1296,1290
112.922802,92.577984,35.112445,-0.054971,1298,1290
113.140969,92.795779,35.099710,-0.061842,1301,1292
113.315501,92.969978,35.088923,-0.061842,1303,1294
113.446401,93.100599,35.080384,-0.068714,1305,1295
113.620934,93.274720,35.068401,-0.068714,1307,1297
113.751834,93.405279,35.058965,-0.075585,1309,1298
113.926367,93.579219,35.044590,-0.089328,1312,1299
114.013633,93.666137,35.036805,-0.089328,1313,1300
114.188166,93.839974,35.021235,-0.089328,1315,1302
114.406332,94.057336,35.002519,-0.082457,1317,1305
114.580865,94.231371,34.989340,-0.068714,1318,1308
114.755398,94.405570,34.978553,-0.054971,1319,1311
114.929931,94.579839,34.968964,-0.054971,1321,1313
115.104464,94.754109,34.959374,-0.054971,1323,1315
115.235364,94.884785,34.951733,-0.061842,1325,1316
115.409897,95.058985,34.940946,-0.061842,1327,1318
115.540796,95.189605,34.932408,-0.068714,1329,1319
115.671696,95.320165,34.922971,-0.075585,1331,1320
115.846229,95.494199,34.909792,-0.075585,1333,1322
116.020762,95.668234,34.896612,-0.075585,1335,1324
116.108028,95.755251,34.890023,-0.075585,1336,1325
116.282561,95.929286,34.876843,-0.075585,1338,1327
116.500727,96.146771,34.859621,-0.082457,1341,1329
116.587994,96.233741,34.852434,-0.082457,1342,1330
116.893426,96.538379,34.830416,-0.061842,1344,1335
117.111593,96.756173,34.817681,-0.054971,1346,1338
117.286125,96.930442,34.808092,-0.054971,1348,1340
117.504292,97.148319,34.796853,-0.048100,1350,1343
117.591558,97.235484,34.792657,-0.048100,1351,1344
117.722458,97.366210,34.785914,-0.054971,1353,1345
117.940624,97.584087,34.774676,-0.048100,1355,1348
118.115157,97.758418,34.766284,-0.048100,1357,1350
118.289690,97.932749,34.757893,-0.048100,1359,1352
118.464223,98.107080,34.749501,-0.048100,1361,1354
118.638756,98.281411,34.741109,-0.048100,1363,1356
118.856922,98.499360,34.731368,-0.041228,1365,1359
119.031455,98.673691,34.722976,-0.054971,1368,1360
119.293254,98.935187,34.710389,-0.041228,1370,1364
119.467787,99.109572,34.703195,-0.041228,1372,1366
119.642320,99.283957,34.696002,-0.041228,1374,1368
119.860486,99.501967,34.687758,-0.034357,1376,1371
120.078652,99.720029,34.681014,-0.027486,1378,1374
120.165919,99.807244,34.678016,-0.041228,1380,1374
120.384085,100.025254,34.669773,-0.034357,1382,1377
120.558618,100.199639,34.662579,-0.048100,1385,1378
120.733151,100.373908,34.652990,-0.061842,1388,1379
120.994950,100.635312,34.638606,-0.048100,1390,1383
121.256749,100.896809,34.626018,-0.048100,1393,1386
121.387649,101.027534,34.619275,-0.054971,1395,1387
121.693082,101.332662,34.605638,-0.034357,1397,1392
121.867615,101.507092,34.599643,-0.034357,1399,1394
122.042148,101.681522,34.593647,-0.034357,1401,1396
122.303947,101.943167,34.584654,-0.034357,1404,1399
122.478480,102.117634,34.579858,-0.020614,1405,1402
122.565746,102.204868,34.577460,-0.034357,1407,1402
122.783913,102.422930,34.570715,-0.027486,1409,1405
123.002079,102.640991,34.563970,-0.034357,1412,1407
123.263878,102.902636,34.554977,-0.034357,1415,1410
123.394778,103.033443,34.550031,-0.041228,1417,1411
123.656577,103.295087,34.541038,-0.027486,1419,1415
123.874743,103.513149,34.534293,-0.034357,1422,1417
124.049276,103.687579,34.528298,-0.034357,1424,1419
124.267442,103.905641,34.521553,-0.027486,1426,1422
124.441975,104.080108,34.516757,-0.027486,1428,1424
124.572875,104.210945,34.512710,-0.034357,1430,1425
124.834674,104.472590,34.503717,-0.034357,1433,1428
124.921941,104.559782,34.500120,-0.048100,1435,1428
125.140107,104.777731,34.490379,-0.041228,1437,1431
125.358273,104.995741,34.482136,-0.034357,1439,1434
125.576439,105.213752,34.473893,-0.041228,1442,1436
125.838239,105.475397,34.464900,-0.027486,1444,1440
126.012772,105.649864,34.460104,-0.027486,1446,1442
126.187305,105.824331,34.455307,-0.027486,1448,1444
126.361838,105.998798,34.450511,-0.027486,1450,1446
126.580004,106.216901,34.445264,-0.020614,1452,1449
126.798170,106.435035,34.441517,-0.013743,1454,1452
126.972703,106.609531,34.437919,-0.027486,1457,1453
127.147236,106.783998,34.433123,-0.027486,1459,1455
127.409035,107.045698,34.425928,-0.027486,1462,1458
127.583568,107.220165,34.421131,-0.027486,1464,1460
127.758101,107.394595,34.415136,-0.041228,1467,1461
128.063534,107.699810,34.403596,-0.034357,1470,1465
128.281700,107.917820,34.395353,-0.041228,1473,1467
128.412599,108.048589,34.389508,-0.048100,1475,1468
128.674399,108.310086,34.376920,-0.048100,1478,1471
128.936198,108.571663,34.366130,-0.034357,1480,1475
129.067098,108.702432,34.360285,-0.054971,1483,1475
129.285264,108.920308,34.349047,-0.048100,1485,1478
129.503430,109.138257,34.339306,-0.041228,1487,1481
129.677963,109.312641,34.332113,-0.041228,1489,1483
129.852496,109.486973,34.323721,-0.054971,1492,1484
130.070662,109.704849,34.312483,-0.048100,1494,1487
130.245195,109.879180,34.304091,-0.048100,1496,1489
130.288828,109.922755,34.301843,-0.054971,1497,1489
130.463361,110.097086,34.293451,-0.041228,1498,1492
130.550628,110.184279,34.289855,-0.041228,1499,1493
130.594261,110.227881,34.288206,-0.034357,1499,1494
130.681527,110.315096,34.285208,-0.034357,1500,1495
130.768794,110.402311,34.282211,-0.034357,1501,1496
130.812427,110.445913,34.280562,-0.041228,1502,1496
130.943327,110.576682,34.274718,-0.048100,1504,1497
130.943327,110.576682,34.274718,-0.048100,1504,1497
130.986960,110.620257,34.272470,-0.054971,1505,1497
130.943327,110.576682,34.274718,-0.048100,1504,1497
130.986960,110.620272,34.272769,-0.041228,1504,1498
130.986960,110.620272,34.272769,-0.041228,1504,1498
130.986960,110.620272,34.272769,-0.041228,1504,1498
130.986960,110.620272,34.272769,-0.041228,1504,1498
130.986960,110.620272,34.272769,-0.041228,1504,1498
130.943327,110.576682,34.274718,-0.048100,1504,1497
130.943327,110.576682,34.274718,-0.048100,1504,1497
130.943327,110.576682,34.274718,-0.048100,1504,1497
130.986960,110.620272,34.272769,-0.041228,1504,1498
130.986960,110.620272,34.272769,-0.041228,1504,1498
130.986960,110.620272,34.272769,-0.041228,1504,1498
130.986960,110.620272,34.272769,-0.041228,1504,1498
130.943327,110.576670,34.274418,-0.034357,1503,1498
130.856060,110.489436,34.276816,-0.020614,1501,1498
130.856060,110.489436,34.276816,-0.006871,1500,1499
130.856060,110.489436,34.276816,0.006871,1499,1500
130.943327,110.576694,34.278015,0.020614,1499,1502
130.943327,110.576694,34.278015,0.034357,1498,1503
130.986960,110.620296,34.279664,0.041228,1498,1504
131.030593,110.663886,34.281612,0.048100,1498,1505
131.030593,110.663886,34.281612,0.048100,1498,1505
131.030593,110.663886,34.281612,0.061842,1497,1506
130.986960,110.620366,34.278467,0.082456,1495,1507
130.986960,110.620366,34.278467,0.096199,1494,1508
130.986960,110.620366,34.278467,0.109942,1493,1509
131.030593,110.663685,34.283701,0.130556,1492,1511
131.030593,110.663685,34.283701,0.130556,1492,1511
130.986960,110.620484,34.277575,0.151170,1490,1512
131.074227,110.706662,34.291310,0.164913,1490,1514
130.986960,110.620785,34.275802,0.192398,1487,1515
131.030593,110.663525,34.284586,0.213013,1486,1517
131.074227,110.706074,34.294249,0.233627,1485,1519
131.074227,110.706074,34.294249,0.247369,1484,1520
131.074227,110.706074,34.294249,0.261112,1483,1521
131.074227,110.706074,34.294249,0.288598,1481,1523
131.074227,110.706074,34.294249,0.302340,1480,1524
131.117860,110.747592,34.307670,0.322955,1479,1526
131.074227,110.706360,34.293396,0.343569,1477,1527
131.117860,110.747290,34.308517,0.364183,1476,1529
131.117860,110.747290,34.308517,0.391668,1474,1531
131.117860,110.747290,34.308517,0.419154,1472,1533
131.117860,110.747290,34.308517,0.446639,1470,1535
131.117860,110.747290,34.308517,0.460382,1469,1536
131.117860,110.747290,34.308517,0.487868,1467,1538
131.117860,110.747290,34.308517,0.515353,1465,1540
131.074227,110.709547,34.286622,0.535967,1463,1541
131.074227,110.709547,34.286622,0.563453,1461,1543
131.074227,110.709547,34.286622,0.590938,1459,1545
131.030593,110.673566,34.261940,0.611552,1457,1546
131.030593,110.673566,34.261940,0.639038,1455,1548
131.074227,110.708137,34.288562,0.673395,1453,1551
131.030593,110.674310,34.261000,0.694009,1451,1552
131.030593,110.674310,34.261000,0.721494,1449,1554
131.030593,110.674310,34.261000,0.748980,1447,1556
130.986960,110.642662,34.230963,0.769594,1445,1557
130.943327,110.611851,34.200067,0.803951,1442,1559
130.986960,110.641801,34.231798,0.824565,1441,1561
131.030593,110.670868,34.264340,0.858922,1439,1564
130.943327,110.614774,34.197490,0.886407,1436,1565
130.943327,110.614774,34.197490,0.913893,1434,1567
130.943327,110.614774,34.197490,0.941378,1432,1569
130.943327,110.614774,34.197490,0.968864,1430,1571
130.899694,110.590689,34.161107,1.003221,1427,1573
130.899694,110.590689,34.161107,1.030706,1425,1575
130.899694,110.590689,34.161107,1.058192,1423,1577
130.856060,110.569682,34.122863,1.078806,1421,1578
130.812427,110.549734,34.084056,1.113163,1418,1580
130.856060,110.568608,34.123396,1.133777,1417,1582
130.856060,110.568608,34.123396,1.161262,1415,1584
130.768794,110.534964,34.042876,1.188748,1412,1585
130.768794,110.534964,34.042876,1.216233,1410,1587
130.768794,110.534964,34.042876,1.243719,1408,1589
130.812427,110.548270,34.084431,1.278076,1406,1592
130.768794,110.536111,34.042526,1.298690,1404,1593
130.768794,110.536111,34.042526,1.326175,1402,1595
130.725161,110.526272,34.000017,1.360532,1399,1597
130.725161,110.526272,34.000017,1.388018,1397,1599
130.725161,110.526272,34.000017,1.415503,1395,1601
130.725161,110.526272,34.000017,1.442989,1393,1603
130.725161,110.526272,34.000017,1.470474,1391,1605
130.725161,110.526272,34.000017,1.497960,1389,1607
130.681527,110.523845,33.956451,1.532317,1386,1609
130.681527,110.523845,33.956451,1.559802,1384,1611
130.637894,110.523815,33.912818,1.580416,1382,1612
130.594261,110.524984,33.869200,1.614773,1379,1614
130.550628,110.527651,33.825649,1.649130,1376,1616
130.594261,110.523788,33.869111,1.669744,1375,1618
130.506994,110.533005,33.782332,1.683487,1373,1618
130.506994,110.533005,33.782332,1.683487,1373,1618
130.812427,110.501789,34.086166,1.662873,1378,1620
131.074226,110.481302,34.347162,1.635387,1383,1621
131.161493,110.476268,34.434283,1.621644,1385,1621
131.336026,110.468595,34.608647,1.607902,1388,1622
131.466926,110.464188,34.739473,1.601030,1390,1623
131.554192,110.461550,34.826700,1.601030,1391,1624
131.641458,110.459512,34.913942,1.587288,1393,1624
131.728725,110.458073,35.001197,1.587288,1394,1625
131.859625,110.454565,35.132049,1.607902,1394,1628
131.990524,110.449260,35.262842,1.614773,1395,1630
132.077791,110.445423,35.350024,1.614773,1396,1631
132.208690,110.439219,35.480776,1.621644,1397,1633
132.252324,110.437151,35.524361,1.614773,1398,1633
132.339590,110.433914,35.611567,1.601030,1400,1633
132.426857,110.431875,35.698810,1.587288,1402,1633
132.557756,110.431066,35.829707,1.566673,1405,1633
132.688656,110.432055,35.960603,1.559802,1407,1634
132.819556,110.433944,36.091489,1.552931,1409,1635
133.037722,110.437092,36.309632,1.559802,1411,1638
133.212255,110.437812,36.484164,1.573545,1412,1641
133.386788,110.437332,36.658696,1.573545,1414,1643
133.517687,110.436522,36.789593,1.580416,1415,1645
133.604954,110.435683,36.876856,1.580416,1416,1646
133.735854,110.434873,37.007753,1.573545,1418,1647
133.910387,110.435593,37.182284,1.559802,1421,1648
134.128553,110.440240,37.400401,1.539188,1425,1649
134.390352,110.450311,37.662006,1.525445,1429,1651
134.564885,110.459422,37.836301,1.511702,1432,1652
134.695785,110.467602,37.966945,1.504831,1434,1653
134.870318,110.479106,38.141099,1.504831,1436,1655
135.088484,110.492739,38.358838,1.511702,1438,1658
135.219383,110.500021,38.489535,1.518574,1439,1660
135.437550,110.510661,38.707442,1.525445,1441,1663
135.612083,110.518573,38.881795,1.525445,1443,1665
135.786615,110.526486,39.056149,1.525445,1445,1667
135.961148,110.535596,39.230444,1.511702,1448,1668
136.135681,110.545904,39.404672,1.511702,1450,1670
136.310214,110.557409,39.578825,1.497960,1453,1671
136.528380,110.574032,39.796357,1.491088,1456,1673
136.746547,110.592151,40.013770,1.484217,1459,1675
136.921079,110.607243,40.187649,1.484217,1461,1677
137.095612,110.622335,40.361528,1.484217,1463,1679
137.270145,110.637427,40.535407,1.484217,1465,1681
137.488311,110.657039,40.752690,1.477346,1468,1683
137.706478,110.676650,40.969973,1.484217,1470,1686
137.924644,110.696262,41.187256,1.477346,1473,1688
138.099177,110.712549,41.361027,1.477346,1475,1690
138.317343,110.733653,41.578170,1.470474,1478,1692
138.491876,110.751133,41.751826,1.470474,1480,1694
138.666409,110.768613,41.925481,1.470474,1482,1696
138.884575,110.791209,42.142474,1.463603,1485,1698
139.059108,110.809882,42.316005,1.463603,1487,1700
139.277274,110.832478,42.532998,1.470474,1489,1703
139.539073,110.860487,42.793295,1.456731,1493,1705
139.669973,110.874939,42.923394,1.463603,1494,1707
139.888139,110.897535,43.140387,1.470474,1496,1710
140.062672,110.915015,43.314042,1.470474,1498,1712
140.237205,110.932495,43.487698,1.470474,1500,1714
140.455371,110.953600,43.704841,1.477346,1502,1717
140.717171,110.979820,43.965324,1.463603,1506,1719
140.891703,110.998493,44.138855,1.463603,1508,1721
141.022603,111.012945,44.268955,1.456731,1510,1722
141.284403,111.042742,44.529053,1.456731,1513,1725
141.502569,111.068318,44.745715,1.449860,1516,1727
141.677102,111.089374,44.918973,1.449860,1518,1729
141.938901,111.119171,45.179071,1.463603,1520,1733
142.157067,111.143257,45.395903,1.456731,1523,1735
142.375233,111.167344,45.612736,1.463603,1525,1738
142.549766,111.186017,45.786267,1.463603,1527,1740
142.767932,111.210103,46.003099,1.456731,1530,1742
142.942465,111.229968,46.176498,1.456731,1532,1744
143.116998,111.249833,46.349897,1.456731,1534,1746
143.335164,111.275408,46.566559,1.449860,1537,1748
143.509697,111.296464,46.739817,1.449860,1539,1750
143.727863,111.322040,46.956479,1.456731,1541,1753
143.989663,111.351837,47.216577,1.456731,1544,1756
144.207829,111.375924,47.433409,1.463603,1546,1759
144.469628,111.403933,47.693706,1.463603,1549,1762
144.644161,111.422606,47.867237,1.463603,1551,1764
144.818694,111.441279,48.040768,1.463603,1553,1766
145.036860,111.465366,48.257601,1.456731,1556,1768
145.167760,111.480711,48.387598,1.449860,1558,1769
145.429560,111.512295,48.647485,1.449860,1561,1772
145.647726,111.539359,48.863966,1.442989,1564,1774
145.909525,111.572728,49.123630,1.442989,1567,1777
146.171324,111.604312,49.383517,1.456731,1569,1781
146.389491,111.628398,49.600350,1.463603,1571,1784
146.607657,111.652484,49.817182,1.456731,1574,1786
146.825823,111.676571,50.034015,1.463603,1576,1789
146.913089,111.685907,50.120780,1.463603,1577,1790
147.087622,111.705772,50.294179,1.449860,1580,1791
147.262155,111.726828,50.467437,1.449860,1582,1793
147.523955,111.758412,50.727325,1.449860,1585,1796
147.742121,111.783988,50.943986,1.456731,1587,1799
147.960287,111.809563,51.160648,1.449860,1590,1801
148.222086,111.841147,51.420536,1.449860,1593,1804
148.483886,111.872731,51.680423,1.449860,1596,1807
148.658419,111.893787,51.853681,1.449860,1598,1809
148.876585,111.919363,52.070343,1.456731,1600,1812
149.094751,111.943449,52.287175,1.463603,1602,1815
149.312917,111.967535,52.504008,1.456731,1605,1817
149.531083,111.991622,52.720840,1.463603,1607,1820
149.705616,112.010295,52.894371,1.463603,1609,1822
149.923782,112.034381,53.111204,1.456731,1612,1824
150.141949,112.058467,53.328036,1.463603,1614,1827
150.360115,112.082554,53.544869,1.456731,1617,1829
150.578281,112.106640,53.761701,1.463603,1619,1832
150.796447,112.130726,53.978534,1.456731,1622,1834
150.970980,112.150591,54.151932,1.456731,1624,1836
151.232779,112.180389,54.412031,1.456731,1627,1839
151.450945,112.205964,54.628692,1.449860,1630,1841
151.669112,112.231540,54.845354,1.456731,1632,1844
151.887278,112.255626,55.062187,1.463603,1634,1847
152.105444,112.279713,55.279019,1.456731,1637,1849
152.323610,112.303799,55.495852,1.463603,1639,1852
152.498143,112.322472,55.669383,1.463603,1641,1854
152.759942,112.350481,55.929680,1.463603,1644,1857
152.978109,112.373077,56.146672,1.470474,1646,1860
153.239908,112.399298,56.407156,1.470474,1649,1863
153.414441,112.416778,56.580811,1.470474,1651,1865
153.676240,112.442998,56.841294,1.470474,1654,1868
153.850773,112.460478,57.014949,1.470474,1656,1870
154.112573,112.486698,57.275432,1.470474,1659,1873
154.330739,112.507803,57.492575,1.477346,1661,1876
154.548905,112.528907,57.709718,1.470474,1664,1878
154.767071,112.550011,57.926861,1.477346,1666,1881
155.028870,112.574441,58.187518,1.477346,1669,1884
155.247037,112.594053,58.404801,1.484217,1671,1887
155.508836,112.616691,58.665620,1.484217,1674,1890
155.770635,112.639329,58.926439,1.484217,1677,1893
155.945168,112.654421,59.100318,1.484217,1679,1895
156.163335,112.672539,59.317731,1.491088,1681,1898
156.337867,112.687631,59.491610,1.477346,1684,1899
156.556034,112.707243,59.708893,1.484217,1686,1902
156.730567,112.722335,59.882772,1.484217,1688,1904
156.948733,112.741947,60.100055,1.477346,1691,1906
157.079632,112.754609,60.230341,1.470474,1693,1907
157.123266,112.759427,60.273707,1.449860,1695,1906
157.166899,112.765137,60.316965,1.429246,1697,1905
157.210532,112.771737,60.360096,1.408632,1699,1904
157.297799,112.786418,60.446119,1.394889,1701,1904
157.385065,112.802280,60.531932,1.381146,1703,1904
157.472331,112.819907,60.617399,1.353661,1706,1903
157.559598,112.839293,60.702485,1.339918,1708,1903
157.559598,112.839293,60.702485,1.312433,1710,1901
157.559598,112.839293,60.702485,1.298690,1711,1900
157.515965,112.827133,60.660581,1.278076,1712,1898
157.428698,112.800806,60.577380,1.250590,1713,1895
157.341432,112.772202,60.494935,1.223105,1714,1892
157.210532,112.726335,60.372334,1.202491,1714,1889
157.123266,112.693800,60.291359,1.175005,1715,1886
156.948733,112.624304,60.131259,1.147520,1715,1882
156.774200,112.550434,59.973129,1.120034,1715,1878
156.599667,112.472247,59.817089,1.092549,1715,1874
156.425134,112.389801,59.663257,1.065063,1715,1870
156.294234,112.324429,59.549850,1.030706,1716,1866
156.163334,112.255200,59.438755,0.996349,1717,1862
155.988802,112.158360,59.293553,0.968864,1717,1858
155.814269,112.056588,59.151763,0.927636,1718,1853
155.683369,111.977009,59.047831,0.907021,1718,1850
155.508836,111.867601,58.911847,0.879536,1718,1846
155.377936,111.783116,58.811862,0.858922,1718,1843
155.247037,111.696588,58.713639,0.838308,1718,1840
155.159770,111.637345,58.649563,0.810822,1719,1837
155.116137,111.606962,58.618247,0.790208,1720,1835
155.028870,111.545128,58.556668,0.776465,1720,1833
154.985237,111.513480,58.526630,0.742108,1722,1830
154.941604,111.481018,58.497474,0.721494,1723,1828
154.897971,111.447962,58.468993,0.700880,1724,1826
154.897971,111.447962,58.468993,0.673395,1726,1824
154.854338,111.413575,58.442135,0.652781,1727,1822
154.854338,111.413575,58.442135,0.625295,1729,1820
154.897971,111.449213,58.467309,0.604681,1731,1819
154.941604,111.485364,58.491743,0.584067,1733,1818
154.941604,111.485364,58.491743,0.556581,1735,1816
154.985237,111.522647,58.514411,0.535967,1737,1815
155.028870,111.560389,58.536305,0.515353,1739,1814
155.116137,111.636905,58.578266,0.487868,1742,1813
155.159770,111.675657,58.598321,0.467253,1744,1812
155.159770,111.675657,58.598321,0.439768,1746,1810
155.290670,111.795041,58.652006,0.405411,1750,1809
155.290670,111.795041,58.652006,0.391668,1751,1808
155.377936,111.876149,58.684207,0.364183,1754,1807
155.508836,111.999247,58.728723,0.329826,1758,1806
155.552469,112.040765,58.742144,0.295469,1761,1804
155.596103,112.082636,58.754418,0.274855,1763,1803
155.639736,112.124751,58.765827,0.254241,1765,1802
155.727002,112.209647,58.786030,0.213013,1769,1800
155.727002,112.209647,58.786030,0.185527,1771,1798
155.727002,112.209647,58.786030,0.158042,1773,1796
155.770635,112.252848,58.792156,0.123685,1776,1794
155.770635,112.252848,58.792156,0.096199,1778,1792
155.770635,112.252848,58.792156,0.068714,1780,1790
155.770635,112.252848,58.792156,0.041228,1782,1788
155.770635,112.252848,58.792156,0.013743,1784,1786
155.814269,112.296481,58.792006,-0.020614,1787,1784
155.814269,112.296481,58.792006,-0.048100,1789,1782
155.814269,112.296481,58.792006,-0.075585,1791,1780
155.770635,112.253035,58.796048,-0.109942,1793,1777
155.770635,112.253035,58.796048,-0.137428,1795,1775
155.770635,112.253035,58.796048,-0.178656,1798,1772
155.814269,112.295947,58.788147,-0.185527,1799,1772
155.857902,112.338746,58.779656,-0.206141,1801,1771
155.814269,112.296131,58.789027,-0.226755,1802,1769
156.076068,112.551627,58.731924,-0.213013,1804,1773
156.294234,112.765327,58.688003,-0.192399,1805,1777
156.599667,113.066083,58.634759,-0.158042,1806,1783
156.817833,113.282088,58.604129,-0.123685,1806,1788
156.948733,113.412147,58.589319,-0.103071,1806,1791
157.123266,113.585873,58.572555,-0.089328,1807,1794
157.210532,113.672843,58.565368,-0.075585,1807,1796
157.210532,113.672843,58.565368,-0.075585,1807,1796
157.210532,113.672843,58.565368,-0.089328,1808,1795
157.428698,113.889773,58.542175,-0.123685,1813,1795
157.603231,114.062821,58.519454,-0.137428,1816,1796
157.734131,114.192424,58.501076,-0.144299,1818,1797
157.777764,114.235625,58.494950,-0.137428,1818,1798
157.952297,114.408672,58.472228,-0.123685,1819,1801
158.083197,114.538732,58.457419,-0.103071,1819,1804
158.214096,114.669068,58.445293,-0.082457,1819,1807
158.344996,114.799560,58.434960,-0.075585,1820,1809
158.388629,114.843057,58.431516,-0.082457,1821,1809
158.432263,114.886554,58.428072,-0.075585,1821,1810
158.519529,114.973524,58.420884,-0.089328,1823,1810
158.694062,115.147361,58.405314,-0.089328,1825,1812
158.824962,115.277698,58.393189,-0.096199,1827,1813
158.955861,115.408035,58.381064,-0.089328,1828,1815
159.130394,115.581872,58.365494,-0.089328,1830,1817
159.217661,115.668842,58.358306,-0.075585,1830,1819
159.348560,115.799401,58.348870,-0.068714,1831,1821
159.523093,115.973522,58.336887,-0.068714,1833,1823
159.610360,116.060582,58.330895,-0.068714,1834,1824
159.741259,116.191203,58.322356,-0.061842,1835,1826
159.872159,116.321824,58.313817,-0.068714,1837,1827
160.046692,116.495945,58.301834,-0.068714,1839,1829
160.177592,116.626566,58.293295,-0.061842,1840,1831
160.352125,116.800765,58.282508,-0.061842,1842,1833
160.483024,116.931442,58.274867,-0.054971,1843,1835
160.613924,117.062168,58.268124,-0.048100,1844,1837
160.788457,117.236499,58.259733,-0.048100,1846,1839
160.919357,117.367268,58.253888,-0.041228,1847,1841
161.093890,117.541653,58.246694,-0.041228,1849,1843
161.312056,117.759601,58.236953,-0.048100,1852,1845
161.486589,117.933932,58.228562,-0.048100,1854,1847
161.617488,118.064701,58.222717,-0.041228,1855,1849
161.792021,118.239086,58.215523,-0.041228,1857,1851
161.879288,118.326278,58.211927,-0.041228,1858,1852
162.097454,118.544289,58.203684,-0.034357,1860,1855
162.228354,118.675126,58.199637,-0.027486,1861,1857
162.446520,118.893188,58.192892,-0.034357,1864,1859
162.664686,119.111250,58.186147,-0.027486,1866,1862
162.839219,119.285717,58.181350,-0.027486,1868,1864
163.013752,119.460184,58.176554,-0.027486,1870,1866
163.188285,119.634651,58.171757,-0.027486,1872,1868
163.406451,119.852754,58.166511,-0.020614,1874,1871
163.537351,119.983634,58.164262,-0.013743,1875,1873
163.755517,120.201768,58.160515,-0.020614,1878,1875
163.930050,120.376264,58.156917,-0.020614,1880,1877
164.104583,120.550760,58.153320,-0.020614,1882,1879
164.279115,120.725255,58.149722,-0.020614,1884,1881
164.497282,120.943389,58.145974,-0.013743,1886,1884
164.671815,121.117906,58.143576,-0.013743,1888,1886
164.846347,121.292422,58.141177,-0.013743,1890,1888
165.108147,121.554197,58.137580,-0.013743,1893,1891
165.282680,121.728713,58.135181,-0.013743,1895,1893
165.457213,121.903230,58.132783,-0.013743,1897,1895
165.675379,122.121364,58.129035,-0.020614,1900,1897
165.849912,122.295860,58.125438,-0.020614,1902,1899
166.024445,122.470356,58.121840,-0.020614,1904,1901
166.198978,122.644851,58.118242,-0.020614,1906,1903
166.417144,122.862954,58.112996,-0.027486,1909,1905
166.635310,123.081057,58.107750,-0.020614,1911,1908
166.809843,123.255553,58.104152,-0.020614,1913,1910
167.028009,123.473656,58.098906,-0.027486,1916,1912
167.202542,123.648123,58.094109,-0.027486,1918,1914
167.377075,123.822590,58.089313,-0.027486,1920,1916
167.638874,124.084235,58.080320,-0.041228,1924,1918
167.813407,124.258620,58.073126,-0.041228,1926,1920
167.987940,124.433005,58.065933,-0.041228,1928,1922
168.206106,124.651015,58.057689,-0.034357,1930,1925
168.424272,124.869025,58.049446,-0.041228,1933,1927
168.686072,125.130602,58.038656,-0.041228,1936,1930
168.904238,125.348613,58.030413,-0.034357,1938,1933
169.078771,125.523042,58.024418,-0.034357,1940,1935
169.253304,125.697472,58.018422,-0.034357,1942,1937
169.427837,125.871902,58.012427,-0.034357,1944,1939
169.646003,126.089964,58.005682,-0.027486,1946,1942
169.820536,126.264394,57.999687,-0.041228,1949,1943
170.038702,126.482343,57.989946,-0.048100,1952,1945
170.256868,126.700291,57.980205,-0.041228,1954,1948
170.475034,126.918240,57.970464,-0.048100,1957,1950
170.693200,127.136188,57.960723,-0.041228,1959,1953
170.911367,127.354137,57.950982,-0.048100,1962,1955
171.129533,127.572086,57.941241,-0.041228,1964,1958
171.304066,127.746470,57.934048,-0.041228,1966,1960
171.522232,127.964419,57.924307,-0.048100,1969,1962
171.740398,128.182367,57.914566,-0.041228,1971,1965
171.914931,128.356752,57.907372,-0.041228,1973,1967
172.045831,128.487521,57.901528,-0.048100,1975,1968
172.307630,128.749018,57.888940,-0.048100,1978,1971
172.525796,128.966812,57.876205,-0.068714,1982,1972
172.656696,129.097433,57.867666,-0.061842,1983,1974
172.874862,129.315227,57.854931,-0.054971,1985,1977
173.180295,129.620139,57.837102,-0.061842,1989,1980
173.442094,129.881543,57.822718,-0.048100,1991,1984
173.572994,130.012312,57.816873,-0.041228,1992,1986
173.791160,130.230260,57.807132,-0.048100,1995,1988
174.009326,130.448137,57.795894,-0.054971,1998,1990
174.227492,130.665931,57.783159,-0.061842,2001,1992
174.402025,130.840130,57.772372,-0.061842,2003,1994
174.532925,130.970751,57.763833,-0.068714,2005,1995
174.751091,131.188453,57.749602,-0.061842,2007,1998
174.969257,131.406154,57.735371,-0.068714,2010,2000
175.100157,131.536831,57.727730,-0.048100,2010,2003
175.100157,131.536831,57.727730,-0.020614,2008,2005
175.143790,131.580462,57.727280,-0.000000,2007,2007
175.231057,131.667726,57.727879,0.013743,2007,2009
175.318323,131.754974,57.729678,0.027485,2007,2011
175.449223,131.885780,57.734624,0.048100,2007,2014
175.492856,131.929339,57.737171,0.068714,2006,2016
175.536489,131.972859,57.740317,0.075585,2006,2017
175.536489,131.972859,57.740317,0.089328,2005,2018
175.580122,132.016276,57.744657,0.109942,2004,2020
175.580122,132.016276,57.744657,0.137427,2002,2022
175.449223,131.886802,57.725389,0.158042,1999,2022
175.449223,131.886802,57.725389,0.171784,1998,2023
175.318323,131.758066,57.701684,0.192398,1995,2023
175.231056,131.672647,57.683822,0.219884,1992,2024
175.143790,131.587615,57.664203,0.233627,1990,2024
175.100157,131.545273,57.653665,0.254241,1988,2025
174.969257,131.418928,57.619438,0.274855,1985,2025
174.794724,131.251275,57.570916,0.288598,1982,2024
174.663824,131.126180,57.532369,0.309212,1979,2024
174.532925,131.001905,57.491252,0.329826,1976,2024
174.445658,130.919739,57.461856,0.357311,1973,2025
174.358392,130.838196,57.430773,0.371054,1971,2025
174.227492,130.716700,57.382055,0.391668,1968,2025
174.140226,130.636507,57.347637,0.419154,1965,2026
174.052959,130.557041,57.311574,0.432897,1963,2026
173.965693,130.478078,57.274422,0.446639,1961,2026
173.834793,130.360608,57.216668,0.467253,1958,2026
173.791160,130.321857,57.196613,0.487868,1956,2027
173.703893,130.245054,57.155179,0.501610,1954,2027
173.616627,130.168828,57.112693,0.515353,1952,2027
173.529360,130.093193,57.069164,0.529096,1950,2027
173.485727,130.055755,57.046753,0.549710,1948,2028
173.398461,129.981660,57.000651,0.563453,1946,2028
173.398461,129.981660,57.000651,0.577195,1945,2029
173.398461,129.981660,57.000651,0.590938,1944,2030
173.354828,129.945679,56.975969,0.611552,1942,2031
173.311194,129.910214,56.950550,0.632166,1940,2032
173.311194,129.910214,56.950550,0.645909,1939,2033
173.354828,129.944785,56.977172,0.666523,1938,2035
173.354828,129.944785,56.977172,0.680266,1937,2036
173.398461,129.978421,57.004966,0.700880,1936,2038
173.398461,129.978421,57.004966,0.714623,1935,2039
173.442094,130.011280,57.033673,0.721494,1935,2040
173.442094,130.011280,57.033673,0.735237,1934,2041
173.485727,130.043339,57.063273,0.755851,1933,2043
173.485727,130.043339,57.063273,0.769594,1932,2044
173.529360,130.074361,57.093956,0.790208,1931,2046
173.572994,130.104744,57.125272,0.810822,1930,2048
173.616627,130.134476,57.157208,0.831436,1929,2050
173.616627,130.134476,57.157208,0.845179,1928,2051
173.616627,130.134476,57.157208,0.858922,1927,2052
173.660260,130.162638,57.190536,0.879536,1926,2054
173.660260,130.162638,57.190536,0.907022,1924,2056
173.703893,130.189164,57.225180,0.927636,1923,2058
173.747527,130.214971,57.260364,0.948250,1922,2060
173.703893,130.189895,57.224656,0.968864,1920,2061
173.747527,130.214230,57.260873,0.989478,1919,2063
173.791160,130.237813,57.297584,1.010092,1918,2065
173.747527,130.214991,57.260395,1.030706,1916,2066
173.791160,130.237041,57.298046,1.051320,1915,2068
173.747527,130.215772,57.259948,1.071935,1913,2069
173.791160,130.236251,57.298477,1.092549,1912,2071
173.791160,130.236251,57.298477,1.120034,1910,2073
173.747527,130.217648,57.259008,1.140648,1908,2074
173.791160,130.235434,57.298852,1.161262,1907,2076
173.791160,130.235434,57.298852,1.188748,1905,2078
173.747527,130.219585,57.258199,1.209362,1903,2079
173.791160,130.234592,57.299170,1.229976,1902,2081
173.747527,130.220432,57.257898,1.250590,1900,2082
173.747527,130.220432,57.257898,1.278076,1898,2084
173.791160,130.232592,57.299803,1.298690,1897,2086
173.747527,130.221299,57.257656,1.319304,1895,2087
173.747527,130.221299,57.257656,1.346790,1893,2089
173.747527,130.221299,57.257656,1.374275,1891,2091
173.791160,130.229377,57.300535,1.394889,1890,2093
173.791160,130.229377,57.300535,1.422375,1888,2095
173.747527,130.223370,57.257318,1.442989,1886,2096
173.747527,130.223370,57.257318,1.470474,1884,2098
173.791160,130.227292,57.300774,1.491088,1883,2100
173.747527,130.224266,57.257246,1.511703,1881,2101
173.791160,130.226394,57.300827,1.532317,1880,2103
173.791160,130.226394,57.300827,1.559802,1878,2105
173.791160,130.226394,57.300827,1.587288,1876,2107
173.791160,130.226394,57.300827,1.601030,1875,2108
173.747527,130.227863,57.257219,1.607902,1874,2108
173.747527,130.227863,57.257219,1.621645,1873,2109
173.703893,130.230230,57.213650,1.628516,1872,2109
173.703893,130.230230,57.213650,1.614773,1873,2108
173.660260,130.231999,57.170053,1.607902,1873,2107
173.660260,130.231999,57.170053,1.607902,1873,2107
173.660260,130.231999,57.170053,1.607902,1873,2107
173.703893,130.230530,57.213661,1.601030,1874,2107
173.660260,130.231999,57.170053,1.607902,1873,2107
173.703893,130.230230,57.213650,1.614773,1873,2108
173.747527,130.228462,57.257247,1.607902,1874,2108
173.747527,130.228462,57.257247,1.607902,1874,2108
173.747527,130.228462,57.257247,1.607902,1874,2108
173.703893,130.230230,57.213650,1.614773,1873,2108
173.747527,130.228462,57.257247,1.607902,1874,2108
173.747527,130.228462,57.257247,1.607902,1874,2108
173.747527,130.228462,57.257247,1.607902,1874,2108
173.747527,130.228462,57.257247,1.607902,1874,2108
173.747527,130.228462,57.257247,1.607902,1874,2108
173.747527,130.228462,57.257247,1.607902,1874,2108
173.747527,130.228462,57.257247,1.607902,1874,2108
173.747527,130.228462,57.257247,1.607902,1874,2108
173.747527,130.228462,57.257247,1.607902,1874,2108
173.747527,130.228462,57.257247,1.607902,1874,2108
173.747527,130.228462,57.257247,1.607902,1874,2108
173.747527,130.228462,57.257247,1.607902,1874,2108
173.747527,130.228462,57.257247,1.607902,1874,2108
173.747527,130.228462,57.257247,1.607902,1874,2108
173.747527,130.228462,57.257247,1.607902,1874,2108
173.747527,130.228462,57.257247,1.607902,1874,2108
173.747527,130.228462,57.257247,1.607902,1874,2108
173.747527,130.228462,57.257247,1.607902,1874,2108
173.747527,130.228462,57.257247,1.607902,1874,2108
173.703893,130.230230,57.213650,1.614773,1873,2108
173.747527,130.228462,57.257247,1.607902,1874,2108
173.747527,130.228462,57.257247,1.607902,1874,2108
173.747527,130.228462,57.257247,1.607902,1874,2108
173.747527,130.228462,57.257247,1.607902,1874,2108
173.747527,130.228462,57.257247,1.607902,1874,2108
173.747527,130.228462,57.257247,1.607902,1874,2108
173.747527,130.228462,57.257247,1.607902,1874,2108
173.747527,130.228462,57.257247,1.607902,1874,2108
173.747527,130.228462,57.257247,1.607902,1874,2108
173.747527,130.228462,57.257247,1.607902,1874,2108
173.703893,130.230230,57.213650,1.614773,1873,2108
173.747527,130.228462,57.257247,1.607902,1874,2108
173.747527,130.228462,57.257247,1.607902,1874,2108
173.747527,130.228462,57.257247,1.607902,1874,2108
173.703893,130.230230,57.213650,1.614773,1873,2108
173.747527,130.228462,57.257247,1.607902,1874,2108
173.747527,130.228462,57.257247,1.607902,1874,2108
173.747527,130.228462,57.257247,1.607902,1874,2108
173.747527,130.228462,57.257247,1.607902,1874,2108
173.747527,130.228462,57.257247,1.607902,1874,2108
173.747527,130.228462,57.257247,1.607902,1874,2108
173.747527,130.228462,57.257247,1.607902,1874,2108
173.747527,130.228462,57.257247,1.607902,1874,2108
173.747527,130.228462,57.257247,1.607902,1874,2108
173.747527,130.228462,57.257247,1.607902,1874,2108
173.747527,130.228462,57.257247,1.607902,1874,2108
173.747527,130.228462,57.257247,1.607902,1874,2108
173.747527,130.228462,57.257247,1.607902,1874,2108
173.747527,130.228462,57.257247,1.607902,1874,2108
173.747527,130.228462,57.257247,1.607902,1874,2108
173.747527,130.228462,57.257247,1.607902,1874,2108
173.747527,130.228462,57.257247,1.607902,1874,2108
173.703893,130.230230,57.213650,1.614773,1873,2108
173.747527,130.228462,57.257247,1.607902,1874,2108
173.747527,130.228462,57.257247,1.607902,1874,2108
173.747527,130.228462,57.257247,1.607902,1874,2108
173.747527,130.228462,57.257247,1.607902,1874,2108
173.747527,130.228462,57.257247,1.607902,1874,2108
173.747527,130.228462,57.257247,1.607902,1874,2108
173.747527,130.228462,57.257247,1.607902,1874,2108
173.747527,130.228462,57.257247,1.607902,1874,2108
173.747527,130.228462,57.257247,1.607902,1874,2108
173.703893,130.229931,57.213639,1.601030,1874,2107
173.616627,130.231969,57.126396,1.587288,1874,2105
173.572994,130.232539,57.082767,1.580416,1874,2104
173.572994,130.232539,57.082767,1.580416,1874,2104
173.572994,130.232539,57.082767,1.580416,1874,2104
173.616627,130.231670,57.126391,1.601030,1873,2106
173.616627,130.231670,57.126391,1.601030,1873,2106
173.747527,130.226364,57.257183,1.621645,1873,2109
173.747527,130.226364,57.257183,1.635387,1872,2110
173.703893,130.229031,57.213632,1.628516,1872,2109
173.747527,130.226663,57.257201,1.621645,1873,2109
173.747527,130.226663,57.257201,1.621645,1873,2109
173.616627,130.231969,57.126408,1.601030,1873,2106
173.529360,130.234007,57.039166,1.587288,1873,2104
173.529360,130.234007,57.039166,1.587288,1873,2104
173.529360,130.234007,57.039166,1.587288,1873,2104
173.616627,130.231969,57.126408,1.601030,1873,2106
173.616627,130.231969,57.126408,1.601030,1873,2106
173.660260,130.230800,57.170026,1.594159,1874,2106
173.660260,130.230800,57.170026,1.607902,1873,2107
173.660260,130.230800,57.170026,1.607902,1873,2107
173.660260,130.230800,57.170026,1.607902,1873,2107
173.660260,130.230800,57.170026,1.607902,1873,2107
173.660260,130.230800,57.170026,1.607902,1873,2107
173.703893,130.229331,57.213635,1.601030,1874,2107
173.703893,130.229331,57.213635,1.614773,1873,2108
173.791160,130.225494,57.300817,1.614773,1874,2109
173.834793,130.223426,57.344401,1.621645,1874,2110
173.965693,130.217222,57.475153,1.614773,1876,2111
174.052959,130.213386,57.562336,1.614773,1877,2112
174.096592,130.211617,57.605933,1.607902,1878,2112
174.140226,130.210149,57.649541,1.601030,1879,2112
174.183859,130.208979,57.693159,1.594159,1880,2112
174.227492,130.207810,57.736777,1.601030,1880,2113
174.271125,130.206641,57.780394,1.594159,1881,2113
174.358392,130.204603,57.867637,1.594159,1882,2114
174.489292,130.201095,57.998489,1.601030,1883,2116
174.576558,130.198457,58.085716,1.601030,1884,2117
174.663824,130.195819,58.172943,1.601030,1885,2118
174.794724,130.192312,58.303795,1.594159,1887,2119
174.881991,130.190273,58.391038,1.594159,1888,2120
174.969257,130.188234,58.478281,1.594159,1889,2121
175.056524,130.186196,58.565523,1.594159,1890,2122
175.187423,130.183588,58.696397,1.587288,1892,2123
175.361956,130.180709,58.870906,1.587288,1894,2125
175.492856,130.179000,59.001795,1.580416,1896,2126
175.623756,130.177292,59.132683,1.587288,1897,2128
175.754655,130.175583,59.263572,1.580416,1899,2129
175.929188,130.173904,59.438097,1.580416,1901,2131
176.103721,130.172225,59.612621,1.580416,1903,2133
176.234621,130.171415,59.743519,1.573545,1905,2134
176.452787,130.170066,59.961681,1.580416,1907,2137
176.670953,130.168717,60.179843,1.573545,1910,2139
176.845486,130.168237,60.354375,1.573545,1912,2141
177.063652,130.168387,60.572541,1.566674,1915,2143
177.281818,130.168537,60.790707,1.573545,1917,2146
177.499985,130.168687,61.008873,1.566674,1920,2148
177.674517,130.170606,61.183396,1.552931,1923,2149
177.892684,130.173754,61.401539,1.559802,1925,2152
178.110850,130.176902,61.619682,1.552931,1928,2154
178.329016,130.180050,61.837826,1.559802,1930,2157
178.547182,130.181699,62.055986,1.566674,1932,2160
178.721715,130.182418,62.230517,1.566674,1934,2162
178.896248,130.183138,62.405049,1.566674,1936,2164
179.114414,130.183288,62.623215,1.573545,1938,2167
179.332580,130.183437,62.841381,1.566674,1941,2169
179.550746,130.183587,63.059547,1.573545,1943,2172
179.768913,130.182238,63.277709,1.580416,1945,2175
179.987079,130.180889,63.495871,1.573545,1948,2177
180.248878,130.180169,63.757669,1.573545,1951,2180
180.467044,130.178820,63.975831,1.580416,1953,2183
180.641577,130.177141,64.150356,1.580416,1955,2185
180.859743,130.175792,64.368518,1.573545,1958,2187
181.121543,130.175072,64.630317,1.573545,1961,2190
181.339709,130.173723,64.848479,1.580416,1963,2193
181.514242,130.172044,65.023003,1.580416,1965,2195
181.776041,130.169526,65.284791,1.580416,1968,2198
181.994207,130.168177,65.502953,1.573545,1971,2200
182.212373,130.166827,65.721115,1.580416,1973,2203
182.386906,130.165148,65.895640,1.580416,1975,2205
182.648706,130.162630,66.157427,1.580416,1978,2208
182.866872,130.161281,66.375589,1.573545,1981,2210
183.085038,130.159932,66.593751,1.580416,1983,2213
183.303204,130.158582,66.811913,1.573545,1986,2215
183.521370,130.157233,67.030075,1.580416,1988,2218
183.783170,130.154715,67.291862,1.580416,1991,2221
184.001336,130.151867,67.510010,1.587288,1993,2224
184.219502,130.149018,67.728157,1.580416,1996,2226
184.437668,130.146170,67.946305,1.587288,1998,2229
184.655834,130.143322,68.164452,1.580416,2001,2231
184.874001,130.140474,68.382600,1.587288,2003,2234
185.092167,130.137626,68.600747,1.580416,2006,2236
185.353966,130.135107,68.862535,1.580416,2009,2239
185.615766,130.132589,69.124322,1.580416,2012,2242
185.833932,130.129740,69.342470,1.587288,2014,2245
186.008465,130.126862,69.516979,1.587288,2016,2247
186.226631,130.122515,69.735102,1.594159,2018,2250
186.488430,130.116399,69.996830,1.594159,2021,2253
186.662963,130.112322,70.171315,1.594159,2023,2255
186.924763,130.106206,70.433043,1.594159,2026,2258
187.099295,130.102129,70.607528,1.594159,2028,2260
187.317462,130.097782,70.825651,1.587288,2031,2262
187.579261,130.093465,71.087415,1.587288,2034,2265
187.797427,130.089118,71.305538,1.594159,2036,2268
187.971960,130.085040,71.480023,1.594159,2038,2270
188.233759,130.077126,71.741703,1.607902,2040,2274
188.539192,130.062651,72.046792,1.628516,2042,2279
188.844625,130.043983,72.351654,1.635387,2045,2283
189.019158,130.031521,72.525741,1.649130,2046,2286
189.237324,130.013702,72.743178,1.656001,2048,2289
189.455490,129.994389,72.960488,1.662873,2050,2292
189.717289,129.970317,73.221178,1.662873,2053,2295
189.891822,129.954270,73.394972,1.662873,2055,2297
190.109988,129.933464,73.612144,1.669744,2057,2300
190.371788,129.905812,73.872479,1.683487,2059,2304
190.633587,129.874585,74.132409,1.697230,2061,2308
190.851753,129.846332,74.348738,1.704101,2063,2311
191.157186,129.804697,74.651320,1.710972,2066,2315
191.375352,129.773473,74.867240,1.717844,2068,2318
191.593518,129.740767,75.082940,1.724715,2070,2321
191.811684,129.706579,75.298411,1.731587,2072,2324
192.029851,129.670911,75.513642,1.738458,2074,2327
192.204384,129.641786,75.685728,1.738458,2076,2329
192.466183,129.598097,75.943856,1.738458,2079,2332
192.640716,129.568972,76.115942,1.738458,2081,2334
192.946148,129.516968,76.416914,1.745329,2084,2338
193.251581,129.462897,76.717523,1.752201,2087,2342
193.469747,129.422800,76.931973,1.759072,2089,2345
193.731547,129.373800,77.189146,1.759072,2092,2348
193.949713,129.332231,77.403315,1.765943,2094,2351
194.167879,129.289191,77.617193,1.772815,2096,2354
194.473312,129.226879,77.916202,1.779686,2099,2358
194.735111,129.172589,78.172311,1.779686,2102,2361
194.996910,129.118299,78.428419,1.779686,2105,2364
195.215077,129.072324,78.641686,1.786558,2107,2367
195.520509,129.005909,78.939810,1.793429,2110,2371
195.782309,128.946351,79.194745,1.807172,2112,2375
196.000475,128.894532,79.406668,1.814043,2114,2378
196.305907,128.819949,79.702855,1.820914,2117,2382
196.524073,128.765223,79.914045,1.827786,2119,2385
196.829506,128.686577,80.209179,1.834657,2122,2389
197.047672,128.628954,80.419598,1.841529,2124,2392
197.353105,128.546259,80.713623,1.848400,2127,2396
197.614904,128.472784,80.964900,1.862143,2129,2400
197.920337,128.384046,81.257158,1.869014,2132,2404
198.138503,128.319229,81.465473,1.875885,2134,2407
198.400302,128.238876,81.714636,1.889628,2136,2411
198.662102,128.155107,81.962672,1.903371,2138,2415
198.967534,128.054399,82.251024,1.910242,2141,2419
199.272967,127.951712,82.538677,1.917114,2144,2423
199.534766,127.862848,82.784934,1.917114,2147,2426
199.840199,127.758186,83.071874,1.923985,2150,2430
200.101998,127.667632,83.317514,1.923985,2153,2433
200.407431,127.562971,83.604455,1.917114,2157,2436
200.712864,127.460284,83.892108,1.910242,2161,2439
200.974663,127.374812,84.139563,1.896500,2165,2441
201.192829,127.307138,84.346967,1.875885,2169,2442
201.454629,127.230217,84.597211,1.862143,2173,2444
201.716428,127.158471,84.848988,1.834657,2178,2445
201.978227,127.091929,85.102189,1.820914,2182,2447
202.240027,127.028873,85.356282,1.807172,2186,2449
202.501826,126.969315,85.611217,1.793429,2190,2451
202.807259,126.902900,85.909341,1.786558,2194,2454
203.025425,126.858392,86.122919,1.765943,2198,2455
203.287224,126.809392,86.380092,1.752201,2202,2457
203.549024,126.762161,86.637595,1.752201,2205,2460
203.854456,126.708090,86.938204,1.745329,2209,2463
204.203522,126.649839,87.282375,1.731587,2214,2466
204.421688,126.614171,87.497606,1.738458,2216,2469
204.639855,126.578503,87.712836,1.731587,2219,2471
204.858021,126.542835,87.928067,1.738458,2221,2474
205.119820,126.499147,88.186196,1.738458,2224,2477
205.381619,126.455459,88.444324,1.738458,2227,2480
205.599786,126.418313,88.659305,1.745329,2229,2483
205.817952,126.381167,88.874285,1.738458,2232,2485
205.992485,126.352042,89.046371,1.738458,2234,2487
206.254284,126.308353,89.304499,1.738458,2237,2490
206.472450,126.271207,89.519480,1.745329,2239,2493
206.690616,126.234062,89.734460,1.738458,2242,2495
206.908783,126.198394,89.949691,1.731587,2245,2497
207.170582,126.156480,90.208114,1.731587,2248,2500
207.476015,126.108617,90.509773,1.724715,2252,2503
207.694181,126.075911,90.725473,1.717844,2255,2505
207.955980,126.037552,90.984447,1.717844,2258,2508
208.174146,126.006329,91.200368,1.710972,2261,2510
208.392312,125.976589,91.416497,1.704101,2264,2512
208.654112,125.941794,91.675974,1.704101,2267,2515
208.915911,125.906998,91.935451,1.704101,2270,2518
209.134077,125.878744,92.151780,1.697230,2273,2520
209.483143,125.837109,92.498354,1.683487,2278,2523
209.701309,125.811831,92.715050,1.690358,2280,2526
209.963109,125.780604,92.974981,1.690358,2283,2529
210.355808,125.735104,93.365035,1.683487,2288,2533
210.573974,125.709826,93.581732,1.690358,2290,2536
210.748507,125.689008,93.755019,1.690358,2292,2538
211.053940,125.653619,94.058394,1.683487,2296,2541
211.315739,125.624179,94.318533,1.683487,2299,2544
211.533905,125.600391,94.535398,1.676616,2302,2546
211.752071,125.576602,94.752264,1.683487,2304,2549
212.013871,125.547162,95.012403,1.683487,2307,2552
212.275670,125.517723,95.272541,1.683487,2310,2555
212.493836,125.493934,95.489407,1.676616,2313,2557
212.755636,125.466282,95.749742,1.676616,2316,2560
213.017435,125.438631,96.010077,1.676616,2319,2563
213.279234,125.410979,96.270412,1.676616,2322,2566
213.541034,125.385117,96.530931,1.662873,2326,2568
213.802833,125.361045,96.791621,1.662873,2329,2571
214.064633,125.336974,97.052311,1.662873,2332,2574
214.326432,125.312902,97.313002,1.662873,2335,2577
214.588231,125.288831,97.573692,1.662873,2338,2580
214.893664,125.261792,97.877926,1.656001,2342,2583
215.155463,125.237721,98.138616,1.669744,2344,2587
215.460896,125.206504,98.442449,1.676616,2347,2591
215.809962,125.167251,98.789301,1.690358,2350,2596
216.071761,125.132455,99.048778,1.717844,2351,2601
216.289927,125.098267,99.264248,1.738458,2352,2605
216.551727,125.051036,99.521752,1.765943,2353,2610
216.813526,124.998506,99.778227,1.779686,2355,2614
217.075326,124.944216,100.034336,1.779686,2358,2617
217.337125,124.889926,100.290444,1.779686,2361,2620
217.598924,124.833877,100.546173,1.793429,2363,2624
217.860724,124.776072,100.801511,1.793429,2366,2627
218.122523,124.718267,101.056849,1.793429,2369,2630
218.515222,124.635512,101.440730,1.772815,2375,2633
218.733388,124.591004,101.654308,1.779686,2377,2636
219.038821,124.528692,101.953317,1.772815,2381,2639
219.300620,124.476163,102.209792,1.772815,2384,2642
219.475153,124.441143,102.380775,1.772815,2386,2644
219.736953,124.388614,102.637251,1.772815,2389,2647
219.955119,124.344105,102.850829,1.779686,2391,2650
220.216918,124.289815,103.106937,1.779686,2394,2653
220.391451,124.253621,103.277676,1.779686,2396,2655
220.609617,124.207646,103.490943,1.786558,2398,2658
220.958683,124.128236,103.830856,1.814043,2400,2664
221.133216,124.082716,103.999348,1.855271,2399,2669
221.395016,124.004077,104.249058,1.896500,2399,2675
221.525915,123.960916,104.372637,1.917114,2399,2678
221.744081,123.884752,104.577076,1.937728,2400,2682
221.918614,123.819905,104.739115,1.965213,2400,2686
222.049514,123.768361,104.859440,1.985827,2400,2689
222.180414,123.714348,104.978676,2.006442,2400,2692
222.354947,123.638528,105.135880,2.033927,2400,2696
222.529480,123.558417,105.290941,2.061413,2400,2700
222.660379,123.494767,105.405324,2.095769,2399,2704
222.747646,123.449996,105.480231,2.123255,2398,2707
222.922179,123.356371,105.627527,2.150740,2398,2711
223.096712,123.258734,105.772194,2.178226,2398,2715
223.271244,123.157158,105.914124,2.205711,2398,2719
223.358511,123.103962,105.983302,2.246940,2396,2723
223.533044,122.992881,106.117923,2.274425,2396,2727
223.663944,122.906488,106.216264,2.308782,2395,2731
223.794843,122.816768,106.311580,2.343139,2394,2735
223.969376,122.693270,106.434909,2.370624,2394,2739
224.100276,122.597831,106.524497,2.404981,2393,2743
224.274809,122.466947,106.639958,2.432467,2393,2747
224.449342,122.332939,106.751777,2.459952,2393,2751
224.667508,122.161188,106.886306,2.494309,2393,2756
224.754774,122.090504,106.937484,2.535537,2391,2760
224.929307,121.945702,107.034922,2.563023,2391,2764
225.147473,121.760227,107.149794,2.611123,2390,2770
225.322006,121.608481,107.236020,2.638608,2390,2774
225.540172,121.415557,107.337887,2.672965,2390,2779
225.714705,121.258772,107.414569,2.700450,2390,2783
225.932872,121.059921,107.504318,2.734807,2390,2788
226.063771,120.938831,107.554037,2.769164,2389,2792
226.281937,120.734288,107.629920,2.803521,2389,2797
226.500104,120.527258,107.698733,2.837878,2389,2802
226.674636,120.360012,107.748636,2.865363,2389,2806
226.849169,120.191150,107.792765,2.906592,2388,2811
227.110969,119.935732,107.850219,2.934077,2389,2816
227.241868,119.807197,107.874984,2.968434,2388,2820
227.460035,119.591679,107.908876,3.002791,2388,2825
227.634568,119.418509,107.930646,3.030276,2388,2829
227.852734,119.201309,107.951153,3.064633,2388,2834
228.070900,118.983532,107.964188,3.098990,2388,2839
228.245433,118.809072,107.969224,3.126476,2388,2843
228.419966,118.634539,107.969464,3.153961,2388,2847
228.638132,118.416469,107.963018,3.188318,2388,2852
228.856298,118.198657,107.950583,3.208932,2389,2856
229.074464,117.981270,107.932166,3.243289,2389,2861
229.292630,117.764643,107.906292,3.277646,2389,2866
229.423530,117.635143,107.887202,3.298260,2389,2869
229.598063,117.463138,107.857604,3.325746,2389,2873
229.816229,117.249379,107.813976,3.360102,2389,2878
229.990762,117.079532,107.773804,3.387588,2389,2882
230.165295,116.910853,107.728979,3.415073,2389,2886
230.339828,116.743470,107.679535,3.442559,2389,2890
230.557994,116.536252,107.611292,3.476916,2389,2895
230.688894,116.413094,107.566944,3.497530,2389,2898
230.819793,116.290875,107.520068,3.518144,2389,2901
230.950693,116.169649,107.470682,3.538758,2389,2904
231.125226,116.009645,107.400966,3.566244,2389,2908
231.387025,115.771098,107.293104,3.566244,2392,2911
231.648825,115.531815,107.186883,3.552501,2396,2913
231.910624,115.290394,107.085618,3.525015,2401,2914
232.041524,115.168832,107.037066,3.518144,2403,2915
232.259690,114.965676,106.957540,3.511273,2406,2917
232.390590,114.843139,106.911505,3.490659,2409,2917
232.521489,114.719980,106.867157,3.483787,2411,2918
232.652389,114.596520,106.823657,3.476916,2413,2919
232.783289,114.472763,106.781006,3.470044,2415,2920
232.914189,114.349007,106.738355,3.476916,2416,2922
233.001455,114.266405,106.710205,3.463173,2418,2922
233.088721,114.183612,106.682623,3.463173,2419,2923
233.219621,114.059282,106.641677,3.456302,2421,2924
233.394154,113.893321,106.587652,3.456302,2423,2926
233.525054,113.768711,106.547561,3.449430,2425,2927
233.655953,113.643830,106.508328,3.442559,2427,2928
233.699587,113.602114,106.495536,3.435688,2428,2928
233.786853,113.518422,106.470815,3.421945,2430,2928
233.917753,113.392509,106.435028,3.415073,2432,2929
234.005019,113.308326,106.412036,3.401331,2434,2929
234.092286,113.223987,106.389624,3.401331,2435,2930
234.223185,113.097363,106.356440,3.394459,2437,2931
234.354085,112.970514,106.324127,3.387588,2439,2932
234.484985,112.843665,106.291814,3.394459,2440,2934
234.615885,112.717042,106.258630,3.401331,2441,2936
234.746784,112.590418,106.225447,3.394459,2443,2937
234.877684,112.463794,106.192263,3.401331,2444,2939
234.964950,112.379303,106.170431,3.387588,2446,2939
235.139483,112.210024,106.127928,3.387588,2448,2941
235.270383,112.082956,106.096487,3.380717,2450,2942
235.357650,111.998033,106.076401,3.366974,2452,2942
235.488549,111.870344,106.047587,3.360102,2454,2943
235.619449,111.742460,106.019650,3.353231,2456,2944
235.706715,111.657141,106.001319,3.353231,2457,2945
235.881248,111.486502,105.964656,3.353231,2459,2947
236.012148,111.358429,105.937599,3.346360,2461,2948
236.143048,111.230174,105.911422,3.339488,2463,2949
236.230314,111.144610,105.894265,3.339488,2464,2950
236.404847,110.973484,105.859951,3.339488,2466,2952
236.492114,110.887805,105.843382,3.325746,2468,2952
236.666646,110.716223,105.811422,3.325746,2470,2954
236.797546,110.587296,105.788781,3.305131,2473,2954
236.884813,110.501194,105.774573,3.305131,2474,2955
237.015712,110.371969,105.753705,3.298260,2476,2956
237.146612,110.242603,105.733725,3.291389,2478,2957
237.277512,110.113103,105.714635,3.284517,2480,2958
237.452045,109.940349,105.689775,3.284517,2482,2960
237.539311,109.853973,105.677344,3.284517,2483,2961
237.713844,109.681219,105.652484,3.284517,2485,2963
237.844744,109.551719,105.633394,3.291389,2486,2965
237.932010,109.465430,105.620371,3.291389,2487,2966
238.062910,109.335930,105.601281,3.284517,2489,2967
238.237443,109.163176,105.576420,3.284517,2491,2969
238.324709,109.076716,105.564584,3.270775,2493,2969
238.455609,108.946850,105.548167,3.263903,2495,2970
238.630142,108.773621,105.526873,3.263903,2497,2972
238.761042,108.643645,105.511349,3.257032,2499,2973
238.891941,108.513566,105.496719,3.250160,2501,2974
239.022841,108.383389,105.482982,3.243289,2503,2975
239.153741,108.253212,105.469246,3.250160,2504,2977
239.328274,108.079707,105.450334,3.250160,2506,2979
239.459173,107.949627,105.435704,3.257032,2507,2981
239.633706,107.776256,105.415600,3.257032,2509,2983
239.764606,107.646176,105.400970,3.250160,2511,2984
239.895506,107.515999,105.387233,3.243289,2513,2985
240.026405,107.385731,105.374392,3.236418,2515,2986
240.157305,107.255378,105.362446,3.229546,2517,2987
240.288205,107.124945,105.351395,3.222675,2519,2988
240.419104,106.994440,105.341242,3.215804,2521,2989
240.550004,106.863935,105.331088,3.222675,2522,2991
240.724537,106.689882,105.318148,3.208932,2525,2992
240.855437,106.559249,105.309788,3.202061,2527,2993
240.986336,106.428617,105.301429,3.208932,2528,2995
241.160869,106.254564,105.288489,3.222675,2529,2998
241.335402,106.080605,105.274353,3.222675,2531,3000
241.422669,105.993625,105.267285,3.222675,2532,3001
241.597202,105.819666,105.253149,3.222675,2534,3003
241.684468,105.732686,105.246081,3.222675,2535,3004
241.859001,105.558633,105.233140,3.208932,2538,3005
241.946267,105.471565,105.227268,3.208932,2539,3006
242.120800,105.297427,105.215524,3.208932,2541,3008
242.208067,105.210359,105.209652,3.208932,2542,3009
242.382600,105.036221,105.197908,3.208932,2544,3011
242.513499,104.905649,105.188651,3.215804,2545,3013
242.644399,104.775077,105.179394,3.208932,2547,3014
242.818932,104.600940,105.167650,3.208932,2549,3016
242.906199,104.513871,105.161778,3.208932,2550,3017
243.080731,104.339734,105.150034,3.208932,2552,3019
243.211631,104.209101,105.141675,3.202061,2554,3020
243.386164,104.034887,105.131128,3.202061,2556,3022
243.473431,103.947781,105.125854,3.202061,2557,3023
243.647963,103.773567,105.115307,3.202061,2559,3025
243.778863,103.642880,105.107845,3.195189,2561,3026
243.909763,103.512193,105.100384,3.202061,2562,3028
244.084296,103.337979,105.089837,3.202061,2564,3030
244.171562,103.250872,105.084563,3.202061,2565,3031
244.302462,103.120185,105.077101,3.195189,2567,3032
244.476995,102.945903,105.067751,3.195189,2569,3034
244.564261,102.858762,105.063077,3.195189,2570,3035
244.782427,102.640870,105.052138,3.188318,2573,3037
244.869694,102.553699,105.048062,3.188318,2574,3038
245.044227,102.379356,105.039909,3.188318,2576,3040
245.175127,102.248621,105.033346,3.195189,2577,3042
245.306026,102.117934,105.025885,3.202061,2578,3044
245.436926,101.987302,105.017525,3.208932,2579,3046
245.567826,101.856669,105.009166,3.202061,2581,3047
245.742359,101.682455,104.998619,3.202061,2583,3049
245.873258,101.551769,104.991157,3.195189,2585,3050
245.960525,101.464627,104.986482,3.195189,2586,3051
246.135058,101.290345,104.977132,3.195189,2588,3053
246.222324,101.203204,104.972457,3.195189,2589,3054
246.396857,101.028922,104.963107,3.195189,2591,3056
246.484123,100.941780,104.958432,3.195189,2592,3057
246.615023,100.811094,104.950971,3.202061,2593,3059
246.789556,100.636880,104.940424,3.202061,2595,3061
246.964089,100.462666,104.929876,3.202061,2597,3063
247.094989,100.331979,104.922415,3.195189,2599,3064
247.269522,100.157697,104.913065,3.195189,2601,3066
247.400421,100.027010,104.905604,3.202061,2602,3068
247.487688,99.939903,104.900330,3.202061,2603,3069
247.662221,99.765689,104.889783,3.202061,2605,3071
247.836754,99.591475,104.879235,3.202061,2607,3073
247.924020,99.504368,104.873962,3.202061,2608,3074
248.098553,99.330154,104.863415,3.202061,2610,3076
248.273086,99.155940,104.852867,3.202061,2612,3078
248.447619,98.981726,104.842320,3.202061,2614,3080
248.622152,98.807512,104.831773,3.202061,2616,3082
248.796685,98.633298,104.821226,3.202061,2618,3084
248.971218,98.459084,104.810678,3.202061,2620,3086
249.102117,98.328452,104.802319,3.208932,2621,3088
249.233017,98.197819,104.793960,3.202061,2623,3089
249.407550,98.023605,104.783412,3.202061,2625,3091
249.582083,97.849391,104.772865,3.202061,2627,3093
249.756616,97.675177,104.762318,3.202061,2629,3095
249.931149,97.500964,104.751771,3.202061,2631,3097
250.105682,97.326750,104.741223,3.202061,2633,3099
250.280215,97.152536,104.730676,3.202061,2635,3101
250.498381,96.934724,104.718240,3.195189,2638,3103
250.716547,96.716832,104.707301,3.188318,2641,3105
250.847447,96.586097,104.700738,3.195189,2642,3107
251.065613,96.368206,104.689799,3.188318,2645,3109
251.283779,96.150244,104.680358,3.181447,2648,3111
251.501945,95.932282,104.670916,3.188318,2650,3114
251.589211,95.845141,104.666241,3.202061,2650,3116
251.851011,95.583718,104.652217,3.188318,2654,3118
252.069177,95.365826,104.641278,3.195189,2656,3121
252.243710,95.191543,104.631928,3.195189,2658,3123
252.418243,95.017261,104.622578,3.195189,2660,3125
252.636409,94.799369,104.611639,3.188318,2663,3127
252.854575,94.581478,104.600700,3.195189,2665,3130
253.029108,94.407195,104.591350,3.195189,2667,3132
253.247274,94.189384,104.578914,3.202061,2669,3135
253.421807,94.015170,104.568367,3.202061,2671,3137
253.683607,93.753849,104.552546,3.202061,2674,3140
253.901773,93.536128,104.538614,3.208932,2676,3143
254.076306,93.361991,104.526870,3.208932,2678,3145
254.338105,93.100785,104.509254,3.208932,2681,3148
254.512638,92.926647,104.497510,3.208932,2683,3150
254.687171,92.752510,104.485766,3.208932,2685,3152
254.948970,92.491304,104.468150,3.208932,2688,3155
255.167136,92.273583,104.454217,3.202061,2691,3157
255.385303,92.055862,104.440285,3.208932,2693,3160
255.603469,91.838142,104.426353,3.202061,2696,3162
255.778002,91.663928,104.415806,3.202061,2698,3164
256.039801,91.402607,104.399985,3.202061,2701,3167
256.214334,91.228393,104.389438,3.202061,2703,3169
256.519767,90.923584,104.369933,3.208932,2706,3173
256.737933,90.705863,104.356000,3.202061,2709,3175
256.912466,90.531649,104.345453,3.202061,2711,3177
257.086999,90.357435,104.334906,3.202061,2713,3179
257.348798,90.096114,104.319085,3.202061,2716,3182
257.566964,89.878303,104.306649,3.195189,2719,3184
257.785130,89.660491,104.294213,3.202061,2721,3187
257.959663,89.486277,104.283666,3.202061,2723,3189
258.177829,89.268466,104.271230,3.195189,2726,3191
258.395996,89.050654,104.258794,3.202061,2728,3194
258.614162,88.832843,104.246359,3.195189,2731,3196
258.832328,88.615031,104.233923,3.202061,2733,3199
259.094127,88.353710,104.218102,3.202061,2736,3202
259.268660,88.179497,104.207555,3.202061,2738,3204
259.530460,87.918176,104.191734,3.202061,2741,3207
259.661359,87.787489,104.184272,3.195189,2743,3208
259.835892,87.613206,104.174922,3.195189,2745,3210
260.010425,87.438864,104.166770,3.181447,2748,3211
260.228591,87.220843,104.158827,3.174575,2751,3213
260.446757,87.002772,104.152382,3.167704,2754,3215
260.664924,86.784662,104.147435,3.160833,2757,3217
260.839456,86.610188,104.142878,3.174575,2758,3220
261.013989,86.435750,104.137123,3.174575,2760,3222
261.363055,86.086961,104.123215,3.188318,2763,3227
261.668488,85.782025,104.105804,3.208932,2765,3232
261.930287,85.521238,104.082808,3.250160,2765,3238
262.148453,85.304794,104.055447,3.284517,2765,3243
262.322986,85.132399,104.028215,3.312003,2765,3247
262.541152,84.917521,103.990478,3.318874,2767,3250
262.759319,84.702908,103.951266,3.325746,2769,3253
262.933852,84.531326,103.919307,3.325746,2771,3255
263.064751,84.402723,103.894895,3.332617,2772,3257
263.195651,84.274290,103.869600,3.339488,2773,3259
263.370184,84.103404,103.834111,3.353231,2774,3262
263.588350,83.890264,103.787550,3.360102,2776,3265
263.806516,83.677449,103.739526,3.366974,2778,3268
263.981049,83.507602,103.699353,3.380717,2779,3271
264.155582,83.338324,103.656851,3.394459,2780,3274
264.330115,83.169645,103.612026,3.408202,2781,3277
264.461015,83.043252,103.577973,3.401331,2783,3278
264.679181,82.832598,103.521218,3.408202,2785,3281
264.897347,82.621943,103.464463,3.401331,2788,3283
265.071880,82.453265,103.419638,3.401331,2790,3285
265.246413,82.284898,103.373655,3.415073,2791,3288
265.420946,82.116531,103.327672,3.401331,2794,3289
265.595479,81.947853,103.282847,3.401331,2796,3291
265.813645,81.736813,103.227541,3.394459,2799,3293
266.031811,81.525399,103.173686,3.387588,2802,3295
266.162711,81.398331,103.142246,3.380717,2804,3296
266.424510,81.143981,103.080238,3.380717,2807,3299
266.642676,80.931846,103.029294,3.373845,2810,3301
266.860842,80.719366,102.979808,3.366974,2813,3303
267.035375,80.549248,102.940804,3.366974,2815,3305
267.253541,80.336433,102.892779,3.360102,2818,3307
267.428074,80.166314,102.853775,3.373845,2819,3310
267.646241,79.953834,102.804289,3.366974,2822,3312
267.820773,79.783715,102.765285,3.366974,2824,3314
267.995306,79.613597,102.726281,3.366974,2826,3316
268.169839,79.443214,102.688446,3.353231,2829,3317
268.344372,79.272575,102.651784,3.353231,2831,3319
268.562538,79.059120,102.606688,3.346360,2834,3321
268.780705,78.845361,102.563061,3.339488,2837,3323
268.998871,78.631307,102.520903,3.332617,2840,3325
269.260670,78.374269,102.471197,3.332617,2843,3328
269.478836,78.160215,102.429039,3.339488,2845,3331
269.653369,77.989089,102.394725,3.339488,2847,3333
269.871535,77.775329,102.351097,3.346360,2849,3336
270.089701,77.561875,102.306002,3.353231,2851,3339
270.307868,77.348420,102.260906,3.346360,2854,3341
270.482401,77.177533,102.225417,3.346360,2856,3343
270.613300,77.049461,102.198360,3.353231,2857,3345
270.787833,76.878822,102.161697,3.353231,2859,3347
271.005999,76.665367,102.116602,3.346360,2862,3349
271.224165,76.451608,102.072974,3.339488,2865,3351
271.398698,76.280250,102.039837,3.325746,2868,3352
271.660498,76.022877,101.991897,3.325746,2871,3355
271.878664,75.808263,101.952685,3.318874,2874,3357
272.053197,75.636466,101.921906,3.318874,2876,3359
272.314996,75.379093,101.873967,3.332617,2878,3363
272.533162,75.165039,101.831809,3.339488,2880,3366
272.838595,74.865776,101.770730,3.346360,2883,3370
273.013128,74.694889,101.735241,3.346360,2885,3372
273.187661,74.524002,101.699752,3.346360,2887,3374
273.362194,74.353116,101.664262,3.346360,2889,3376
273.536727,74.181989,101.629948,3.332617,2892,3377
273.711260,74.010631,101.596810,3.332617,2894,3379
273.842159,73.881863,101.573283,3.312003,2897,3379
274.016692,73.709858,101.543685,3.312003,2899,3381
274.234858,73.494726,101.507425,3.305131,2902,3383
274.409391,73.322522,101.479010,3.305131,2904,3385
274.671191,73.064216,101.436386,3.305131,2907,3388
274.976623,72.763031,101.385623,3.312003,2910,3392
275.238423,72.505335,101.339453,3.325746,2912,3396
275.500222,72.247962,101.291514,3.325746,2915,3399
275.762022,71.990589,101.243575,3.325746,2918,3402
275.892921,71.861986,101.219164,3.332617,2919,3404
276.067454,71.690628,101.186026,3.332617,2921,3406
276.329254,71.433255,101.138087,3.318874,2925,3408
276.460153,71.304328,101.115445,3.312003,2927,3409
276.591053,71.175402,101.092803,3.318874,2928,3411
276.852852,70.917096,101.050179,3.291389,2933,3412
277.071019,70.701486,101.016880,3.298260,2935,3415
277.289185,70.486110,100.982100,3.305131,2937,3418
277.463718,70.313905,100.953684,3.305131,2939,3420
277.725517,70.055599,100.911060,3.305131,2942,3423
277.943683,69.840223,100.876280,3.298260,2945,3425
278.161849,69.624613,100.842981,3.291389,2948,3427
278.380015,69.409003,100.809682,3.298260,2950,3430
278.641815,69.150410,100.768834,3.298260,2953,3433
278.816348,68.978015,100.741602,3.298260,2955,3435
279.078147,68.719422,100.700754,3.298260,2958,3438
279.252680,68.547026,100.673522,3.298260,2960,3440
279.514479,68.288433,100.632674,3.298260,2963,3443
279.732646,68.073057,100.597894,3.305131,2965,3446
279.907179,67.900853,100.569479,3.305131,2967,3448
280.125345,67.685477,100.534698,3.298260,2970,3450
280.343511,67.469867,100.501399,3.291389,2973,3452
280.518044,67.297289,100.475352,3.291389,2975,3454
280.736210,67.081679,100.442053,3.298260,2977,3457
280.954376,66.866069,100.408754,3.291389,2980,3459
281.128909,66.693491,100.382707,3.291389,2982,3461
281.303442,66.520912,100.356661,3.291389,2984,3463
281.477975,66.348334,100.330614,3.291389,2986,3465
281.608875,66.218834,100.311524,3.284517,2988,3466
281.696141,66.132457,100.299094,3.284517,2989,3467
281.739774,66.089248,100.293027,3.277646,2990,3467
281.827041,66.002788,100.281191,3.277646,2991,3468
281.870674,65.959537,100.275421,3.270775,2992,3468
281.957940,65.872998,100.264179,3.270775,2993,3469
281.957940,65.872998,100.264179,3.270775,2993,3469
281.957940,65.872998,100.264179,3.270775,2993,3469
281.914307,65.916248,100.269949,3.277646,2992,3469
281.914307,65.916248,100.269949,3.277646,2992,3469
281.914307,65.916248,100.269949,3.277646,2992,3469
281.914307,65.916248,100.269949,3.277646,2992,3469
281.914307,65.916248,100.269949,3.277646,2992,3469
281.914307,65.916248,100.269949,3.277646,2992,3469
281.914307,65.916248,100.269949,3.277646,2992,3469
281.914307,65.916248,100.269949,3.277646,2992,3469
281.914307,65.916248,100.269949,3.277646,2992,3469
281.914307,65.916248,100.269949,3.277646,2992,3469
281.914307,65.916248,100.269949,3.277646,2992,3469
281.914307,65.916248,100.269949,3.277646,2992,3469
281.914307,65.916248,100.269949,3.277646,2992,3469
281.914307,65.916248,100.269949,3.277646,2992,3469
281.914307,65.916248,100.269949,3.277646,2992,3469
281.914307,65.916248,100.269949,3.277646,2992,3469
281.914307,65.916248,100.269949,3.277646,2992,3469
281.914307,65.916248,100.269949,3.277646,2992,3469
282.045207,65.786620,100.251749,3.284517,2993,3471
282.132473,65.700243,100.239319,3.284517,2994,3472
282.176107,65.657077,100.232955,3.291389,2994,3473
282.219740,65.613910,100.226592,3.284517,2995,3473
282.263373,65.570743,100.220228,3.291389,2995,3474
282.394273,65.441243,100.201138,3.284517,2997,3475
282.437906,65.398076,100.194775,3.291389,2997,3476
282.481539,65.354909,100.188411,3.284517,2998,3476
282.568806,65.268533,100.175981,3.284517,2999,3477
282.612439,65.225366,100.169618,3.291389,2999,3478
282.699705,65.139077,100.156595,3.291389,3000,3479
282.786972,65.052788,100.143571,3.291389,3001,3480
282.874238,64.966498,100.130548,3.291389,3002,3481
282.961505,64.880209,100.117525,3.291389,3003,3482
283.048771,64.793920,100.104501,3.291389,3004,3483
283.136038,64.707631,100.091478,3.291389,3005,3484
283.223304,64.621342,100.078455,3.291389,3006,3485
283.354204,64.491976,100.058475,3.298260,3007,3487
283.397837,64.448854,100.051815,3.291389,3008,3487
283.485103,64.362565,100.038792,3.291389,3009,3488
283.616003,64.233199,100.018812,3.298260,3010,3490
283.659636,64.190123,100.011856,3.305131,3010,3491
283.790536,64.060898,99.990988,3.298260,3012,3492
283.877803,63.974700,99.977372,3.298260,3013,3493
284.008702,63.845474,99.956504,3.305131,3014,3495
284.095969,63.759372,99.942296,3.305131,3015,3496
284.183235,63.673270,99.928088,3.305131,3016,3497
284.357768,63.501066,99.899673,3.305131,3018,3499
284.445035,63.414964,99.885465,3.305131,3019,3500
284.532301,63.328862,99.871257,3.305131,3020,3501
284.706834,63.156658,99.842841,3.305131,3022,3503
284.794100,63.070556,99.828633,3.305131,3023,3504
284.968633,62.898351,99.800217,3.305131,3025,3506
285.099533,62.769272,99.778462,3.312003,3026,3508
285.230433,62.640193,99.756706,3.305131,3028,3509
285.361332,62.511114,99.734951,3.312003,3029,3511
285.492232,62.382035,99.713195,3.305131,3031,3512
285.623132,62.252956,99.691440,3.312003,3032,3514
285.754032,62.123877,99.669684,3.305131,3034,3515
285.884931,61.994797,99.647929,3.312003,3035,3517
286.059464,61.822793,99.618330,3.312003,3037,3519
286.146731,61.736790,99.603531,3.312003,3038,3520
286.321263,61.564785,99.573933,3.312003,3040,3522
286.452163,61.435706,99.552177,3.305131,3042,3523
286.583063,61.306627,99.530422,3.312003,3043,3525
286.757596,61.134622,99.500823,3.312003,3045,3527
286.844862,61.048620,99.486024,3.312003,3046,3528
287.019395,60.876615,99.456425,3.312003,3048,3530
287.193928,60.704610,99.426827,3.312003,3050,3532
287.324828,60.575683,99.404185,3.318874,3051,3534
287.455728,60.446757,99.381543,3.312003,3053,3535
287.630260,60.274752,99.351945,3.312003,3055,3537
287.761160,60.145673,99.330189,3.305131,3057,3538
287.935693,59.973468,99.301773,3.305131,3059,3540
288.110226,59.801264,99.273358,3.305131,3061,3542
288.284759,59.629060,99.244942,3.305131,3063,3544
288.459292,59.456856,99.216526,3.305131,3065,3546
288.590192,59.327630,99.195658,3.298260,3067,3547
288.764724,59.155235,99.168426,3.298260,3069,3549
288.939257,58.982840,99.141194,3.298260,3071,3551
289.026524,58.896642,99.127578,3.298260,3072,3552
289.244690,58.681266,99.092798,3.305131,3074,3555
289.375590,58.552040,99.071930,3.298260,3076,3556
289.550123,58.379645,99.044698,3.298260,3078,3558
289.724656,58.207250,99.017466,3.298260,3080,3560
289.899188,58.034854,98.990234,3.298260,3082,3562
290.030088,57.905488,98.970255,3.291389,3084,3563
290.204621,57.732910,98.944208,3.291389,3086,3565
290.422787,57.517076,98.912391,3.284517,3089,3567
290.597320,57.344323,98.887531,3.284517,3091,3569
290.684587,57.257946,98.875101,3.284517,3092,3570
290.859119,57.085193,98.850241,3.284517,3094,3572
291.077286,56.869146,98.819907,3.277646,3097,3574
291.208185,56.739517,98.801707,3.284517,3098,3576
291.339085,56.609889,98.783507,3.277646,3100,3577
291.513618,56.436969,98.759835,3.277646,3102,3579
291.688151,56.264049,98.736162,3.277646,3104,3581
291.862684,56.091129,98.712490,3.277646,3106,3583
292.037217,55.918209,98.688817,3.277646,3108,3585
292.211750,55.745289,98.665145,3.277646,3110,3587
292.386283,55.572210,98.642661,3.263903,3113,3588
292.517182,55.442344,98.626244,3.270775,3114,3590
292.691715,55.269265,98.603760,3.270775,3116,3592
292.866248,55.096187,98.581276,3.270775,3118,3594
292.997148,54.966436,98.563967,3.277646,3119,3596
293.171681,54.793516,98.540295,3.277646,3121,3598
293.346214,54.620596,98.516622,3.277646,3123,3600
293.477113,54.490846,98.499314,3.270775,3125,3601
293.651646,54.317767,98.476830,3.270775,3127,3603
293.782546,54.187901,98.460413,3.263903,3129,3604
293.957079,54.014672,98.439119,3.263903,3131,3606
294.131612,53.841443,98.417825,3.263903,3133,3608
294.306145,53.668214,98.396531,3.263903,3135,3610
294.437044,53.538348,98.380114,3.270775,3136,3612
294.611577,53.365269,98.357630,3.270775,3138,3614
294.786110,53.192191,98.335146,3.270775,3140,3616
294.960643,53.019112,98.312662,3.270775,3142,3618
295.091543,52.889246,98.296246,3.263903,3144,3619
295.266076,52.716017,98.274952,3.263903,3146,3621
295.440609,52.542788,98.253658,3.263903,3148,3623
295.571508,52.412812,98.238134,3.257032,3150,3624
295.746041,52.239441,98.218030,3.257032,3152,3626
295.920574,52.066069,98.197927,3.257032,3154,3628
296.095107,51.892698,98.177824,3.257032,3156,3630
296.269640,51.719327,98.157721,3.257032,3158,3632
296.400540,51.589351,98.142197,3.263903,3159,3634
296.575073,51.416122,98.120903,3.263903,3161,3636
296.749606,51.242893,98.099609,3.263903,3163,3638
296.880505,51.112917,98.084085,3.257032,3165,3639
297.098671,50.896118,98.059700,3.250160,3168,3641
297.229571,50.766038,98.045070,3.257032,3169,3643
297.447737,50.549239,98.020685,3.250160,3172,3645
297.622270,50.375734,98.001774,3.250160,3174,3647
297.796803,50.202228,97.982862,3.250160,3176,3649
297.971336,50.028723,97.963951,3.250160,3178,3651
298.102236,49.898546,97.950215,3.243289,3180,3652
298.276769,49.724915,97.932496,3.243289,3182,3654
298.451302,49.551284,97.914777,3.243289,3184,3656
298.625835,49.377652,97.897058,3.243289,3186,3658
298.800367,49.204021,97.879339,3.243289,3188,3660
298.974900,49.030390,97.861621,3.243289,3190,3662
299.149433,48.856759,97.843902,3.243289,3192,3664
299.323966,48.683128,97.826183,3.243289,3194,3666
299.542132,48.466014,97.804780,3.236418,3197,3668
299.716665,48.292265,97.788255,3.236418,3199,3670
299.847565,48.161997,97.775413,3.243289,3200,3672
300.065731,47.944883,97.754011,3.236418,3203,3674
300.240264,47.771134,97.737485,3.236418,3205,3676
300.414797,47.597385,97.720960,3.236418,3207,3678
300.589330,47.423637,97.704435,3.236418,3209,3680
300.763863,47.249888,97.687909,3.236418,3211,3682
300.938396,47.076139,97.671384,3.236418,3213,3684
301.156562,46.858883,97.651474,3.229546,3216,3686
301.243828,46.771954,97.643808,3.229546,3217,3687
301.374728,46.641522,97.632758,3.222675,3219,3688
301.418361,46.598020,97.629374,3.215804,3220,3688
301.418361,46.598020,97.629374,3.215804,3220,3688
301.418361,46.598020,97.629374,3.215804,3220,3688
301.418361,46.598020,97.629374,3.215804,3220,3688
301.374728,46.641544,97.632459,3.208932,3220,3687
301.331095,46.685068,97.635545,3.215804,3219,3687
301.331095,46.685068,97.635545,3.215804,3219,3687
301.287462,46.728592,97.638630,3.208932,3219,3686
301.243828,46.772116,97.641716,3.215804,3218,3686
301.243828,46.772116,97.641716,3.215804,3218,3686
301.112929,46.902688,97.650973,3.208932,3217,3684
301.025662,46.989757,97.656845,3.208932,3216,3683
300.938396,47.076825,97.662717,3.208932,3215,3682
300.851129,47.163894,97.668589,3.208932,3214,3681
300.763863,47.250963,97.674461,3.208932,3213,3680
300.676596,47.338031,97.680333,3.208932,3212,3679
300.589330,47.425100,97.686205,3.208932,3211,3678
300.458430,47.555672,97.695462,3.215804,3209,3677
300.371164,47.642698,97.701932,3.215804,3208,3676
300.240264,47.773270,97.711188,3.208932,3207,3674
300.152998,47.860339,97.717061,3.208932,3206,3673
300.065731,47.947408,97.722933,3.208932,3205,3672
299.978465,48.034476,97.728805,3.208932,3204,3671
299.847565,48.165048,97.738061,3.215804,3202,3670
299.760299,48.252074,97.744532,3.215804,3201,3669
299.629399,48.382580,97.754685,3.222675,3199,3668
299.498499,48.513085,97.764839,3.215804,3198,3666
299.367599,48.643590,97.774993,3.222675,3196,3665
299.193067,48.817550,97.789129,3.222675,3194,3663
299.105800,48.904530,97.796197,3.222675,3193,3662
298.931267,49.078489,97.810333,3.222675,3191,3660
298.800367,49.208922,97.821383,3.229546,3189,3659
298.669468,49.339354,97.832433,3.222675,3188,3657
298.538568,49.469786,97.843483,3.229546,3186,3656
298.407668,49.600140,97.855430,3.236418,3184,3655
298.233135,49.773889,97.871955,3.236418,3182,3653
298.102236,49.904157,97.884796,3.243289,3180,3652
297.971336,50.034334,97.898533,3.250160,3178,3651
297.796803,50.207839,97.917444,3.250160,3176,3649
297.665903,50.337919,97.932075,3.257032,3174,3648
297.491371,50.511290,97.952178,3.257032,3172,3646
297.316838,50.684661,97.972281,3.257032,3170,3644
297.142305,50.858033,97.992385,3.257032,3168,3642
296.967772,51.031404,98.012488,3.257032,3166,3640
296.836872,51.161380,98.028012,3.263903,3164,3639
296.662339,51.334609,98.049306,3.263903,3162,3637
296.531439,51.464475,98.065723,3.270775,3160,3636
296.356907,51.637554,98.088206,3.270775,3158,3634
296.182374,51.810474,98.111879,3.284517,3155,3633
296.051474,51.940102,98.130079,3.277646,3154,3631
295.876941,52.113022,98.153752,3.277646,3152,3629
295.658775,52.329069,98.184085,3.284517,3149,3627
295.484242,52.501823,98.208945,3.284517,3147,3625
295.396975,52.588199,98.221375,3.284517,3146,3624
295.135176,52.847067,98.260445,3.298260,3142,3622
294.917010,53.062677,98.293744,3.291389,3140,3619
294.786110,53.192043,98.313724,3.298260,3138,3618
294.611577,53.364438,98.340956,3.298260,3136,3616
294.437044,53.536833,98.368188,3.298260,3134,3614
294.218878,53.752209,98.402968,3.305131,3131,3612
294.000712,53.967585,98.437748,3.298260,3129,3609
293.826179,54.139981,98.464980,3.298260,3127,3607
293.651646,54.312376,98.492212,3.298260,3125,3605
293.520746,54.441602,98.513080,3.305131,3123,3604
293.346214,54.613806,98.541496,3.305131,3121,3602
293.215314,54.742885,98.563251,3.312003,3119,3601
292.997148,54.958017,98.599510,3.305131,3117,3598
292.822615,55.130221,98.627926,3.305131,3115,3596
292.648082,55.302425,98.656342,3.305131,3113,3594
292.386282,55.560732,98.698966,3.305131,3110,3591
292.211750,55.732936,98.727381,3.305131,3108,3589
292.080850,55.862015,98.749137,3.312003,3106,3588
291.906317,56.034020,98.778735,3.312003,3104,3586
291.688151,56.249152,98.814995,3.305131,3102,3583
291.513618,56.421356,98.843410,3.305131,3100,3581
291.339085,56.593560,98.871826,3.305131,3098,3579
291.164552,56.765764,98.900242,3.305131,3096,3577
290.946386,56.981140,98.935022,3.298260,3094,3574
290.771853,57.153536,98.962254,3.298260,3092,3572
290.553687,57.368912,98.997034,3.305131,3089,3570
290.379154,57.541116,99.025450,3.305131,3087,3568
290.248254,57.670195,99.047205,3.312003,3085,3567
290.073721,57.842200,99.076804,3.312003,3083,3565
289.899188,58.014205,99.106402,3.312003,3081,3563
289.681022,58.229337,99.142661,3.305131,3079,3560
289.506489,58.401541,99.171077,3.305131,3077,3558
289.331956,58.573745,99.199493,3.305131,3075,3556
289.157423,58.745949,99.227909,3.305131,3073,3554
288.939257,58.961081,99.264168,3.312003,3070,3552
288.764724,59.133086,99.293767,3.312003,3068,3550
288.590191,59.305091,99.323365,3.312003,3066,3548
288.415659,59.477096,99.352963,3.312003,3064,3546
288.241126,59.649101,99.382562,3.312003,3062,3544
288.022959,59.864233,99.418821,3.305131,3060,3541
287.848427,60.036437,99.447237,3.305131,3058,3539
287.630260,60.251569,99.483496,3.312003,3055,3537
287.455727,60.423574,99.513094,3.312003,3053,3535
287.324828,60.552500,99.535736,3.318874,3051,3534
287.063028,60.810196,99.581906,3.318874,3048,3531
286.888495,60.981994,99.612685,3.318874,3046,3529
286.757596,61.110920,99.635327,3.312003,3045,3527
286.495796,61.368928,99.679725,3.312003,3042,3524
286.321263,61.540933,99.709323,3.312003,3040,3522
286.146730,61.712937,99.738922,3.312003,3038,3520
285.972198,61.884942,99.768520,3.312003,3036,3518
285.797665,62.056947,99.798119,3.312003,3034,3516
285.579498,62.272079,99.834378,3.305131,3032,3513
285.404966,62.444283,99.862794,3.305131,3030,3511
285.230433,62.616487,99.891210,3.305131,3028,3509
285.012266,62.831619,99.927469,3.312003,3025,3507
284.837734,63.003624,99.957067,3.312003,3023,3505
284.663201,63.175629,99.986666,3.312003,3021,3503
284.401401,63.433636,100.031063,3.312003,3018,3500
284.226868,63.605641,100.060662,3.312003,3016,3498
284.008702,63.820773,100.096921,3.305131,3014,3495
283.834169,63.992977,100.125337,3.305131,3012,3493
283.659636,64.165182,100.153753,3.305131,3010,3491
283.441470,64.380558,100.188533,3.298260,3008,3488
283.223304,64.595934,100.223313,3.305131,3005,3486
283.005138,64.811310,100.258093,3.298260,3003,3483
282.786972,65.026686,100.292873,3.305131,3000,3481
282.568806,65.242062,100.327653,3.298260,2998,3478
282.394273,65.414457,100.354885,3.298260,2996,3476
282.132473,65.673050,100.395733,3.298260,2993,3473
281.957940,65.845445,100.422964,3.298260,2991,3471
281.739774,66.061055,100.456264,3.291389,2989,3468
281.521608,66.276665,100.489563,3.298260,2986,3466
281.303442,66.492275,100.522862,3.291389,2984,3463
281.085276,66.707885,100.556162,3.298260,2981,3461
280.867110,66.923495,100.589461,3.291389,2979,3458
280.692577,67.096073,100.615508,3.291389,2977,3456
280.518044,67.268652,100.641554,3.291389,2975,3454
280.256244,67.527519,100.680624,3.291389,2972,3451
280.038078,67.743353,100.712441,3.284517,2970,3448
279.863545,67.916106,100.737302,3.284517,2968,3446
279.689012,68.088860,100.762162,3.284517,2966,3444
279.427213,68.347990,100.799452,3.284517,2963,3441
279.296313,68.477618,100.817652,3.277646,2962,3439
279.034514,68.736998,100.853161,3.277646,2959,3436
278.859981,68.909918,100.876833,3.277646,2957,3434
278.598181,69.169298,100.912342,3.277646,2954,3431
278.467282,69.299048,100.929651,3.270775,2953,3429
278.205482,69.558666,100.963377,3.270775,2950,3426
278.030949,69.731745,100.985861,3.270775,2948,3424
277.812783,69.947996,101.014709,3.277646,2945,3422
277.550984,70.207614,101.048434,3.263903,2943,3418
277.332818,70.424057,101.075796,3.270775,2940,3416
277.114652,70.640501,101.103157,3.263903,2938,3413
276.940119,70.813730,101.124451,3.263903,2936,3411
276.896485,70.857019,101.129923,3.270775,2935,3411
276.721953,71.030097,101.152407,3.270775,2933,3409
276.678319,71.073347,101.158177,3.277646,2932,3409
276.634686,71.116469,101.164837,3.312003,2929,3411
276.678319,71.073494,101.157289,3.318874,2929,3412
276.721953,71.030518,101.149742,3.312003,2930,3412
276.896485,70.858314,101.121326,3.298260,2933,3413
276.852852,70.901436,101.127986,3.291389,2933,3412
276.896485,70.858314,101.121326,3.298260,2933,3413
276.940119,70.815192,101.114666,3.291389,2934,3413
276.940119,70.815192,101.114666,3.291389,2934,3413
277.027385,70.728903,101.101643,3.291389,2935,3414
277.071018,70.685781,101.094983,3.298260,2935,3415
277.158285,70.599583,101.081367,3.298260,2936,3416
277.245551,70.513481,101.067159,3.312003,2936,3418
277.289185,70.470505,101.059612,3.318874,2936,3419
277.376451,70.384607,101.044222,3.318874,2937,3420
277.463717,70.298708,101.028832,3.318874,2938,3421
277.463717,70.298708,101.028832,3.318874,2938,3421
277.550984,70.212706,101.014033,3.305131,2940,3421
277.638250,70.126604,100.999825,3.305131,2941,3422
277.812783,69.954208,100.972593,3.291389,2944,3423
277.943683,69.824842,100.952614,3.298260,2945,3425
278.074583,69.695617,100.931746,3.305131,2946,3427
278.161849,69.609515,100.917538,3.305131,2947,3428
278.292749,69.480435,100.895782,3.312003,2948,3430
278.467282,69.308431,100.866184,3.312003,2950,3432
278.554548,69.222428,100.851385,3.312003,2951,3433
278.729081,69.050423,100.821786,3.312003,2953,3435
278.772714,69.007448,100.814239,3.318874,2953,3436
278.947247,68.835650,100.783459,3.318874,2955,3438
279.078147,68.706724,100.760817,3.312003,2957,3439
279.209047,68.577644,100.739062,3.305131,2959,3440
279.383580,68.405440,100.710646,3.305131,2961,3442
279.558113,68.233236,100.682230,3.305131,2963,3444
279.645379,68.147134,100.668022,3.305131,2964,3445
279.819912,67.974930,100.639606,3.305131,2966,3447
279.950812,67.845851,100.617851,3.312003,2967,3449
280.125345,67.673846,100.588252,3.312003,2969,3451
280.299877,67.501841,100.558654,3.312003,2971,3453
280.430777,67.372914,100.536012,3.318874,2972,3455
280.605310,67.201117,100.505232,3.318874,2974,3457
280.736210,67.072190,100.482591,3.312003,2976,3458
280.910743,66.900185,100.452992,3.312003,2978,3460
281.085276,66.728181,100.423394,3.312003,2980,3462
281.172542,66.642178,100.408594,3.312003,2981,3463
281.390708,66.427300,100.370858,3.318874,2983,3466
281.565241,66.255503,100.340078,3.318874,2985,3468
281.739774,66.083706,100.309299,3.318874,2987,3470
281.914307,65.911908,100.278519,3.318874,2989,3472
282.088840,65.740111,100.247739,3.318874,2991,3474
282.307006,65.525497,100.208527,3.325746,2993,3477
282.481539,65.353916,100.176568,3.325746,2995,3479
282.656072,65.182334,100.144608,3.325746,2997,3481
282.874238,64.967720,100.105396,3.318874,3000,3483
283.048771,64.795923,100.074617,3.318874,3002,3485
283.223304,64.624126,100.043837,3.318874,3004,3487
283.441470,64.409248,100.006100,3.312003,3007,3489
283.616003,64.237243,99.976502,3.312003,3009,3491
283.834169,64.022111,99.940243,3.305131,3012,3493
284.052335,63.806979,99.903984,3.312003,3014,3496
284.270501,63.592101,99.866247,3.318874,3016,3499
284.488668,63.377224,99.828511,3.312003,3019,3501
284.663201,63.205426,99.797731,3.325746,3020,3504
284.837733,63.033844,99.765772,3.325746,3022,3506
285.012266,62.862263,99.733812,3.325746,3024,3508
285.186799,62.690681,99.701853,3.325746,3026,3510
285.404965,62.476067,99.662641,3.318874,3029,3512
285.579498,62.304270,99.631861,3.318874,3031,3514
285.797665,62.089657,99.592649,3.325746,3033,3517
286.015831,61.875043,99.553437,3.318874,3036,3519
286.233997,61.660430,99.514225,3.325746,3038,3522
286.452163,61.445817,99.475013,3.318874,3041,3524
286.626696,61.274019,99.444233,3.318874,3043,3526
286.844862,61.059406,99.405021,3.325746,3045,3529
287.063028,60.845067,99.364335,3.332617,3047,3532
287.281194,60.630728,99.323649,3.325746,3050,3534
287.455727,60.459146,99.291690,3.325746,3052,3536
287.673893,60.244533,99.252478,3.318874,3055,3538
287.848426,60.072736,99.221698,3.318874,3057,3540
288.110226,59.815039,99.175528,3.318874,3060,3543
288.328392,59.600426,99.136316,3.325746,3062,3546
288.546558,59.385813,99.097104,3.318874,3065,3548
288.764724,59.170935,99.059368,3.312003,3068,3550
288.982890,58.956057,99.021631,3.318874,3070,3553
289.244690,58.698361,98.975462,3.318874,3073,3556
289.419223,58.526564,98.944682,3.318874,3075,3558
289.681022,58.268868,98.898513,3.318874,3078,3561
289.899188,58.053990,98.860776,3.312003,3081,3563
290.073721,57.881985,98.831178,3.312003,3083,3565
290.291887,57.667107,98.793441,3.318874,3085,3568
290.510054,57.452230,98.755705,3.312003,3088,3570
290.771853,57.194222,98.711307,3.312003,3091,3573
290.990019,56.979345,98.673570,3.318874,3093,3576
291.164552,56.807547,98.642791,3.318874,3095,3578
291.382718,56.592670,98.605054,3.312003,3098,3580
291.644518,56.334662,98.560657,3.312003,3101,3583
291.819050,56.162657,98.531058,3.312003,3103,3585
292.037217,55.947780,98.493322,3.318874,3105,3588
292.255383,55.733166,98.454109,3.325746,3107,3591
292.429916,55.561584,98.422150,3.325746,3109,3593
292.822615,55.176817,98.343620,3.360102,3111,3600
292.909881,55.091894,98.323534,3.387588,3110,3603
292.997148,55.007403,98.301702,3.401331,3110,3605
293.258947,54.755333,98.230994,3.428816,3111,3610
293.433480,54.588645,98.179255,3.456302,3111,3614
293.520746,54.505852,98.151673,3.470044,3111,3616
293.738913,54.300588,98.077760,3.504401,3111,3621
293.913446,54.138283,98.013582,3.531887,3111,3625
294.087978,53.977803,97.944967,3.559372,3111,3629
294.262511,53.819775,97.870881,3.600601,3110,3634
294.393411,53.703438,97.810877,3.634957,3109,3638
294.524311,53.589231,97.746913,3.669314,3108,3642
294.611577,53.514140,97.702451,3.683057,3108,3644
294.873377,53.292619,97.562926,3.724285,3108,3650
295.004276,53.184573,97.489029,3.758642,3107,3654
295.135176,53.079129,97.411463,3.792999,3106,3658
295.309709,52.942546,97.302805,3.834227,3105,3663
295.484242,52.810557,97.188609,3.875456,3104,3668
295.615142,52.714872,97.099283,3.909812,3103,3672
295.702408,52.652533,97.038215,3.923555,3103,3674
295.920574,52.502564,96.879767,3.985398,3101,3681
296.138740,52.360387,96.714292,4.019754,3101,3686
296.226007,52.305124,96.646753,4.033497,3101,3688
296.487806,52.146394,96.438562,4.088468,3100,3695
296.705972,52.021997,96.259336,4.122825,3100,3700
296.749606,51.998112,96.222821,4.143439,3099,3702
297.055038,51.841595,95.960540,4.205282,3098,3710
297.229571,51.758937,95.806821,4.232767,3098,3714
297.316838,51.719736,95.728854,4.260253,3097,3717
297.578637,51.610238,95.491054,4.301481,3097,3723
297.753170,51.542727,95.330107,4.328966,3097,3727
297.840436,51.510638,95.248954,4.342709,3097,3729
298.145869,51.407161,94.961584,4.390809,3097,3736
298.320402,51.354277,94.795256,4.418294,3097,3740
298.407668,51.329556,94.711565,4.432037,3097,3742
298.669468,51.262318,94.458547,4.473265,3097,3748
298.844001,51.223314,94.288428,4.500751,3097,3752
299.018534,51.189000,94.117301,4.528236,3097,3756
299.105800,51.173610,94.031403,4.541979,3097,3758
299.411233,51.126991,93.729549,4.576336,3098,3764
299.585766,51.105697,93.556320,4.603821,3098,3768
299.673032,51.096838,93.469504,4.617564,3098,3770
299.934831,51.077427,93.208425,4.658792,3098,3776
300.022098,51.072752,93.121284,4.658792,3099,3777
300.240264,51.064809,92.903263,4.693149,3099,3782
300.458430,51.064359,92.685097,4.727506,3099,3787
300.502063,51.065169,92.641471,4.734377,3099,3788
300.720230,51.073711,92.423472,4.768734,3099,3793
300.938396,51.089737,92.205896,4.803091,3099,3798
301.069295,51.102042,92.075575,4.809963,3100,3800
301.243828,51.121430,91.902123,4.837448,3100,3804
301.505628,51.159432,91.643096,4.878676,3100,3810
301.636527,51.183313,91.514393,4.913033,3099,3814
301.767427,51.209842,91.386210,4.919905,3100,3816
301.941960,51.249314,91.216199,4.961133,3099,3821
302.160126,51.305200,91.005312,4.981747,3100,3825
302.247393,51.329000,90.921354,4.995490,3100,3827
302.421926,51.380052,90.754455,5.022975,3100,3831
302.596459,51.435671,90.589021,5.050461,3100,3835
302.727358,51.479510,90.465681,5.057332,3101,3837
303.032791,51.583777,90.178596,5.064203,3104,3841
303.381857,51.701811,89.850092,5.050461,3109,3844
303.600023,51.770624,89.643062,5.016104,3114,3844
303.774556,51.821675,89.476163,5.002361,3117,3845
303.905455,51.858672,89.350600,4.995490,3119,3846
304.079988,51.906272,89.182684,4.981747,3122,3847
304.254521,51.951560,89.014129,4.968004,3125,3848
304.385421,51.985092,88.887597,4.974876,3126,3850
304.472687,52.007157,88.803166,4.961133,3128,3850
304.559954,52.028059,88.718440,4.947390,3130,3850
304.647220,52.048378,88.633572,4.947390,3131,3851
304.734487,52.068698,88.548704,4.947390,3132,3852
304.821753,52.088434,88.463698,4.933647,3134,3852
304.996286,52.127905,88.293687,4.947390,3135,3855
305.083553,52.148225,88.208820,4.947390,3136,3856
305.214452,52.178266,88.081414,4.940519,3138,3857
305.258086,52.187988,88.038877,4.933647,3139,3857
305.388985,52.216276,87.911071,4.926776,3141,3858
305.519885,52.244564,87.783264,4.933647,3142,3860
305.563518,52.253993,87.740662,4.926776,3143,3860
305.738051,52.291125,87.570125,4.926776,3145,3862
305.825318,52.309691,87.484856,4.926776,3146,3863
305.912584,52.328257,87.399587,4.926776,3147,3864
306.043484,52.355666,87.271589,4.919905,3149,3865
306.174383,52.383075,87.143592,4.926776,3150,3867
306.218017,52.392211,87.100926,4.919905,3151,3867
306.348916,52.418740,86.972742,4.913033,3153,3868
306.436183,52.436133,86.887227,4.913033,3154,3869
306.567083,52.461780,86.758864,4.906162,3156,3870
306.654349,52.478584,86.673231,4.906162,3157,3871
306.785249,52.503349,86.544695,4.899290,3159,3872
306.872515,52.519565,86.458948,4.899290,3160,3873
307.003415,52.543446,86.330246,4.892419,3162,3874
307.090681,52.559072,86.244389,4.892419,3163,3875
307.221581,52.582068,86.115526,4.885548,3165,3876
307.308847,52.597103,86.029564,4.885548,3166,3877
307.439747,52.619214,85.900545,4.878676,3168,3878
307.527014,52.633658,85.814483,4.878676,3169,3879
307.657913,52.654881,85.685315,4.871805,3171,3880
307.788813,52.675216,85.556004,4.864934,3173,3881
307.876079,52.688477,85.469751,4.864934,3174,3882
307.963346,52.701737,85.383498,4.864934,3175,3883
308.094246,52.721183,85.254051,4.858062,3177,3884
308.268779,52.746518,85.081367,4.858062,3179,3886
308.399678,52.765964,84.951919,4.864934,3180,3888
308.486945,52.778632,84.865577,4.851191,3182,3888
308.530578,52.784817,84.822385,4.858062,3182,3889
308.705111,52.810152,84.649700,4.858062,3184,3891
308.792377,52.822820,84.563358,4.858062,3185,3892
308.923277,52.841376,84.433780,4.851191,3187,3893
309.010543,52.853450,84.347353,4.851191,3188,3894
309.141443,52.871115,84.217651,4.844319,3190,3895
309.228710,52.882000,84.131066,4.830577,3192,3895
309.403243,52.902580,83.957751,4.830577,3194,3897
309.534142,52.917568,83.827712,4.823705,3196,3898
309.577776,52.922266,83.784332,4.816834,3197,3898
309.752308,52.940462,83.610750,4.816834,3199,3900
309.970475,52.963952,83.393853,4.823705,3201,3903
310.057741,52.973646,83.307126,4.823705,3202,3904
310.232274,52.993034,83.133673,4.823705,3204,3906
310.363174,53.008022,83.003635,4.830577,3205,3908
310.406807,53.013018,82.960288,4.823705,3206,3908
310.537707,53.027113,82.830150,4.816834,3208,3909
310.624973,53.036211,82.743359,4.816834,3209,3910
310.755873,53.049410,82.613126,4.809963,3211,3911
310.886772,53.061715,82.482806,4.803091,3213,3912
311.061305,53.077524,82.308991,4.803091,3215,3914
311.148572,53.085428,82.222083,4.803091,3216,3915
311.279472,53.096837,82.091681,4.796220,3218,3916
311.454004,53.112645,81.917866,4.809963,3219,3919
311.584904,53.124950,81.787546,4.803091,3221,3920
311.759437,53.140759,81.613730,4.803091,3223,3922
311.846704,53.148663,81.526823,4.803091,3224,3923
311.977603,53.160072,81.396421,4.796220,3226,3924
312.064870,53.167379,81.309461,4.796220,3227,3925
312.152136,53.174088,81.222453,4.782477,3229,3925
312.326669,53.186311,81.048348,4.782477,3231,3927
312.457569,53.195029,80.917739,4.775606,3233,3928
312.632102,53.206055,80.743555,4.775606,3235,3930
312.763001,53.214774,80.612946,4.782477,3236,3932
312.893901,53.223492,80.482337,4.775606,3238,3933
313.024801,53.232210,80.351728,4.782477,3239,3935
313.242967,53.248236,80.134151,4.789348,3241,3938
313.330233,53.254946,80.047143,4.789348,3242,3939
313.461133,53.264561,79.916597,4.782477,3244,3940
313.635666,53.276784,79.742493,4.782477,3246,3942
313.722932,53.282895,79.655440,4.782477,3247,3943
313.853832,53.291613,79.524831,4.775606,3249,3944
313.984732,53.300332,79.394222,4.782477,3250,3946
314.115632,53.309050,79.263613,4.775606,3252,3947
314.202898,53.314563,79.176521,4.775606,3253,3948
314.377431,53.325589,79.002337,4.775606,3255,3950
314.464697,53.330504,78.915209,4.761863,3257,3950
314.639230,53.339135,78.740889,4.761863,3259,3952
314.857396,53.352169,78.523113,4.782477,3260,3956
314.988296,53.360888,78.392504,4.775606,3262,3957
315.119196,53.369606,78.261895,4.782477,3263,3959
315.293729,53.381829,78.087791,4.782477,3265,3961
315.337362,53.384735,78.044254,4.775606,3266,3961
315.468262,53.392555,77.913588,4.768734,3268,3962
315.642795,53.402384,77.739332,4.768734,3270,3964
315.730061,53.407299,77.652204,4.768734,3271,3965
315.904594,53.415930,77.477885,4.754992,3274,3966
316.079127,53.424561,77.303566,4.768734,3275,3969
316.122760,53.426869,77.259994,4.761863,3276,3969
316.340926,53.438407,77.042133,4.768734,3278,3972
316.515459,53.447038,76.867813,4.754992,3281,3973
316.646359,53.453062,76.737052,4.761863,3282,3975
316.777259,53.459985,76.606336,4.768734,3283,3977
316.908158,53.466908,76.475619,4.761863,3285,3978
317.082691,53.475539,76.301300,4.761863,3287,3980
317.213591,53.482461,76.170583,4.768734,3288,3982
317.344491,53.490282,76.039918,4.775606,3289,3984
317.519024,53.500111,75.865662,4.761863,3292,3985
317.649923,53.506135,75.734901,4.754992,3294,3986
317.780823,53.512160,75.604140,4.761863,3295,3988
317.868089,53.516475,75.516980,4.761863,3296,3989
318.042622,53.526304,75.342724,4.775606,3297,3992
318.173522,53.534125,75.212058,4.768734,3299,3993
318.304422,53.541946,75.081392,4.775606,3300,3995
318.435321,53.549766,74.950726,4.768734,3302,3996
318.609854,53.559595,74.776470,4.768734,3304,3998
318.697121,53.564510,74.689342,4.768734,3305,3999
318.871654,53.574338,74.515087,4.768734,3307,4001
319.046187,53.584167,74.340831,4.768734,3309,4003
319.177086,53.591988,74.210165,4.775606,3310,4005
319.307986,53.599809,74.079499,4.768734,3312,4006
319.482519,53.609638,73.905243,4.768734,3314,4008
319.613419,53.617458,73.774577,4.775606,3315,4010
319.744318,53.625279,73.643911,4.768734,3317,4011
319.875218,53.633100,73.513245,4.775606,3318,4013
320.049751,53.644126,73.339061,4.775606,3320,4015
320.224284,53.655152,73.164877,4.775606,3322,4017
320.355184,53.663870,73.034268,4.782477,3323,4019
320.529717,53.676093,72.860163,4.782477,3325,4021
320.660616,53.684811,72.729554,4.775606,3327,4022
320.878782,53.699342,72.511873,4.782477,3329,4025
321.009682,53.708060,72.381264,4.775606,3331,4026
321.184215,53.719086,72.207079,4.775606,3333,4028
321.315115,53.727804,72.076470,4.782477,3334,4030
321.489648,53.740027,71.902366,4.782477,3336,4032
321.707814,53.756053,71.684789,4.789348,3338,4035
321.882347,53.769472,71.510773,4.789348,3340,4037
322.056880,53.782890,71.336756,4.789348,3342,4039
322.187779,53.793403,71.206279,4.796220,3343,4041
322.362312,53.808017,71.032359,4.796220,3345,4043
322.536845,53.822631,70.858439,4.796220,3347,4045
322.755011,53.840152,70.640978,4.789348,3350,4047
322.973177,53.857672,70.423516,4.796220,3352,4050
323.147710,53.872286,70.249596,4.796220,3354,4052
323.322243,53.886900,70.075676,4.796220,3356,4054
323.496776,53.901514,69.901756,4.796220,3358,4056
323.714942,53.920529,69.684421,4.803091,3360,4059
323.933109,53.939543,69.467085,4.796220,3363,4061
324.107641,53.954158,69.293165,4.796220,3365,4063
324.282174,53.968772,69.119245,4.796220,3367,4065
324.456707,53.983386,68.945325,4.796220,3369,4067
324.631240,53.998000,68.771405,4.796220,3371,4069
324.805773,54.012614,68.597485,4.796220,3373,4071
325.023939,54.031628,68.380149,4.803091,3375,4074
325.242105,54.050643,68.162813,4.796220,3378,4076
325.416638,54.065257,67.988893,4.796220,3380,4078
325.591171,54.079871,67.814973,4.796220,3382,4080
325.809337,54.097392,67.597511,4.789348,3385,4082
325.983870,54.110810,67.423495,4.789348,3387,4084
326.202037,54.128331,67.206033,4.796220,3389,4087
326.376569,54.142945,67.032113,4.796220,3391,4089
326.551102,54.157559,66.858193,4.796220,3393,4091
326.812902,54.179480,66.597313,4.796220,3396,4094
326.987435,54.194095,66.423393,4.796220,3398,4096
327.161968,54.208709,66.249473,4.796220,3400,4098
327.336501,54.223323,66.075553,4.796220,3402,4100
327.598300,54.245244,65.814673,4.796220,3405,4103
327.772833,54.259858,65.640753,4.796220,3407,4105
327.947366,54.274472,65.466833,4.796220,3409,4107
328.121899,54.289086,65.292913,4.796220,3411,4109
328.383698,54.311007,65.032033,4.796220,3414,4112
328.558231,54.325622,64.858113,4.796220,3416,4114
328.732764,54.340236,64.684193,4.796220,3418,4116
328.907297,54.354850,64.510273,4.796220,3420,4118
329.169096,54.376771,64.249393,4.796220,3423,4121
329.343629,54.391385,64.075473,4.796220,3425,4123
329.561795,54.408906,63.858012,4.789348,3428,4125
329.736328,54.422324,63.683995,4.789348,3430,4127
329.910861,54.435743,63.509979,4.789348,3432,4129
330.085394,54.449162,63.335963,4.789348,3434,4131
330.303560,54.465188,63.118386,4.782477,3437,4133
330.521726,54.481214,62.900809,4.789348,3439,4136
330.696259,54.494632,62.726793,4.789348,3441,4138
330.914425,54.512153,62.509331,4.796220,3443,4141
331.132592,54.529674,62.291870,4.789348,3446,4143
331.307125,54.543092,62.117854,4.789348,3448,4145
331.481657,54.556511,61.943837,4.789348,3450,4147
331.699824,54.574032,61.726376,4.796220,3452,4150
331.917990,54.591552,61.508914,4.789348,3455,4152
332.092523,54.604971,61.334898,4.789348,3457,4154
332.310689,54.622492,61.117436,4.796220,3459,4157
332.528855,54.640012,60.899975,4.789348,3462,4159
332.703388,54.653431,60.725959,4.789348,3464,4161
332.921554,54.670952,60.508497,4.796220,3466,4164
333.139720,54.688472,60.291036,4.789348,3469,4166
333.314253,54.701891,60.117019,4.789348,3471,4168
333.532419,54.719412,59.899558,4.796220,3473,4171
333.794219,54.743125,59.638835,4.809963,3475,4175
334.056018,54.770419,59.378462,4.823705,3477,4179
334.274184,54.796888,59.161907,4.844319,3478,4183
334.448717,54.822222,58.989223,4.871805,3478,4187
334.579617,54.843446,58.860055,4.878676,3479,4189
334.754150,54.874697,58.688343,4.906162,3479,4193
335.015949,54.926874,58.431796,4.919905,3481,4197
335.234115,54.972556,58.218466,4.926776,3483,4200
335.495915,55.030010,57.963049,4.940519,3485,4204
335.670448,55.070649,57.793313,4.954261,3486,4207
335.844981,55.113616,57.624152,4.968004,3487,4210
336.106780,55.181549,57.371320,4.981747,3489,4214
336.324946,55.241770,57.161630,5.002361,3490,4218
336.586746,55.318347,56.911280,5.016104,3492,4222
336.804912,55.384308,56.703324,5.022975,3494,4225
337.066711,55.466030,56.454607,5.036718,3496,4229
337.241244,55.521649,56.289173,5.036718,3498,4231
337.546677,55.617986,55.999331,5.029847,3502,4234
337.764843,55.686799,55.792302,5.036718,3504,4237
337.983009,55.755612,55.585272,5.029847,3507,4239
338.244808,55.833908,55.335455,5.002361,3512,4240
338.419341,55.882661,55.167869,4.988618,3515,4241
338.506608,55.906461,55.083911,4.988618,3516,4242
338.768407,55.976129,54.831552,4.974876,3520,4244
339.030206,56.040580,54.577810,4.947390,3525,4245
339.292006,56.101539,54.323206,4.947390,3528,4248
339.510172,56.151608,54.110863,4.940519,3531,4250
339.728338,56.200217,53.898181,4.933647,3534,4252
339.990138,56.257671,53.642764,4.933647,3537,4255
340.295570,56.325724,53.345009,4.940519,3540,4259
340.644636,56.407002,53.005538,4.954261,3543,4264
340.819169,56.448806,52.836085,4.954261,3545,4266
340.993702,56.489445,52.666350,4.940519,3548,4267
341.168235,56.528917,52.496339,4.940519,3550,4269
341.386401,56.577526,52.283657,4.933647,3553,4271
341.560934,56.615829,52.113379,4.933647,3555,4273
341.822733,56.673283,51.857961,4.933647,3558,4276
342.040899,56.720429,51.644950,4.926776,3561,4278
342.215432,56.757561,51.474413,4.926776,3563,4280
342.433599,56.803243,51.261083,4.919905,3566,4282
342.651765,56.847458,51.047444,4.913033,3569,4284
342.913564,56.899634,50.790897,4.913033,3572,4287
343.175363,56.951811,50.534350,4.913033,3575,4290
343.349896,56.986596,50.363318,4.913033,3577,4292
343.611696,57.038773,50.106771,4.913033,3580,4295
343.829862,57.081518,49.892833,4.906162,3583,4297
344.091661,57.131931,49.635934,4.906162,3586,4300
344.353461,57.182344,49.379034,4.906162,3589,4303
344.571627,57.223619,49.164808,4.899290,3592,4305
344.746160,57.256050,48.993314,4.899290,3594,4307
344.964326,57.295852,48.778810,4.892419,3597,4309
345.226125,57.342729,48.521241,4.892419,3600,4312
345.444292,57.381056,48.306468,4.885548,3603,4314
345.706091,57.426163,48.048584,4.885548,3606,4317
345.924257,57.464490,47.833811,4.892419,3608,4320
346.142423,57.502817,47.619038,4.885548,3611,4322
346.360589,57.539667,47.404006,4.878676,3614,4324
346.622389,57.583001,47.145818,4.878676,3617,4327
346.840555,57.618373,46.930538,4.871805,3620,4329
347.058721,57.653744,46.715259,4.878676,3622,4332
347.276887,57.689116,46.499979,4.871805,3625,4334
347.495053,57.723008,46.284462,4.864934,3628,4336
347.713220,57.755418,46.068716,4.858062,3631,4338
347.975019,57.793421,45.809690,4.858062,3634,4341
348.193185,57.824348,45.593727,4.851191,3637,4343
348.454985,57.860569,45.334445,4.851191,3640,4346
348.629517,57.884717,45.161591,4.851191,3642,4348
348.891317,57.920939,44.902309,4.851191,3645,4351
349.109483,57.951866,44.686346,4.858062,3647,4354
349.327649,57.982792,44.470384,4.851191,3650,4356
349.545815,58.012235,44.254213,4.844319,3653,4358
349.720348,58.035194,44.081197,4.844319,3655,4360
349.982148,58.069633,43.821673,4.844319,3658,4363
350.200314,58.099075,43.605502,4.851191,3660,4366
350.418480,58.130002,43.389539,4.858062,3662,4369
350.636646,58.160929,43.173576,4.851191,3665,4371
350.854812,58.190371,42.957406,4.844319,3668,4373
351.116612,58.224811,42.697882,4.844319,3671,4376
351.378411,58.259250,42.438357,4.844319,3674,4379
351.596577,58.288692,42.222187,4.851191,3676,4382
351.858377,58.324914,41.962905,4.851191,3679,4385
352.032909,58.349062,41.790051,4.851191,3681,4387
352.294709,58.385283,41.530770,4.851191,3684,4390
352.512875,58.414725,41.314599,4.844319,3687,4392
352.731041,58.444168,41.098429,4.851191,3689,4395
352.992841,58.480389,40.839147,4.851191,3692,4398
353.211007,58.511316,40.623184,4.858062,3694,4401
353.472806,58.549319,40.364158,4.858062,3697,4404
353.734606,58.587321,40.105131,4.858062,3700,4407
353.952772,58.619731,39.889386,4.864934,3702,4410
354.258204,58.667180,39.587661,4.871805,3705,4414
354.432737,58.694885,39.415342,4.871805,3707,4416
354.738170,58.742334,39.113617,4.864934,3711,4419
354.956336,58.776226,38.898099,4.871805,3713,4422
355.218135,58.817784,38.639620,4.871805,3716,4425
355.479935,58.859343,38.381140,4.871805,3719,4428
355.698101,58.894714,38.165860,4.878676,3721,4431
355.916267,58.930086,37.950581,4.871805,3724,4433
356.178067,58.971645,37.692101,4.871805,3727,4436
356.439866,59.013203,37.433621,4.871805,3730,4439
356.658032,59.048575,37.218341,4.878676,3732,4442
356.876198,59.083947,37.003062,4.871805,3735,4444
357.094364,59.119319,36.787782,4.878676,3737,4447
357.356164,59.162652,36.529594,4.878676,3740,4450
357.617963,59.205986,36.271406,4.878676,3743,4453
357.836129,59.242836,36.056374,4.885548,3745,4456
358.054295,59.279687,35.841343,4.878676,3748,4458
358.272462,59.316537,35.626311,4.885548,3750,4461
358.446995,59.346608,35.454389,4.885548,3752,4463
358.665161,59.383458,35.239357,4.878676,3755,4465
358.839694,59.412347,35.067232,4.878676,3757,4467
359.101493,59.455681,34.809044,4.878676,3760,4470
359.276026,59.484570,34.636918,4.878676,3762,4472
359.494192,59.519942,34.421639,4.871805,3765,4474
359.668725,59.547648,34.249319,4.871805,3767,4476
359.930524,59.589206,33.990839,4.871805,3770,4479
360.105057,59.616912,33.818519,4.871805,3772,4481
360.366857,59.658470,33.560039,4.871805,3775,4484
360.541390,59.686176,33.387719,4.871805,3777,4486
360.759556,59.720068,33.172202,4.864934,3780,4488
360.934089,59.746588,32.999696,4.864934,3782,4490
361.108622,59.773109,32.827189,4.864934,3784,4492
361.283155,59.799630,32.654683,4.864934,3786,4494
361.544954,59.839412,32.395924,4.864934,3789,4497
361.719487,59.865933,32.223418,4.864934,3791,4499
361.937653,59.899824,32.007900,4.871805,3793,4502
362.155819,59.933716,31.792383,4.864934,3796,4504
362.330352,59.960237,31.619876,4.864934,3798,4506
362.504885,59.986758,31.447370,4.864934,3800,4508
362.723051,60.019168,31.231625,4.858062,3803,4510
362.941217,60.051578,31.015880,4.864934,3805,4513
363.115750,60.078099,30.843373,4.864934,3807,4515
363.290283,60.104620,30.670867,4.864934,3809,4517
363.508449,60.137030,30.455122,4.858062,3812,4519
363.726616,60.169440,30.239377,4.864934,3814,4522
363.901148,60.195961,30.066870,4.864934,3816,4524
364.075681,60.222482,29.894364,4.864934,3818,4526
364.293848,60.254892,29.678619,4.858062,3821,4528
364.512014,60.287302,29.462873,4.864934,3823,4531
364.686547,60.313823,29.290367,4.864934,3825,4533
364.904713,60.347715,29.074850,4.871805,3827,4536
365.122879,60.381607,28.859332,4.864934,3830,4538
365.297412,60.408128,28.686826,4.864934,3832,4540
365.471945,60.434649,28.514320,4.864934,3834,4542
365.690111,60.467059,28.298574,4.858062,3837,4544
365.908277,60.499469,28.082829,4.864934,3839,4547
366.082810,60.525990,27.910323,4.864934,3841,4549
366.213710,60.546325,27.781012,4.871805,3842,4551
366.475509,60.587883,27.522533,4.871805,3845,4554
366.650042,60.615589,27.350213,4.871805,3847,4556
366.868208,60.650961,27.134933,4.878676,3849,4559
367.086374,60.686333,26.919653,4.871805,3852,4561
367.260907,60.714038,26.747334,4.871805,3854,4563
367.479073,60.749410,26.532054,4.878676,3856,4566
367.697240,60.786261,26.317023,4.885548,3858,4569
367.871772,60.816332,26.145100,4.885548,3860,4571
368.089939,60.853182,25.930068,4.878676,3863,4573
368.308105,60.890032,25.715037,4.885548,3865,4576
368.482638,60.920103,25.543114,4.885548,3867,4578
368.744437,60.965210,25.285230,4.885548,3870,4581
368.962603,61.002060,25.070198,4.878676,3873,4583
369.137136,61.030949,24.898073,4.878676,3875,4585
369.311669,61.059839,24.725947,4.878676,3877,4587
369.529835,61.095210,24.510668,4.871805,3880,4589
369.704368,61.122916,24.338348,4.871805,3882,4591
369.922534,61.156808,24.122830,4.864934,3885,4593
370.140701,61.189218,23.907085,4.858062,3888,4595
370.315233,61.214553,23.734401,4.858062,3890,4597
370.533400,61.245480,23.518438,4.851191,3893,4599
370.751566,61.274922,23.302267,4.844319,3896,4601
370.969732,61.302878,23.085900,4.837448,3899,4603
371.187898,61.329347,22.869345,4.830577,3902,4605
371.406064,61.354327,22.652614,4.823705,3905,4607
371.580597,61.373715,22.479161,4.823705,3907,4609
371.755130,61.391911,22.305579,4.809963,3910,4610
371.973296,61.413911,22.088525,4.816834,3912,4613
372.235096,61.441204,21.828152,4.816834,3915,4616
372.409629,61.459400,21.654571,4.816834,3917,4618
372.584161,61.477596,21.480989,4.816834,3919,4620
372.802328,61.501087,21.264091,4.823705,3921,4623
372.976861,61.519283,21.090509,4.809963,3924,4624
373.195027,61.541282,20.873455,4.816834,3926,4627
373.369560,61.559478,20.699873,4.816834,3928,4629
373.500459,61.572678,20.569641,4.809963,3930,4630
373.718625,61.594677,20.352587,4.816834,3932,4633
373.893158,61.612873,20.179005,4.816834,3934,4635
374.024058,61.626072,20.048772,4.809963,3936,4636
374.242224,61.646580,19.831572,4.803091,3939,4638
374.416757,61.662389,19.657757,4.803091,3941,4640
374.634923,61.681403,19.440421,4.796220,3944,4642
374.809456,61.694822,19.266404,4.782477,3947,4643
374.983989,61.707045,19.092300,4.782477,3949,4645
375.289422,61.729481,18.787692,4.789348,3952,4649
375.507588,61.747001,18.570231,4.796220,3954,4652
375.725754,61.766016,18.352895,4.803091,3956,4655
375.943920,61.786523,18.135695,4.809963,3958,4658
376.118453,61.803526,17.961992,4.809963,3960,4660
376.292986,61.820529,17.788289,4.809963,3962,4662
376.467519,61.836338,17.614474,4.796220,3965,4663
376.642052,61.850952,17.440554,4.796220,3967,4665
376.816585,61.864371,17.266537,4.782477,3970,4666
376.991118,61.876593,17.092433,4.782477,3972,4668
377.165651,61.888816,16.918329,4.782477,3974,4670
377.383817,61.903346,16.700647,4.775606,3977,4672
377.601983,61.917877,16.482965,4.782477,3979,4675
377.863782,61.936211,16.221809,4.782477,3982,4678
378.081949,61.952237,16.004232,4.789348,3984,4681
378.212848,61.962749,15.873755,4.796220,3985,4683
378.474648,61.984670,15.612875,4.796220,3988,4686
378.649181,61.999285,15.438955,4.796220,3990,4688
378.823713,62.012703,15.264939,4.782477,3993,4689
379.041880,62.028729,15.047362,4.789348,3995,4692
379.260046,62.044755,14.829785,4.782477,3998,4694
379.434579,62.056978,14.655681,4.782477,4000,4696
379.609112,62.069200,14.481576,4.782477,4002,4698
379.827278,62.085226,14.264000,4.789348,4004,4701
380.045444,62.102747,14.046538,4.796220,4006,4704
380.219977,62.117361,13.872618,4.796220,4008,4706
380.394510,62.131975,13.698698,4.796220,4010,4708
380.656309,62.152103,13.437674,4.782477,4014,4710
380.830842,62.165522,13.263657,4.796220,4015,4713
381.005375,62.180136,13.089737,4.796220,4017,4715
381.179908,62.194750,12.915817,4.796220,4019,4717
381.354441,62.209364,12.741897,4.796220,4021,4719
381.616240,62.231286,12.481017,4.796220,4024,4722
381.834406,62.250300,12.263681,4.803091,4026,4725
382.008939,62.266109,12.089866,4.803091,4028,4727
382.183472,62.281918,11.916050,4.803091,4030,4729
382.445272,62.305631,11.655327,4.803091,4033,4732
382.576171,62.317935,11.525007,4.809963,4034,4734
382.794338,62.338443,11.307807,4.803091,4037,4736
383.012504,62.358950,11.090607,4.809963,4039,4739
383.230670,62.379457,10.873406,4.803091,4042,4741
383.361570,62.391762,10.743086,4.809963,4043,4743
383.579736,62.412269,10.525886,4.803091,4046,4745
383.797902,62.432777,10.308686,4.809963,4048,4748
383.972435,62.449779,10.134983,4.809963,4050,4750
384.190601,62.471779,9.917929,4.816834,4052,4753
384.408767,62.495269,9.701031,4.823705,4054,4756
384.626933,62.520249,9.484300,4.830577,4056,4759
384.801466,62.540829,9.310984,4.830577,4058,4761
385.019632,62.567298,9.094430,4.837448,4060,4764
385.237798,62.595254,8.878062,4.844319,4062,4767
385.412331,62.618213,8.705046,4.844319,4064,4769
385.674131,62.652652,8.445522,4.844319,4067,4772
385.848664,62.675612,8.272506,4.844319,4069,4774
386.066830,62.705054,8.056335,4.851191,4071,4777
386.284996,62.734496,7.840165,4.844319,4074,4779
386.459529,62.757456,7.667149,4.844319,4076,4781
386.721328,62.791895,7.407624,4.844319,4079,4784
386.895861,62.814854,7.234608,4.844319,4081,4786
387.157661,62.849294,6.975084,4.844319,4084,4789
387.375827,62.878736,6.758914,4.851191,4086,4792
387.593993,62.909663,6.542951,4.858062,4088,4795
387.768526,62.934998,6.370266,4.858062,4090,4797
387.986692,62.967408,6.154521,4.864934,4092,4800
388.161225,62.993929,5.982015,4.864934,4094,4802
388.335758,63.020450,5.809508,4.864934,4096,4804
388.553924,63.054341,5.593991,4.871805,4098,4807
388.728457,63.082047,5.421671,4.871805,4100,4809
388.946623,63.115939,5.206154,4.864934,4103,4811
389.077523,63.135385,5.076706,4.858062,4105,4812
389.295689,63.166312,4.860743,4.851191,4108,4814
389.426589,63.184868,4.731166,4.858062,4109,4816
389.557488,63.203424,4.601588,4.851191,4111,4817
389.688388,63.221089,4.471886,4.844319,4113,4818
389.819288,63.237863,4.342065,4.837448,4115,4819
389.906554,63.248748,4.255480,4.837448,4116,4820
389.950187,63.254042,4.212169,4.830577,4117,4820
389.993821,63.259336,4.168858,4.837448,4117,4821
390.037454,63.264629,4.125547,4.830577,4118,4821
390.037454,63.264629,4.125547,4.830577,4118,4821
390.081087,63.269923,4.082236,4.837448,4118,4822
390.081087,63.269923,4.082236,4.837448,4118,4822
390.081087,63.269923,4.082236,4.837448,4118,4822
390.081087,63.269923,4.082236,4.851191,4117,4823
390.037454,63.264035,4.125470,4.844319,4117,4822
390.037454,63.264035,4.125470,4.844319,4117,4822
390.037454,63.264035,4.125470,4.844319,4117,4822
390.037454,63.264035,4.125470,4.844319,4117,4822
390.037454,63.264035,4.125470,4.844319,4117,4822
390.037454,63.264035,4.125470,4.844319,4117,4822
390.037454,63.264035,4.125470,4.844319,4117,4822
390.037454,63.264035,4.125470,4.844319,4117,4822
390.037454,63.264035,4.125470,4.844319,4117,4822
390.037454,63.264035,4.125470,4.844319,4117,4822
390.037454,63.264035,4.125470,4.844319,4117,4822
390.037454,63.264035,4.125470,4.844319,4117,4822
390.037454,63.264035,4.125470,4.844319,4117,4822
390.037454,63.264035,4.125470,4.844319,4117,4822
390.124720,63.276109,4.039043,4.858062,4117,4824
390.211987,63.289369,3.952790,4.871805,4117,4826
390.342887,63.310592,3.823622,4.878676,4118,4828
390.386520,63.317962,3.780616,4.885548,4118,4829
390.473786,63.332998,3.694655,4.885548,4119,4830
390.517419,63.340368,3.651648,4.878676,4120,4830
390.561053,63.347442,3.608593,4.871805,4121,4830
390.648319,63.361295,3.522433,4.871805,4122,4831
390.691952,63.368369,3.479377,4.878676,4122,4832
390.779219,63.382814,3.393314,4.878676,4123,4833
390.822852,63.389888,3.350258,4.871805,4124,4833
390.910119,63.404333,3.264195,4.885548,4124,4835
390.997385,63.419368,3.178234,4.885548,4125,4836
391.084651,63.434404,3.092273,4.885548,4126,4837
391.171918,63.449439,3.006311,4.885548,4127,4838
391.259184,63.464475,2.920350,4.885548,4128,4839
391.346451,63.479511,2.834388,4.885548,4129,4840
391.433717,63.494546,2.748427,4.885548,4130,4841
391.520984,63.509582,2.662465,4.885548,4131,4842
391.651883,63.531692,2.533446,4.878676,4133,4843
391.739150,63.546136,2.447384,4.878676,4134,4844
391.826416,63.560581,2.361321,4.878676,4135,4845
391.957316,63.582691,2.232302,4.885548,4136,4847
392.044583,63.597727,2.146341,4.885548,4137,4848
392.131849,63.612762,2.060379,4.885548,4138,4849
392.262749,63.634872,1.931360,4.878676,4140,4850
392.350015,63.649317,1.845298,4.878676,4141,4851
392.437282,63.663761,1.759235,4.878676,4142,4852
392.524548,63.678206,1.673172,4.878676,4143,4853
392.655448,63.699429,1.544005,4.871805,4145,4854
392.829981,63.727135,1.371685,4.871805,4147,4856
392.960880,63.748358,1.242517,4.878676,4148,4858
393.135413,63.777247,1.070391,4.878676,4150,4860
393.222680,63.791691,0.984329,4.878676,4151,4861
393.353579,63.813802,0.855310,4.885548,4152,4863
393.484479,63.835912,0.726291,4.878676,4154,4864
393.571746,63.850356,0.640228,4.878676,4155,4865
393.702645,63.871579,0.511061,4.871805,4157,4866
393.833545,63.892803,0.381893,4.878676,4158,4868
393.964445,63.914026,0.252725,4.871805,4160,4869
394.095344,63.935249,0.123557,4.878676,4161,4871
394.226244,63.956472,-0.005610,4.871805,4163,4872
394.357144,63.977695,-0.134778,4.878676,4164,4874
394.488043,63.998918,-0.263946,4.871805,4166,4875
394.618943,64.019253,-0.393257,4.864934,4168,4876
394.749843,64.039588,-0.522567,4.871805,4169,4878
394.880743,64.059923,-0.651878,4.864934,4171,4879
395.011642,64.080259,-0.781188,4.871805,4172,4881
395.142542,64.100594,-0.910499,4.864934,4174,4882
395.273442,64.120929,-1.039809,4.871805,4175,4884
395.404341,64.141264,-1.169120,4.864934,4177,4885
395.535241,64.161599,-1.298430,4.871805,4178,4887
395.666141,64.181934,-1.427741,4.864934,4180,4888
395.797040,64.201380,-1.557188,4.858062,4182,4889
395.927940,64.220826,-1.686635,4.864934,4183,4891
396.058840,64.240272,-1.816082,4.858062,4185,4892
396.189740,64.259718,-1.945530,4.864934,4186,4894
396.277006,64.272979,-2.031783,4.864934,4187,4895
396.451539,64.299500,-2.204289,4.864934,4189,4897
396.538805,64.312760,-2.290542,4.864934,4190,4898
396.713338,64.338095,-2.463226,4.851191,4193,4899
396.844238,64.356651,-2.592804,4.858062,4194,4901
396.931504,64.369319,-2.679146,4.858062,4195,4902
397.062404,64.387875,-2.808724,4.851191,4197,4903
397.193304,64.406431,-2.938302,4.858062,4198,4905
397.280570,64.419098,-3.024644,4.858062,4199,4906
397.455103,64.444433,-3.197328,4.858062,4201,4908
397.542370,64.457101,-3.283671,4.858062,4202,4909
397.716903,64.482436,-3.456355,4.858062,4204,4911
397.804169,64.495103,-3.542697,4.858062,4205,4912
397.935069,64.513659,-3.672275,4.851191,4207,4913
398.065968,64.532215,-3.801853,4.858062,4208,4915
398.196868,64.550772,-3.931430,4.851191,4210,4916
398.327768,64.569328,-4.061008,4.858062,4211,4918
398.458668,64.587884,-4.190586,4.851191,4213,4919
398.589567,64.606440,-4.320164,4.858062,4214,4921
398.720467,64.624996,-4.449742,4.851191,4216,4922
398.851367,64.643552,-4.579319,4.858062,4217,4924
398.982266,64.662108,-4.708897,4.851191,4219,4925
399.113166,64.680665,-4.838475,4.858062,4220,4927
399.244066,64.699221,-4.968053,4.851191,4222,4928
399.418599,64.723368,-5.140907,4.851191,4224,4930
399.505865,64.735442,-5.227334,4.851191,4225,4931
399.680398,64.759590,-5.400189,4.851191,4227,4933
399.854931,64.783738,-5.573043,4.851191,4229,4935
399.942197,64.795812,-5.659470,4.851191,4230,4936
400.116730,64.819960,-5.832324,4.851191,4232,4938
400.247630,64.838516,-5.961902,4.858062,4233,4940
400.334897,64.851183,-6.048244,4.858062,4234,4941
400.465796,64.869739,-6.177822,4.851191,4236,4942
400.640329,64.893887,-6.350676,4.851191,4238,4944
400.727596,64.905961,-6.437104,4.851191,4239,4945
400.902129,64.930109,-6.609958,4.851191,4241,4947
400.989395,64.942183,-6.696385,4.851191,4242,4948
401.163928,64.966330,-6.869239,4.851191,4244,4950
401.294828,64.983996,-6.998942,4.844319,4246,4951
401.382094,64.995475,-7.085450,4.844319,4247,4952
401.556627,65.018435,-7.258466,4.844319,4249,4954
401.687527,65.035209,-7.388287,4.837448,4251,4955
401.862060,65.056979,-7.561456,4.837448,4253,4957
401.949326,65.067864,-7.648041,4.837448,4254,4958
402.080226,65.084637,-7.777862,4.844319,4255,4960
402.298392,65.112594,-7.994229,4.837448,4258,4962
402.385658,65.123479,-8.080814,4.837448,4259,4963
402.560191,65.145249,-8.253984,4.837448,4261,4965
402.691091,65.161130,-8.383917,4.830577,4263,4966
402.821991,65.176118,-8.513956,4.823705,4265,4967
402.996524,65.195506,-8.687409,4.823705,4267,4969
403.127423,65.210494,-8.817447,4.830577,4268,4971
403.301956,65.231074,-8.990763,4.830577,4270,4973
403.389223,65.241364,-9.077420,4.830577,4271,4974
403.607389,65.266344,-9.294152,4.823705,4274,4976
403.694655,65.276038,-9.380878,4.823705,4275,4977
403.825555,65.290132,-9.511017,4.816834,4277,4978
404.000088,65.308328,-9.684599,4.816834,4279,4980
404.087354,65.317426,-9.771389,4.816834,4280,4981
404.261887,65.335622,-9.944971,4.816834,4282,4983
404.436420,65.353818,-10.118553,4.816834,4284,4985
404.610953,65.372014,-10.292135,4.816834,4286,4987
404.698220,65.381112,-10.378926,4.816834,4287,4988
404.829119,65.394312,-10.509158,4.809963,4289,4989
405.003652,65.411314,-10.682861,4.809963,4291,4991
405.134552,65.423619,-10.813181,4.803091,4293,4992
405.352718,65.444126,-11.030381,4.809963,4295,4995
405.483618,65.457326,-11.160614,4.816834,4296,4997
405.701784,65.480816,-11.377512,4.823705,4298,5000
405.919950,65.505796,-11.594243,4.830577,4300,5003
406.050850,65.520784,-11.724282,4.823705,4302,5004
406.138116,65.530478,-11.811008,4.823705,4303,5005
406.225383,65.539576,-11.897799,4.809963,4305,5005
406.356282,65.551881,-12.028119,4.803091,4307,5006
406.487182,65.563290,-12.158521,4.796220,4309,5007
406.618082,65.573802,-12.288998,4.789348,4311,5008
406.836248,65.589828,-12.506574,4.782477,4314,5010
406.967148,65.599443,-12.637120,4.789348,4315,5012
407.185314,65.616964,-12.854582,4.796220,4317,5015
407.403480,65.635978,-13.071918,4.803091,4319,5018
407.578013,65.651787,-13.245733,4.803091,4321,5020
407.708913,65.664092,-13.376054,4.809963,4322,5022
407.883446,65.679901,-13.549869,4.796220,4325,5023
407.970712,65.687208,-13.636829,4.796220,4326,5024
408.145245,65.701822,-13.810749,4.796220,4328,5026
408.276145,65.712334,-13.941226,4.789348,4330,5027
408.363411,65.719043,-14.028234,4.789348,4331,5028
408.537944,65.732462,-14.202250,4.789348,4333,5030
408.668844,65.742975,-14.332727,4.796220,4334,5032
408.756110,65.749684,-14.419735,4.782477,4336,5032
408.843377,65.755795,-14.506788,4.782477,4337,5033
408.930643,65.761907,-14.593840,4.782477,4338,5034
408.930643,65.761907,-14.593840,4.782477,4338,5034
408.887010,65.759000,-14.550304,4.775606,4338,5033
408.843377,65.756094,-14.506767,4.782477,4337,5033
408.843377,65.756094,-14.506767,4.782477,4337,5033
408.843377,65.756094,-14.506767,4.782477,4337,5033
408.843377,65.756094,-14.506767,4.782477,4337,5033
408.799743,65.753188,-14.463231,4.775606,4337,5032
408.799743,65.753188,-14.463231,4.775606,4337,5032
408.712477,65.747675,-14.376139,4.775606,4336,5031
408.668844,65.744769,-14.332602,4.782477,4335,5031
408.625210,65.741863,-14.289066,4.775606,4335,5030
408.537944,65.736350,-14.201974,4.775606,4334,5029
408.407044,65.727632,-14.071365,4.782477,4332,5028
408.232511,65.715409,-13.897260,4.782477,4330,5026
408.145245,65.709298,-13.810208,4.782477,4329,5025
408.057978,65.703186,-13.723156,4.782477,4328,5024
407.970712,65.697075,-13.636104,4.782477,4327,5023
407.839812,65.687459,-13.505558,4.789348,4325,5022
407.752546,65.680750,-13.418550,4.789348,4324,5021
407.621646,65.670238,-13.288073,4.796220,4322,5020
407.447113,65.655624,-13.114153,4.796220,4320,5018
407.359847,65.648317,-13.027193,4.796220,4319,5017
407.185314,65.633702,-12.853273,4.796220,4317,5015
407.054414,65.623190,-12.722796,4.789348,4316,5013
406.879881,65.609771,-12.548779,4.789348,4314,5011
406.748981,65.599259,-12.418303,4.796220,4312,5010
406.618082,65.588747,-12.287826,4.789348,4311,5008
406.487182,65.578234,-12.157349,4.796220,4309,5007
406.312649,65.563620,-11.983429,4.796220,4307,5005
406.138116,65.549006,-11.809509,4.796220,4305,5003
406.007217,65.537597,-11.679107,4.803091,4303,5002
405.876317,65.525293,-11.548787,4.809963,4301,5001
405.701784,65.508290,-11.375084,4.809963,4299,4999
405.527251,65.491287,-11.201382,4.809963,4297,4997
405.396351,65.478088,-11.071149,4.816834,4295,4996
405.178185,65.456088,-10.854095,4.809963,4293,4993
405.003652,65.439086,-10.680392,4.809963,4291,4991
404.872753,65.425886,-10.550160,4.816834,4289,4990
404.698220,65.407690,-10.376578,4.816834,4287,4988
404.567320,65.393596,-10.246439,4.823705,4285,4987
404.392787,65.374208,-10.072986,4.823705,4283,4985
404.218254,65.354819,-9.899534,4.823705,4281,4983
404.043721,65.335431,-9.726081,4.823705,4279,4981
403.869188,65.316043,-9.552628,4.823705,4277,4979
403.694655,65.295463,-9.379313,4.837448,4274,4978
403.520122,65.273693,-9.206143,4.837448,4272,4976
403.345589,65.251923,-9.032973,4.837448,4270,4974
403.127423,65.223967,-8.816606,4.844319,4267,4972
402.952890,65.201007,-8.643590,4.844319,4265,4970
402.734724,65.171565,-8.427419,4.851191,4262,4968
402.560191,65.147417,-8.254565,4.851191,4260,4966
402.385658,65.123270,-8.081710,4.851191,4258,4964
402.167492,65.092343,-7.865747,4.858062,4255,4962
401.992959,65.067008,-7.693063,4.858062,4253,4960
401.774793,65.034598,-7.477318,4.864934,4250,4958
401.600260,65.008077,-7.304812,4.864934,4248,4956
401.382094,64.974185,-7.089294,4.871805,4245,4954
401.163928,64.938813,-6.874014,4.878676,4242,4952
400.989395,64.909924,-6.701889,4.878676,4240,4950
400.771229,64.874552,-6.486609,4.871805,4238,4947
400.553063,64.839180,-6.271330,4.878676,4235,4945
400.378530,64.810291,-6.099204,4.878676,4233,4943
400.160364,64.773441,-5.884173,4.885548,4230,4941
399.985831,64.743370,-5.712250,4.885548,4228,4939
399.767665,64.706519,-5.497219,4.878676,4226,4936
399.549498,64.669669,-5.282187,4.885548,4223,4934
399.374965,64.639598,-5.110264,4.885548,4221,4932
399.113166,64.594491,-4.852380,4.885548,4218,4929
398.938633,64.564420,-4.680457,4.885548,4216,4927
398.720467,64.527570,-4.465426,4.878676,4214,4924
398.502301,64.490720,-4.250394,4.885548,4211,4922
398.196868,64.437062,-3.949712,4.892419,4207,4919
398.022335,64.405810,-3.778000,4.892419,4205,4917
397.891436,64.382814,-3.649136,4.885548,4204,4915
397.673269,64.345964,-3.434104,4.878676,4202,4912
397.455103,64.309113,-3.219073,4.885548,4199,4910
397.236937,64.272263,-3.004041,4.878676,4197,4907
397.062404,64.244557,-2.831722,4.864934,4196,4904
396.844238,64.210666,-2.616204,4.871805,4193,4902
396.538805,64.161145,-2.314813,4.878676,4189,4899
396.364273,64.132256,-2.142687,4.878676,4187,4897
396.146106,64.095406,-1.927656,4.885548,4184,4895
395.971573,64.065334,-1.755733,4.885548,4182,4893
395.753407,64.028484,-1.540701,4.878676,4180,4890
395.578874,63.999595,-1.368576,4.878676,4178,4888
395.360708,63.964223,-1.153296,4.871805,4176,4885
395.098909,63.922665,-0.894817,4.871805,4173,4882
394.924376,63.894959,-0.722497,4.871805,4171,4880
394.706210,63.861067,-0.506979,4.864934,4169,4877
394.488044,63.827175,-0.291462,4.871805,4166,4875
394.269877,63.791804,-0.076182,4.878676,4163,4873
394.051711,63.756432,0.139098,4.871805,4161,4870
393.789912,63.714873,0.397577,4.871805,4158,4867
393.615379,63.687168,0.569897,4.871805,4156,4865
393.397213,63.653276,0.785415,4.864934,4154,4862
393.179047,63.620866,1.001160,4.858062,4152,4859
392.917247,63.582863,1.260187,4.858062,4149,4856
392.742714,63.557528,1.432871,4.858062,4147,4854
392.480915,63.519526,1.691898,4.858062,4144,4851
392.306382,63.494191,1.864582,4.858062,4142,4849
392.088216,63.461781,2.080327,4.864934,4139,4847
391.870050,63.429371,2.296073,4.858062,4137,4844
391.651884,63.396961,2.511818,4.864934,4134,4842
391.433717,63.364551,2.727563,4.858062,4132,4839
391.215551,63.332140,2.943309,4.864934,4129,4837
390.997385,63.299730,3.159054,4.858062,4127,4834
390.822852,63.274395,3.331738,4.858062,4125,4832
390.561053,63.236393,3.590765,4.858062,4122,4829
390.342887,63.203983,3.806510,4.864934,4119,4827
390.124720,63.171573,4.022256,4.858062,4117,4824
389.950188,63.146238,4.194940,4.858062,4115,4822
389.732021,63.113828,4.410685,4.864934,4112,4820
389.513855,63.081418,4.626431,4.858062,4110,4817
389.339322,63.056083,4.799115,4.858062,4108,4815
389.077523,63.018080,5.058142,4.858062,4105,4812
388.859357,62.987153,5.274105,4.851191,4103,4809
388.684824,62.963006,5.446959,4.851191,4101,4807
388.423024,62.926784,5.706240,4.851191,4098,4804
388.248491,62.902636,5.879095,4.851191,4096,4802
387.986692,62.866414,6.138376,4.851191,4093,4799
387.812159,62.842267,6.311231,4.851191,4091,4797
387.637626,62.818119,6.484085,4.851191,4089,4795
387.375827,62.781897,6.743367,4.851191,4086,4792
387.114027,62.745675,7.002648,4.851191,4083,4789
386.939495,62.721528,7.175502,4.851191,4081,4787
386.721328,62.690601,7.391465,4.858062,4078,4785
386.503162,62.659674,7.607428,4.851191,4076,4782
386.241363,62.623452,7.866710,4.851191,4073,4779
386.023197,62.592525,8.082673,4.858062,4070,4777
385.805031,62.561598,8.298636,4.851191,4068,4774
385.586864,62.530672,8.514599,4.858062,4065,4772
385.368698,62.499745,8.730562,4.851191,4063,4769
385.106899,62.463523,8.989843,4.851191,4060,4766
384.975999,62.445858,9.119545,4.844319,4059,4764
384.757833,62.416415,9.335716,4.851191,4056,4762
384.583300,62.392268,9.508570,4.851191,4054,4760
384.539667,62.386082,9.551763,4.858062,4053,4760
384.583300,62.392564,9.508614,4.864934,4053,4761
384.801466,62.426456,9.293096,4.871805,4055,4764
384.845099,62.433235,9.249993,4.864934,4056,4764
384.801466,62.426456,9.293096,4.871805,4055,4764
384.801466,62.426456,9.293096,4.871805,4055,4764
384.888733,62.439717,9.206843,4.858062,4057,4764
384.975999,62.451791,9.120416,4.844319,4059,4764
384.975999,62.451791,9.120416,4.844319,4059,4764
385.063266,62.463270,9.033908,4.844319,4060,4765
385.106899,62.469159,8.990674,4.851191,4060,4766
385.150532,62.475047,8.947440,4.844319,4061,4766
385.194165,62.480936,8.904206,4.851191,4061,4767
385.325065,62.499492,8.774628,4.858062,4062,4769
385.368698,62.505974,8.731479,4.864934,4062,4770
385.455965,62.519234,8.645226,4.864934,4063,4771
385.543231,62.532495,8.558973,4.864934,4064,4772
385.630498,62.545755,8.472719,4.864934,4065,4773
385.761397,62.565201,8.343272,4.858062,4067,4774
385.805030,62.571387,8.300080,4.851191,4068,4774
385.848664,62.577275,8.256846,4.844319,4069,4774
385.935930,62.588755,8.170337,4.844319,4070,4775
386.110463,62.611714,7.997321,4.844319,4072,4777
386.241363,62.629380,7.867619,4.851191,4073,4779
386.372263,62.647936,7.738041,4.858062,4074,4781
386.503162,62.667382,7.608594,4.864934,4075,4783
386.590429,62.681235,7.522434,4.878676,4075,4785
386.677695,62.695679,7.436371,4.878676,4076,4786
386.808595,62.717789,7.307353,4.885548,4077,4788
386.895861,62.732825,7.221391,4.885548,4078,4789
386.983128,62.747269,7.135328,4.871805,4080,4789
387.157661,62.773790,6.962822,4.858062,4083,4790
387.288560,62.793236,6.833375,4.864934,4084,4792
387.419460,62.811792,6.703797,4.844319,4087,4792
387.506727,62.823272,6.617289,4.844319,4088,4793
387.681259,62.846232,6.444273,4.844319,4090,4795
387.943059,62.882453,6.184991,4.858062,4092,4799
388.161225,62.916345,5.969474,4.878676,4093,4803
388.423024,62.961452,5.711590,4.892419,4095,4807
388.597557,62.993883,5.540096,4.906162,4096,4810
388.728457,63.019530,5.411734,4.913033,4097,4812
388.859357,63.046059,5.283550,4.919905,4098,4814
388.902990,63.054902,5.240823,4.913033,4099,4814
388.990256,63.072294,5.155307,4.913033,4100,4815
389.164789,63.105903,4.984040,4.899290,4103,4816
389.426589,63.151010,4.726156,4.871805,4108,4817
389.732021,63.194307,4.423808,4.837448,4114,4818
389.862921,63.210188,4.293875,4.830577,4116,4819
389.993821,63.225176,4.163836,4.823705,4118,4820
390.168354,63.244565,3.990384,4.823705,4120,4822
390.342887,63.263953,3.816931,4.823705,4122,4824
390.517419,63.282149,3.643349,4.809963,4125,4825
390.822852,63.317121,3.339925,4.844319,4126,4831
391.084651,63.353343,3.080644,4.858062,4128,4835
391.302818,63.385753,2.864898,4.864934,4130,4838
391.390084,63.399013,2.778645,4.864934,4131,4839
391.564617,63.425534,2.606139,4.864934,4133,4841
391.695517,63.444980,2.476692,4.858062,4135,4842
391.826416,63.463536,2.347114,4.851191,4137,4843
391.913683,63.475610,2.260687,4.851191,4138,4844
392.044583,63.493276,2.130985,4.844319,4140,4845
392.262749,63.521232,1.914617,4.837448,4143,4847
392.437282,63.543002,1.741447,4.837448,4145,4849
392.611815,63.564772,1.568278,4.837448,4147,4851
392.829981,63.591241,1.351723,4.830577,4150,4853
393.004514,63.611820,1.178408,4.830577,4152,4855
393.179047,63.633590,1.005238,4.844319,4153,4858
393.397213,63.661547,0.788870,4.837448,4156,4860
393.571746,63.683317,0.615700,4.837448,4158,4862
393.659012,63.694202,0.529115,4.837448,4159,4863
393.833545,63.715972,0.355945,4.837448,4161,4865
393.964445,63.731853,0.226013,4.830577,4163,4866
394.138978,63.752433,0.052697,4.830577,4165,4868
394.357144,63.778901,-0.163857,4.837448,4167,4871
394.531677,63.800672,-0.337027,4.837448,4169,4873
394.706210,63.822442,-0.510197,4.837448,4171,4875
394.880743,63.844212,-0.683367,4.837448,4173,4877
395.011642,63.860985,-0.813187,4.844319,4174,4879
395.229808,63.888941,-1.029555,4.837448,4177,4881
395.404341,63.911901,-1.202571,4.851191,4178,4884
395.622507,63.941343,-1.418741,4.844319,4181,4886
395.797040,63.964303,-1.591758,4.844319,4183,4888
395.927940,63.981968,-1.721460,4.851191,4184,4890
396.102473,64.006116,-1.894314,4.851191,4186,4892
396.277006,64.030264,-2.067169,4.851191,4188,4894
396.451539,64.054411,-2.240023,4.851191,4190,4896
396.669705,64.083854,-2.456193,4.844319,4193,4898
396.800605,64.101519,-2.585896,4.851191,4194,4900
396.975138,64.125667,-2.758750,4.851191,4196,4902
397.149671,64.149814,-2.931604,4.851191,4198,4904
397.280570,64.168371,-3.061182,4.858062,4199,4906
397.498736,64.199297,-3.277145,4.851191,4202,4908
397.673269,64.223445,-3.449999,4.851191,4204,4910
397.804169,64.242001,-3.579577,4.858062,4205,4912
397.978702,64.267336,-3.752261,4.858062,4207,4914
398.196868,64.298263,-3.968224,4.851191,4210,4916
398.327768,64.316819,-4.097802,4.858062,4211,4918
398.545934,64.349229,-4.313548,4.864934,4213,4921
398.720467,64.375750,-4.486054,4.864934,4215,4923
398.938633,64.408160,-4.701799,4.858062,4218,4925
399.069533,64.427606,-4.831246,4.864934,4219,4927
399.331332,64.467388,-5.090006,4.864934,4222,4930
399.505865,64.493909,-5.262512,4.864934,4224,4932
399.680398,64.520430,-5.435018,4.864934,4226,4934
399.854931,64.546951,-5.607524,4.864934,4228,4936
400.029464,64.573472,-5.780030,4.864934,4230,4938
400.247630,64.607363,-5.995548,4.871805,4232,4941
400.422163,64.635069,-6.167868,4.871805,4234,4943
400.596696,64.662775,-6.340188,4.871805,4236,4945
400.814862,64.698146,-6.555467,4.878676,4238,4948
401.033028,64.734997,-6.770499,4.885548,4240,4951
401.294828,64.780103,-7.028383,4.885548,4243,4954
401.512994,64.819905,-7.242888,4.906162,4244,4958
401.731160,64.864120,-7.456526,4.926776,4245,4962
401.905693,64.902423,-7.626805,4.940519,4246,4965
402.080226,64.944227,-7.796257,4.968004,4246,4969
402.254759,64.990672,-7.964497,4.995490,4246,4973
402.385658,65.028531,-8.089802,5.016104,4246,4976
402.516558,65.068964,-8.214301,5.036718,4246,4979
402.734724,65.142029,-8.419868,5.071075,4246,4984
402.909257,65.205538,-8.582436,5.098560,4246,4988
403.040157,65.256917,-8.702831,5.132917,4245,4992
403.127423,65.294177,-8.781743,5.174145,4243,4996
403.301956,65.374075,-8.936914,5.201631,4243,5000
403.476489,65.459256,-9.089249,5.242859,4242,5005
403.607389,65.527413,-9.201005,5.277216,4241,5009
403.738288,65.599369,-9.310353,5.311573,4240,5013
403.912821,65.699771,-9.453116,5.339058,4240,5017
404.043721,65.778347,-9.557808,5.373415,4239,5021
404.218254,65.887381,-9.694093,5.400901,4239,5025
404.349154,65.971591,-9.794310,5.421515,4239,5028
404.523687,66.087051,-9.925194,5.449000,4239,5032
404.741853,66.236365,-10.084259,5.483357,4239,5037
404.916386,66.359694,-10.207757,5.510843,4239,5041
405.090919,66.486370,-10.327819,5.538328,4239,5045
405.265452,66.616298,-10.444355,5.565814,4239,5049
405.527251,66.817079,-10.612360,5.607042,4239,5055
405.701784,66.954701,-10.719700,5.634528,4239,5059
405.876317,67.095221,-10.823217,5.662013,4239,5063
406.138116,67.310190,-10.972641,5.689499,4240,5068
406.356282,67.493094,-11.091564,5.723855,4240,5073
406.530815,67.642289,-11.182132,5.751341,4240,5077
406.792615,67.869730,-11.311784,5.778826,4241,5082
406.923514,67.985400,-11.373063,5.813183,4240,5086
407.141680,68.181578,-11.468512,5.847540,4240,5091
407.359847,68.380920,-11.557166,5.881897,4240,5096
407.621646,68.623978,-11.654436,5.923125,4240,5102
407.839812,68.829944,-11.726371,5.971225,4239,5108
408.057978,69.038699,-11.789755,6.005582,4239,5113
408.232511,69.207501,-11.834116,6.046810,4238,5118
408.450677,69.420768,-11.880091,6.094910,4237,5124
408.712477,69.678896,-11.923779,6.136138,4237,5130
408.974276,69.938606,-11.956791,6.177366,4237,5136
409.148809,70.112505,-11.971644,6.218594,4236,5141
409.410609,70.374052,-11.983154,6.259823,4236,5147
409.585141,70.548584,-11.983633,6.301051,4235,5152
409.846941,70.810114,-11.971764,6.356022,4234,5159
410.065107,71.027397,-11.952153,6.390379,4234,5164
410.283273,71.243878,-11.925089,6.424736,4234,5169
410.545073,71.502243,-11.882820,6.465964,4234,5175
410.719605,71.673178,-11.847566,6.507192,4233,5180
410.894138,71.842801,-11.806460,6.534678,4233,5184
411.112305,72.052738,-11.747104,6.582777,4232,5190
411.286838,72.218773,-11.693307,6.610263,4232,5194
411.417737,72.342293,-11.649977,6.630877,4232,5197
411.505004,72.424131,-11.619680,6.644620,4232,5199
411.679537,72.586960,-11.556842,6.658363,4233,5202
411.854070,72.749353,-11.492886,6.658363,4235,5204
412.072236,72.952617,-11.413640,6.651491,4238,5206
412.246769,73.115874,-11.351922,6.637748,4241,5207
412.377668,73.238787,-11.306898,6.630877,4243,5208
412.595834,73.444152,-11.233268,6.624006,4246,5210
412.857634,73.690893,-11.145759,6.624006,4249,5213
412.988534,73.814413,-11.102428,6.617134,4251,5214
413.163066,73.979304,-11.045221,6.617134,4253,5216
413.293966,74.103119,-11.002740,6.610263,4255,5217
413.381233,74.185759,-10.974703,6.610263,4256,5218
413.555766,74.351039,-10.918630,6.610263,4258,5220
413.730298,74.516319,-10.862556,6.610263,4260,5222
413.861198,74.640423,-10.820928,6.603392,4262,5223
414.035731,74.806458,-10.767131,6.589649,4265,5224
414.122998,74.889658,-10.740803,6.589649,4266,5225
414.297530,75.056417,-10.689293,6.575906,4269,5226
414.428430,75.181878,-10.651952,6.569035,4271,5227
414.472063,75.223782,-10.639793,6.562163,4272,5227
414.646596,75.391894,-10.592885,6.548420,4275,5228
414.777496,75.518333,-10.559006,6.541549,4277,5229
414.908396,75.645002,-10.525996,6.534678,4279,5230
415.082929,75.814045,-10.482563,6.534678,4281,5232
415.213828,75.940938,-10.450425,6.527806,4283,5233
415.344728,76.068049,-10.419159,6.520935,4285,5234
415.475628,76.195371,-10.388767,6.514064,4287,5235
415.606527,76.322900,-10.359251,6.507192,4289,5236
415.737427,76.450628,-10.330612,6.500321,4291,5237
415.868327,76.578550,-10.302851,6.493449,4293,5238
415.999226,76.706660,-10.275970,6.486578,4295,5239
416.130126,76.834952,-10.249970,6.479707,4297,5240
416.217393,76.920539,-10.232930,6.479707,4298,5241
416.391926,77.091942,-10.200028,6.465964,4301,5242
416.522825,77.220579,-10.175793,6.472835,4302,5244
416.610092,77.306392,-10.159931,6.459093,4304,5244
416.740991,77.435349,-10.137467,6.452221,4306,5245
416.871891,77.564458,-10.115889,6.445350,4308,5246
417.090057,77.779882,-10.081405,6.438478,4311,5248
417.177324,77.866189,-10.068500,6.424736,4313,5248
417.308223,77.995842,-10.050478,6.417864,4315,5249
417.482756,78.168795,-10.027043,6.417864,4317,5251
417.613656,78.298568,-10.009913,6.410993,4319,5252
417.744556,78.428457,-9.993674,6.404122,4321,5253
417.875455,78.558454,-9.978329,6.397250,4323,5254
418.006355,78.688554,-9.963877,6.390379,4325,5255
418.137255,78.818749,-9.950320,6.383507,4327,5256
418.311788,78.992405,-9.932839,6.383507,4329,5258
418.399054,79.079290,-9.924696,6.369765,4331,5258
418.573587,79.253170,-9.909604,6.369765,4333,5260
418.704487,79.383617,-9.898733,6.362893,4335,5261
418.835387,79.514136,-9.888759,6.356022,4337,5262
418.966286,79.644721,-9.879681,6.349151,4339,5263
419.140819,79.818949,-9.869374,6.335408,4342,5264
419.228086,79.906097,-9.864818,6.335408,4343,5265
419.358985,80.036841,-9.858435,6.328536,4345,5266
419.533518,80.211244,-9.851720,6.314794,4348,5267
419.664418,80.342092,-9.848033,6.307922,4350,5268
419.795318,80.472962,-9.845245,6.301051,4352,5269
419.926217,80.603832,-9.842457,6.307922,4353,5271
420.057117,80.734702,-9.839669,6.301051,4355,5272
420.231650,80.909224,-9.837750,6.287308,4358,5273
420.318916,80.996490,-9.837390,6.287308,4359,5274
420.493449,81.171022,-9.836671,6.287308,4361,5276
420.624349,81.301921,-9.836581,6.280437,4363,5277
420.711615,81.389187,-9.836820,6.280437,4364,5278
420.842515,81.520087,-9.836730,6.287308,4365,5280
420.973415,81.650987,-9.836640,6.280437,4367,5281
421.147948,81.825519,-9.837120,6.280437,4369,5283
421.235214,81.912785,-9.837360,6.280437,4370,5284
421.453380,82.130947,-9.838709,6.273565,4373,5286
421.540647,82.218209,-9.839549,6.273565,4374,5287
421.671547,82.349107,-9.840358,6.280437,4375,5289
421.758813,82.436373,-9.840598,6.280437,4376,5290
421.889713,82.567272,-9.840508,6.287308,4377,5292
421.976979,82.654538,-9.840148,6.287308,4378,5293
422.107879,82.785438,-9.840058,6.280437,4380,5294
422.238779,82.916337,-9.839968,6.287308,4381,5296
422.369678,83.047237,-9.839878,6.280437,4383,5297
422.500578,83.178134,-9.840688,6.273565,4385,5298
422.631478,83.309032,-9.841497,6.280437,4386,5300
422.762377,83.439929,-9.842307,6.273565,4388,5301
422.893277,83.570826,-9.843116,6.280437,4389,5303
423.024177,83.701726,-9.843026,6.287308,4390,5305
423.155076,83.832622,-9.842037,6.294180,4391,5307
423.329609,84.007144,-9.840118,6.294180,4393,5309
423.373243,84.050773,-9.839489,6.301051,4393,5310
423.547776,84.225278,-9.836371,6.301051,4395,5312
423.678675,84.356164,-9.834482,6.294180,4397,5313
423.809575,84.487050,-9.832593,6.301051,4398,5315
423.984108,84.661555,-9.829475,6.301051,4400,5317
424.071374,84.748807,-9.827916,6.301051,4401,5318
424.245907,84.923312,-9.824798,6.301051,4403,5320
424.376807,85.054182,-9.822010,6.307922,4404,5322
424.464073,85.141422,-9.819851,6.307922,4405,5323
424.638606,85.315902,-9.815534,6.307922,4407,5325
424.725873,85.403142,-9.813376,6.307922,4408,5326
424.900406,85.577621,-9.809059,6.307922,4410,5328
425.031305,85.708469,-9.805372,6.314794,4411,5330
425.205838,85.882915,-9.799856,6.314794,4413,5332
425.336738,86.013734,-9.795269,6.321665,4414,5334
425.467638,86.144553,-9.790683,6.314794,4416,5335
425.598537,86.275373,-9.786097,6.321665,4417,5337
425.729437,86.406192,-9.781510,6.314794,4419,5338
425.860337,86.537011,-9.776924,6.321665,4420,5340
425.991236,86.667796,-9.771439,6.328536,4421,5342
426.078503,86.754973,-9.767483,6.328536,4422,5343
426.253036,86.929326,-9.759570,6.328536,4424,5345
426.383936,87.060070,-9.753186,6.335408,4425,5347
426.471202,87.147218,-9.748631,6.335408,4426,5348
426.645735,87.321513,-9.739521,6.335408,4428,5350
426.733001,87.408660,-9.734966,6.335408,4429,5351
426.907534,87.582955,-9.725855,6.335408,4431,5353
427.038434,87.713652,-9.718573,6.342279,4432,5355
427.125700,87.800766,-9.713419,6.342279,4433,5356
427.256600,87.931463,-9.706138,6.335408,4435,5357
427.431133,88.105758,-9.697027,6.335408,4437,5359
427.562033,88.236455,-9.689745,6.342279,4438,5361
427.736566,88.410683,-9.679437,6.342279,4440,5363
427.867465,88.541327,-9.671258,6.349151,4441,5365
427.998365,88.671971,-9.663078,6.342279,4443,5366
428.085632,88.759085,-9.657924,6.342279,4444,5367
428.216531,88.889782,-9.650642,6.335408,4446,5368
428.434697,89.107611,-9.638506,6.342279,4448,5371
428.565597,89.238254,-9.630326,6.349151,4449,5373
428.696497,89.368839,-9.621249,6.356022,4450,5375
428.871030,89.542909,-9.608547,6.356022,4452,5377
429.001929,89.673428,-9.598573,6.362893,4453,5379
429.176462,89.847407,-9.584676,6.362893,4455,5381
429.307362,89.977855,-9.573805,6.369765,4456,5383
429.394629,90.064794,-9.566259,6.369765,4457,5384
429.569161,90.238673,-9.551167,6.369765,4459,5386
429.700061,90.369121,-9.540296,6.362893,4461,5387
429.830961,90.499640,-9.530322,6.356022,4463,5388
429.961861,90.630159,-9.520347,6.362893,4464,5390
430.136393,90.804138,-9.506450,6.362893,4466,5392
430.354560,91.021550,-9.488332,6.369765,4468,5395
430.529093,91.195430,-9.473240,6.369765,4470,5397
430.790892,91.456248,-9.450602,6.369765,4473,5400
430.921792,91.586696,-9.439731,6.362893,4475,5401
431.009058,91.673685,-9.432782,6.362893,4476,5402
431.139958,91.804133,-9.421911,6.369765,4477,5404
431.314491,91.978112,-9.408014,6.356022,4480,5405
431.532657,92.195643,-9.391391,6.362893,4482,5408
431.663557,92.326091,-9.380520,6.369765,4483,5410
431.881723,92.543504,-9.362401,6.362893,4486,5412
432.056256,92.717482,-9.348504,6.362893,4488,5414
432.230789,92.891461,-9.334607,6.362893,4490,5416
432.405321,93.065440,-9.320710,6.362893,4492,5418
432.623488,93.282852,-9.302592,6.369765,4494,5421
432.798021,93.456732,-9.287500,6.369765,4496,5423
432.972553,93.630611,-9.272408,6.369765,4498,5425
433.147086,93.804490,-9.257316,6.369765,4500,5427
433.277986,93.934937,-9.246445,6.362893,4502,5428
433.452519,94.108916,-9.232548,6.362893,4504,5430
433.670685,94.326329,-9.214430,6.369765,4506,5433
433.801585,94.456776,-9.203559,6.362893,4508,5434
433.976118,94.630755,-9.189662,6.362893,4510,5436
434.150651,94.804734,-9.175765,6.362893,4512,5438
434.368817,95.022146,-9.157647,6.369765,4514,5441
434.586983,95.239559,-9.139528,6.362893,4517,5443
434.805149,95.456971,-9.121410,6.369765,4519,5446
434.979682,95.630850,-9.106318,6.369765,4521,5448
435.154215,95.804730,-9.091226,6.369765,4523,5450
435.328748,95.978609,-9.076134,6.369765,4525,5452
435.546914,96.195892,-9.056522,6.376636,4527,5455
435.677814,96.326261,-9.044755,6.369765,4529,5456
435.895980,96.543544,-9.025143,6.376636,4531,5459
436.114146,96.760827,-9.005532,6.369765,4534,5461
436.332312,96.978110,-8.985920,6.376636,4536,5464
436.506845,97.151881,-8.969633,6.376636,4538,5466
436.681378,97.325653,-8.953347,6.376636,4540,5468
436.899544,97.542796,-8.932243,6.383508,4542,5471
437.117710,97.759789,-8.909647,6.390379,4544,5474
437.292243,97.933320,-8.890974,6.390379,4546,5476
437.510409,98.149982,-8.865398,6.410993,4547,5480
437.684942,98.322769,-8.840775,6.438479,4547,5484
437.859475,98.494814,-8.811413,6.465964,4547,5488
438.034008,98.665988,-8.777334,6.493450,4547,5492
438.164908,98.793716,-8.748695,6.514064,4547,5495
438.339441,98.963053,-8.706425,6.541549,4547,5499
438.557607,99.173392,-8.648513,6.562163,4548,5503
438.688507,99.298853,-8.611171,6.582777,4548,5506
438.863040,99.464515,-8.556235,6.624006,4547,5511
439.037573,99.628191,-8.495640,6.651491,4547,5515
439.212105,99.790141,-8.430571,6.678977,4547,5519
439.386638,99.950241,-8.361075,6.706462,4547,5523
439.604805,100.147585,-8.268059,6.740819,4547,5528
439.735704,100.264004,-8.208216,6.775176,4546,5532
439.910237,100.416689,-8.123664,6.802661,4546,5536
440.084770,100.566379,-8.033916,6.843890,4545,5541
440.259303,100.712898,-7.939080,6.871375,4545,5545
440.390203,100.820536,-7.864590,6.905732,4544,5549
440.564736,100.960914,-7.760880,6.933218,4544,5553
440.695635,101.063743,-7.679879,6.967574,4543,5557
440.870168,101.197443,-7.567692,6.995060,4543,5561
441.088334,101.360152,-7.422357,7.029417,4543,5566
441.219234,101.455344,-7.332507,7.050031,4543,5569
441.350134,101.548032,-7.240074,7.084388,4542,5573
441.568300,101.697127,-7.080804,7.118745,4542,5578
441.742833,101.812408,-6.949761,7.146230,4542,5582
441.917366,101.924043,-6.815600,7.173716,4542,5586
442.048265,102.005326,-6.712994,7.194330,4542,5589
442.266432,102.137243,-6.539229,7.214944,4543,5593
442.397331,102.214228,-6.433361,7.235558,4543,5596
442.571864,102.313449,-6.289776,7.263044,4543,5600
442.702764,102.384501,-6.179837,7.297400,4542,5604
442.833664,102.451734,-6.067524,7.331757,4541,5608
443.051830,102.557293,-5.876595,7.366114,4541,5613
443.269996,102.656232,-5.682153,7.400471,4541,5618
443.400896,102.712366,-5.563901,7.421085,4541,5621
443.575429,102.783399,-5.404476,7.448571,4541,5625
443.749961,102.850024,-5.243160,7.476056,4541,5629
443.924494,102.912190,-5.080074,7.503542,4541,5633
444.142661,102.983558,-4.873911,7.537899,4541,5638
444.360827,103.047802,-4.665419,7.572255,4541,5643
444.535360,103.094016,-4.497115,7.599741,4541,5647
444.753526,103.145252,-4.285051,7.634098,4541,5652
444.971692,103.189173,-4.071351,7.668455,4541,5657
445.189858,103.225728,-3.856270,7.702812,4541,5662
445.408024,103.254873,-3.640059,7.737168,4541,5667
445.582557,103.272830,-3.466452,7.764654,4541,5671
445.800723,103.288557,-3.248854,7.799011,4541,5676
446.018890,103.296800,-3.030843,7.833368,4541,5681
446.237056,103.297550,-2.812678,7.867725,4541,5686
446.455222,103.290805,-2.594617,7.902081,4541,5691
446.629755,103.280018,-2.420417,7.929567,4541,5695
446.847921,103.259809,-2.203189,7.963924,4541,5700
447.066087,103.232150,-1.986783,7.998281,4541,5705
447.284253,103.197074,-1.771455,8.032638,4541,5710
447.502419,103.154623,-1.557459,8.066994,4541,5715
447.676952,103.115385,-1.387394,8.094480,4541,5719
447.807852,103.082897,-1.260590,8.115094,4541,5722
447.895118,103.059790,-1.176438,8.128837,4541,5724
448.026018,103.023830,-1.050575,8.135708,4542,5726
448.200551,102.974157,-0.883260,8.149451,4543,5729
448.418717,102.908482,-0.675214,8.170065,4544,5733
448.636883,102.838532,-0.468566,8.190679,4545,5737
448.855050,102.762929,-0.263918,8.225036,4545,5742
449.073216,102.681731,-0.061425,8.245650,4546,5746
449.247749,102.614000,0.099430,8.259393,4547,5749
449.422282,102.544064,0.259338,8.273136,4548,5752
449.596814,102.471938,0.418271,8.286878,4549,5755
449.727714,102.416617,0.536906,8.293750,4550,5757
449.902247,102.341230,0.694318,8.307493,4551,5760
450.120413,102.246320,0.890758,8.300621,4554,5762
450.382213,102.133239,1.126876,8.300621,4557,5765
450.513112,102.077105,1.245128,8.293750,4559,5766
450.687645,102.003888,1.403561,8.280007,4562,5767
450.862178,101.932855,1.562985,8.266264,4565,5768
451.036711,101.864020,1.723371,8.252522,4568,5769
451.167611,101.814467,1.844529,8.231907,4571,5769
451.342144,101.751182,2.007184,8.218165,4574,5770
451.560310,101.674175,2.211307,8.211293,4577,5772
451.734843,101.614256,2.375233,8.197551,4580,5773
451.953009,101.541473,2.580900,8.190679,4583,5775
452.083909,101.499503,2.704889,8.170065,4586,5775
452.258442,101.446391,2.871144,8.156322,4589,5776
452.476608,101.380716,3.079191,8.163194,4591,5779
452.782040,101.284776,3.369164,8.183808,4593,5784
453.000206,101.214827,3.575813,8.176936,4596,5786
453.174739,101.159435,3.741322,8.176936,4598,5788
453.392906,101.089485,3.947971,8.183808,4600,5791
453.523805,101.046665,4.071668,8.190679,4601,5793
453.611072,101.018401,4.154231,8.176936,4603,5793
453.741971,100.977284,4.278505,8.170065,4605,5794
453.785605,100.963863,4.320023,8.163194,4606,5794
453.916504,100.924458,4.444851,8.156322,4608,5795
454.047404,100.885912,4.569947,8.149451,4610,5796
454.352837,100.802005,4.863628,8.115094,4616,5797
454.527370,100.758108,5.032551,8.101351,4619,5798
454.701902,100.716537,5.202060,8.087609,4622,5799
454.832802,100.686670,5.329507,8.080737,4624,5800
455.094602,100.627813,5.584605,8.080737,4627,5803
455.269134,100.587408,5.754396,8.094480,4628,5806
455.443667,100.545836,5.923906,8.094480,4630,5808
455.618200,100.503101,6.093126,8.108223,4631,5811
455.836366,100.448956,6.304467,8.101351,4634,5813
456.010899,100.405059,6.473389,8.115094,4635,5816
456.054533,100.393650,6.515504,8.121965,4635,5817
456.185432,100.359423,6.641850,8.115094,4637,5818
456.316332,100.326065,6.768428,8.108223,4639,5819
456.578131,100.260220,7.021812,8.108223,4642,5822
456.839931,100.197863,7.276076,8.080737,4647,5823
457.188997,100.124068,7.617253,8.053252,4653,5825
457.319896,100.098597,7.745650,8.046380,4655,5826
457.494429,100.065224,7.916963,8.046380,4657,5828
457.668962,100.031851,8.088275,8.046380,4659,5830
457.843495,99.998478,8.259588,8.046380,4661,5832
457.974395,99.973007,8.387986,8.053252,4662,5834
458.279827,99.909463,8.686735,8.073866,4664,5839
458.541627,99.850606,8.941833,8.087609,4666,5843
458.759793,99.797914,9.153540,8.108223,4667,5847
458.803426,99.787085,9.195808,8.101351,4668,5847
458.977959,99.744350,9.365028,8.101351,4670,5849
459.196125,99.691658,9.576736,8.094480,4673,5851
459.501558,99.621969,9.874112,8.073866,4678,5853
459.763357,99.570145,10.130731,8.032638,4684,5853
459.937890,99.540310,10.302695,8.018895,4687,5854
460.112423,99.511657,10.474860,8.018895,4689,5856
460.286956,99.483005,10.647025,8.018895,4691,5858
460.417856,99.461959,10.776221,8.012023,4693,5859
460.592389,99.433307,10.948386,8.025766,4694,5862
460.810555,99.395275,11.163212,8.032638,4696,5865
461.072354,99.346982,11.420519,8.046380,4698,5869
461.334154,99.295158,11.677137,8.060123,4700,5873
461.552320,99.249769,11.890530,8.066994,4702,5876
461.639586,99.231321,11.975824,8.066994,4703,5877
461.770486,99.204088,12.103859,8.060123,4705,5878
461.945019,99.168363,12.274697,8.060123,4707,5880
462.119552,99.133814,12.445776,8.046380,4710,5881
462.337718,99.092834,12.660059,8.039509,4713,5883
462.512251,99.062999,12.832023,8.012023,4717,5883
462.643151,99.042841,12.961361,8.005152,4719,5884
462.774050,99.023573,13.090835,7.998281,4721,5885
462.904950,99.004305,13.220309,8.005152,4722,5887
463.035850,98.984148,13.349647,8.012023,4723,5889
463.166749,98.963990,13.478986,8.005152,4725,5890
463.472182,98.914884,13.780445,8.025766,4727,5895
463.646715,98.883868,13.952200,8.039509,4728,5898
463.777615,98.859280,14.080769,8.046380,4729,5900
463.952147,98.827085,14.252307,8.032638,4732,5901
464.083047,98.804266,14.381203,8.025766,4734,5902
464.213947,98.782333,14.510252,8.018895,4736,5903
464.344847,98.760400,14.639301,8.025766,4737,5905
464.432113,98.745483,14.725283,8.025766,4738,5906
464.606646,98.715648,14.897247,8.025766,4740,5908
464.737546,98.692829,15.026142,8.032638,4741,5910
464.955712,98.654797,15.240968,8.025766,4744,5912
465.042978,98.639879,15.326950,8.025766,4745,5913
465.217511,98.610045,15.498914,8.025766,4747,5915
465.392044,98.580210,15.670878,8.025766,4749,5917
465.566577,98.550375,15.842842,8.025766,4751,5919
465.741110,98.520540,16.014806,8.025766,4753,5921
465.872010,98.497721,16.143701,8.032638,4754,5923
466.046543,98.466705,16.315456,8.032638,4756,5925
466.221075,98.435690,16.487211,8.032638,4758,5927
466.351975,98.412871,16.616107,8.025766,4760,5928
466.482875,98.390938,16.745156,8.018895,4762,5929
466.613775,98.369005,16.874205,8.025766,4763,5931
466.831941,98.332450,17.089287,8.018895,4766,5933
466.962840,98.310517,17.218336,8.025766,4767,5935
467.181007,98.272485,17.433162,8.032638,4769,5938
467.355540,98.241470,17.604917,8.032638,4771,5940
467.530072,98.210454,17.776672,8.032638,4773,5942
467.704605,98.179438,17.948427,8.032638,4775,5944
467.835505,98.156619,18.077322,8.025766,4777,5945
468.010038,98.126784,18.249286,8.025766,4779,5947
468.228204,98.088752,18.464112,8.032638,4781,5950
468.402737,98.057737,18.635867,8.032638,4783,5952
468.577270,98.026721,18.807621,8.032638,4785,5954
468.751803,97.995705,18.979376,8.032638,4787,5956
468.969969,97.957673,19.194202,8.025766,4790,5958
469.144502,97.927839,19.366166,8.025766,4792,5960
469.362668,97.889807,19.580992,8.032638,4794,5963
469.537201,97.858791,19.752747,8.032638,4796,5965
469.711734,97.827775,19.924502,8.032638,4798,5967
469.929900,97.789744,20.139327,8.025766,4801,5969
470.148066,97.751712,20.354153,8.032638,4803,5972
470.278966,97.728008,20.482888,8.039509,4804,5974
470.540765,97.679715,20.740195,8.039509,4807,5977
470.715298,97.647520,20.911733,8.039509,4809,5979
470.889831,97.615324,21.083271,8.039509,4811,5981
471.064364,97.583129,21.254808,8.039509,4813,5983
471.238897,97.550934,21.426346,8.039509,4815,5985
471.457063,97.511427,21.640905,8.032638,4818,5987
471.631596,97.480411,21.812660,8.032638,4820,5989
471.893396,97.433888,22.070293,8.032638,4823,5992
472.067928,97.402872,22.242048,8.032638,4825,5994
472.286095,97.363365,22.456607,8.039509,4827,5997
472.504261,97.322384,22.670890,8.046380,4829,6000
472.722427,97.281404,22.885172,8.039509,4832,6002
472.896960,97.249209,23.056710,8.039509,4834,6004
473.115126,97.208228,23.270993,8.046380,4836,6007
473.376925,97.158169,23.527962,8.046380,4839,6010
473.551458,97.124796,23.699274,8.046380,4841,6012
473.725991,97.091423,23.870587,8.046380,4843,6014
473.987791,97.041363,24.127556,8.046380,4846,6017
474.162324,97.007990,24.298868,8.046380,4848,6019
474.424123,96.957930,24.555837,8.046380,4851,6022
474.598656,96.924557,24.727149,8.046380,4853,6024
474.816822,96.882105,24.941145,8.053252,4855,6027
475.034988,96.839653,25.155141,8.046380,4858,6029
475.296788,96.789594,25.412110,8.046380,4861,6032
475.471321,96.756220,25.583423,8.046380,4863,6034
475.776753,96.698848,25.883419,8.039509,4867,6037
475.994919,96.659341,26.097978,8.032638,4870,6039
476.169452,96.627146,26.269516,8.046380,4871,6042
476.343985,96.593773,26.440828,8.046380,4873,6044
476.605785,96.545480,26.698135,8.032638,4877,6046
476.823951,96.505973,26.912694,8.039509,4879,6049
476.998484,96.472600,27.084006,8.053252,4880,6052
477.260283,96.422540,27.340975,8.039509,4884,6054
477.522082,96.374247,27.598282,8.039509,4887,6057
477.696615,96.342052,27.769820,8.039509,4889,6059
477.914781,96.301072,27.984102,8.046380,4891,6062
478.132948,96.260091,28.198385,8.039509,4894,6064
478.351114,96.219111,28.412668,8.046380,4896,6067
478.569280,96.178130,28.626951,8.039509,4899,6069
478.787446,96.137150,28.841233,8.046380,4901,6072
479.005612,96.096169,29.055516,8.039509,4904,6074
479.223778,96.055189,29.269799,8.046380,4906,6077
479.441945,96.012737,29.483795,8.053252,4908,6080
479.660111,95.970285,29.697791,8.046380,4911,6082
479.834644,95.938090,29.869329,8.032638,4914,6083
480.096443,95.893338,30.127275,8.018895,4918,6085
480.314609,95.858262,30.342603,8.012023,4921,6087
480.489142,95.831978,30.515145,7.998281,4924,6088
480.663675,95.806880,30.687864,7.998281,4926,6090
480.881841,95.776250,30.903869,7.991409,4929,6092
481.100007,95.748592,31.120275,7.970795,4933,6093
481.361807,95.718079,31.380290,7.970795,4936,6096
481.579973,95.693397,31.597056,7.963924,4939,6098
481.841772,95.666461,31.857466,7.950181,4943,6100
482.103572,95.641315,32.118055,7.950181,4946,6103
482.278105,95.625745,32.291892,7.936438,4949,6104
482.496271,95.608523,32.509377,7.929567,4952,6106
482.714437,95.592796,32.726976,7.922696,4955,6108
482.932603,95.578565,32.944677,7.915824,4958,6110
483.238036,95.558641,33.249459,7.922696,4961,6114
483.543468,95.534530,33.553939,7.943310,4963,6119
483.848901,95.506238,33.858058,7.950181,4966,6123
484.110700,95.479302,34.118468,7.963924,4968,6127
484.372500,95.450577,34.378687,7.963924,4971,6130
484.634299,95.420065,34.638702,7.977667,4973,6134
484.808832,95.398533,34.811902,7.977667,4975,6136
484.983365,95.377001,34.985101,7.977667,4977,6138
485.157898,95.354279,35.158149,7.991409,4978,6141
485.288798,95.336792,35.287875,7.984538,4980,6142
485.463330,95.314070,35.460923,7.984538,4982,6144
485.681497,95.284925,35.677134,7.991409,4984,6147
485.899663,95.255780,35.893344,7.984538,4987,6149
486.205095,95.217058,36.196312,7.977667,4991,6152
486.423262,95.190887,36.412903,7.970795,4994,6154
486.597794,95.170545,36.586247,7.970795,4996,6156
486.815961,95.144374,36.802837,7.977667,4998,6159
487.034127,95.116715,37.019243,7.984538,5000,6162
487.252293,95.087570,37.235454,7.991409,5002,6165
487.514092,95.051705,37.494785,7.991409,5005,6168
487.688625,95.026607,37.667504,8.005152,5006,6171
487.863158,95.000323,37.840046,8.005152,5008,6173
488.081324,94.966728,38.055610,8.012023,5010,6176
488.255857,94.939259,38.227968,8.012023,5012,6178
488.430390,94.912975,38.400510,7.998281,5015,6179
488.648556,94.880861,38.616300,8.005152,5017,6182
488.953989,94.835902,38.918406,7.998281,5021,6185
489.172155,94.805272,39.134411,7.991409,5024,6187
489.346688,94.781362,39.307298,7.991409,5026,6189
489.564854,94.752217,39.523509,7.984538,5029,6191
489.783020,94.723072,39.739719,7.991409,5031,6194
490.044820,94.687206,39.999051,7.991409,5034,6197
490.350252,94.642247,40.301156,8.012023,5036,6202
490.699318,94.582578,40.645084,8.039509,5038,6208
491.004751,94.523145,40.944679,8.060123,5040,6213
491.179284,94.487421,41.115516,8.060123,5042,6215
491.397450,94.443500,41.329216,8.053252,5045,6217
491.528350,94.418029,41.457613,8.046380,5047,6218
491.746516,94.375577,41.671609,8.053252,5049,6221
491.964682,94.333125,41.885605,8.046380,5052,6223
492.270115,94.277815,42.185988,8.025766,5057,6225
492.488281,94.241260,42.401070,8.018895,5060,6227
492.706447,94.206184,42.616398,8.012023,5063,6229
492.924613,94.171108,42.831726,8.018895,5065,6232
493.142779,94.136032,43.047054,8.012023,5068,6234
493.360945,94.100956,43.262382,8.018895,5070,6237
493.666378,94.049779,43.563497,8.025766,5073,6241
493.928177,94.003256,43.821129,8.039509,5075,6245
494.189977,93.953196,44.078098,8.053252,5077,6249
494.408143,93.909275,44.291797,8.060123,5079,6252
494.582676,93.873551,44.462635,8.060123,5081,6254
494.757209,93.837827,44.633473,8.060123,5083,6256
494.931742,93.802102,44.804310,8.060123,5085,6258
495.106275,93.766378,44.975148,8.060123,5087,6260
495.237174,93.740025,45.103368,8.053252,5089,6261
495.498974,93.689966,45.360337,8.039509,5093,6263
495.717140,93.648985,45.574619,8.046380,5095,6266
495.935306,93.606533,45.788615,8.053252,5097,6269
496.153472,93.562612,46.002315,8.060123,5099,6272
496.284372,93.536259,46.130534,8.053252,5101,6273
496.546171,93.484435,46.387153,8.053252,5104,6276
496.764337,93.440514,46.600852,8.060123,5106,6279
496.938870,93.404790,46.771690,8.060123,5108,6281
497.200670,93.349444,47.027572,8.073866,5110,6285
497.418836,93.302590,47.240648,8.066994,5113,6287
497.549736,93.274478,47.368493,8.073866,5114,6289
497.767902,93.227624,47.581569,8.066994,5117,6291
497.986068,93.182235,47.794961,8.060123,5120,6293
498.160601,93.146511,47.965799,8.060123,5122,6295
498.335134,93.110787,48.136637,8.060123,5124,6297
498.553300,93.065398,48.350029,8.066994,5126,6300
498.727833,93.029674,48.520867,8.053252,5129,6301
498.945999,92.987222,48.734863,8.046380,5132,6303
499.076899,92.962634,48.863432,8.039509,5134,6304
499.295065,92.923127,49.077992,8.032638,5137,6306
499.513231,92.883620,49.292551,8.039509,5139,6309
499.687764,92.851424,49.464089,8.039509,5141,6311
499.949563,92.803132,49.721395,8.039509,5144,6314
500.124096,92.770936,49.892933,8.039509,5146,6316
500.385896,92.722644,50.150240,8.039509,5149,6319
500.516795,92.699825,50.279135,8.018895,5152,6319
500.647695,92.678779,50.408332,8.012023,5154,6320
500.865861,92.645183,50.623896,8.005152,5157,6322
500.909494,92.639057,50.667097,7.984538,5159,6321
500.909494,92.639057,50.667097,7.943310,5162,6318
500.953128,92.635613,50.710594,7.922696,5164,6317
500.996761,92.633066,50.754153,7.902081,5166,6316
501.171294,92.627071,50.928583,7.874596,5170,6316
501.214927,92.626621,50.972214,7.853982,5172,6315
501.214927,92.626621,50.972214,7.840239,5173,6314
501.258560,92.627670,51.015834,7.819625,5175,6313
501.258560,92.627670,51.015834,7.792139,5177,6311
501.214927,92.624525,50.972315,7.771525,5178,6309
501.084027,92.612400,50.841978,7.750911,5178,6306
501.040394,92.607165,50.798660,7.716554,5180,6303
500.909494,92.587897,50.669186,7.695940,5180,6300
500.734961,92.558063,50.497222,7.668455,5180,6296
500.604062,92.531710,50.369002,7.634098,5181,6292
500.473162,92.501843,50.241555,7.613484,5181,6289
500.298629,92.459108,50.072335,7.599741,5180,6286
500.124096,92.412894,49.904032,7.572255,5180,6282
500.036830,92.387483,49.820547,7.544770,5181,6279
499.905930,92.345513,49.696558,7.510413,5182,6275
499.818664,92.314991,49.614803,7.482928,5183,6272
499.644131,92.249477,49.453033,7.455442,5183,6268
499.513231,92.197437,49.332922,7.434828,5183,6265
499.425964,92.161374,49.253456,7.421085,5183,6263
499.338698,92.123680,49.174750,7.393600,5184,6260
499.207798,92.064317,49.058085,7.372986,5184,6257
499.164165,92.043732,49.019613,7.352371,5185,6255
499.120532,92.022358,48.981573,7.331757,5186,6253
499.033265,91.977794,48.906543,7.304272,5187,6250
498.945999,91.931184,48.832767,7.276786,5188,6247
498.902366,91.906999,48.796450,7.256172,5189,6245
498.858732,91.882070,48.760639,7.235558,5190,6243
498.858732,91.882070,48.760639,7.208073,5192,6241
498.858732,91.882070,48.760639,7.194330,5193,6240
498.858732,91.882070,48.760639,7.166844,5195,6238
498.858732,91.882070,48.760639,7.139359,5197,6236
498.815099,91.853138,48.727977,7.118745,5198,6234
498.858732,91.882737,48.760035,7.098131,5200,6233
498.858732,91.882737,48.760035,7.070645,5202,6231
498.858732,91.882737,48.760035,7.056902,5203,6230
498.902366,91.914262,48.790203,7.036288,5205,6229
498.902366,91.914262,48.790203,7.008803,5207,6227
498.945999,91.947200,48.818820,6.988189,5209,6226
498.945999,91.947200,48.818820,6.960703,5211,6224
498.989632,91.981476,48.845820,6.940089,5213,6223
498.989632,91.981476,48.845820,6.912603,5215,6221
499.076899,92.052719,48.896217,6.885118,5218,6220
499.076899,92.052719,48.896217,6.857632,5220,6218
499.120532,92.089591,48.919548,6.837018,5222,6217
499.120532,92.089591,48.919548,6.809533,5224,6215
499.164165,92.127690,48.940817,6.775176,5227,6213
499.164165,92.127690,48.940817,6.747690,5229,6211
499.207798,92.167030,48.959690,6.713334,5232,6209
499.164165,92.127186,48.941905,6.692719,5233,6207
499.164165,92.127186,48.941905,6.651491,5236,6204
499.164165,92.127186,48.941905,6.624006,5238,6202
499.207798,92.168554,48.955781,6.589649,5241,6200
499.164165,92.126733,48.943334,6.555292,5243,6197
499.164165,92.126733,48.943334,6.527806,5245,6195
499.164165,92.126733,48.943334,6.500321,5247,6193
499.120532,92.083970,48.934667,6.465964,5249,6190
499.164165,92.127006,48.941860,6.431607,5252,6188
499.120532,92.083748,48.936150,6.397250,5254,6185
499.076899,92.040319,48.931929,6.362893,5256,6182
499.120532,92.083848,48.934955,6.342279,5258,6181
499.120532,92.083848,48.934955,6.314794,5260,6179
499.033265,91.996595,48.933396,6.287308,5261,6176
499.207798,92.171126,48.934115,6.287308,5263,6178
499.469598,92.432910,48.936994,6.301051,5265,6182
499.818664,92.781617,48.952819,6.356022,5265,6190
499.949563,92.911987,48.964586,6.390379,5264,6194
500.080463,93.041984,48.979931,6.410993,5264,6197
500.342262,93.300905,49.018645,6.452221,5264,6203
500.647695,93.601439,49.073129,6.472835,5266,6208
500.691328,93.644318,49.081208,6.465964,5267,6208
500.691328,93.644318,49.081208,6.452221,5268,6207
500.778595,93.730439,49.095297,6.438479,5270,6207
501.084027,94.033245,49.135268,6.390379,5277,6207
501.258560,94.206900,49.152749,6.376636,5280,6208
501.345827,94.293786,49.160892,6.376636,5281,6209
501.476726,94.423982,49.174449,6.397250,5281,6212
501.563993,94.510611,49.184977,6.410993,5281,6214
501.694893,94.640264,49.202999,6.431607,5281,6217
501.782159,94.726480,49.216497,6.445350,5281,6219
501.869425,94.812602,49.230586,6.445350,5282,6220
501.913059,94.855638,49.237779,6.452221,5282,6221
502.043958,94.984747,49.259357,6.445350,5284,6222
502.131225,95.070963,49.272854,6.431607,5286,6222
502.218491,95.157270,49.285759,6.431607,5287,6223
502.393024,95.329884,49.311569,6.431607,5289,6225
502.523924,95.459278,49.331370,6.438479,5290,6227
502.611190,95.545399,49.345460,6.452221,5290,6229
502.829357,95.760329,49.382901,6.459093,5292,6232
502.960256,95.888965,49.407136,6.479707,5292,6235
503.047523,95.974552,49.424175,6.479707,5293,6236
503.178422,96.102844,49.450176,6.486578,5294,6238
503.265689,96.188311,49.467803,6.486578,5295,6239
503.352955,96.273779,49.485430,6.486578,5296,6240
503.483855,96.402070,49.511431,6.479707,5298,6241
503.658388,96.573244,49.545510,6.479707,5300,6243
503.789288,96.701535,49.571510,6.486578,5301,6245
503.963821,96.872471,49.606764,6.486578,5303,6247
504.138353,97.043160,49.643193,6.500321,5304,6250
504.312886,97.213332,49.681963,6.514064,5305,6253
504.400153,97.298283,49.701932,6.514064,5306,6254
504.487419,97.383234,49.721902,6.514064,5307,6255
504.574686,97.468185,49.741871,6.514064,5308,6256
504.661952,97.553136,49.761841,6.514064,5309,6257
504.749219,97.638222,49.781226,6.500321,5311,6257
504.880118,97.765950,49.809865,6.507192,5312,6259
505.098285,97.978498,49.859059,6.514064,5314,6262
505.229184,98.105820,49.889450,6.520935,5315,6264
505.403717,98.275157,49.931720,6.534678,5316,6267
505.534617,98.401826,49.964730,6.541549,5317,6269
505.621883,98.486196,49.987027,6.541549,5318,6270
505.665517,98.528419,49.998030,6.534678,5319,6270
505.709150,98.570717,50.008743,6.527806,5320,6270
505.796416,98.655529,50.029295,6.514064,5322,6270
505.970949,98.825431,50.069234,6.514064,5324,6272
506.101849,98.952959,50.098750,6.507192,5326,6273
506.407281,99.250046,50.169664,6.527806,5328,6278
506.625448,99.461534,50.223229,6.534678,5330,6281
506.799981,99.630274,50.267822,6.548421,5331,6284
506.974513,99.798385,50.314729,6.562163,5332,6287
507.018147,99.840373,50.326601,6.555292,5333,6287
507.061780,99.882440,50.338183,6.548421,5334,6287
507.105413,99.924587,50.349476,6.541549,5335,6287
507.279946,100.093924,50.391746,6.514064,5339,6287
507.498112,100.306471,50.440940,6.507192,5342,6289
507.716278,100.519352,50.488672,6.500321,5345,6291
507.934445,100.732233,50.536403,6.507192,5347,6294
508.283510,101.071479,50.618614,6.534678,5349,6300
508.545310,101.324589,50.685504,6.548421,5351,6304
508.676209,101.450793,50.720251,6.555292,5352,6306
508.763476,101.534849,50.743705,6.555292,5353,6307
508.850742,101.619063,50.766581,6.541549,5355,6307
508.938009,101.703433,50.788877,6.541549,5356,6308
509.112542,101.872174,50.833470,6.541549,5358,6310
509.330708,102.083289,50.888486,6.534678,5361,6312
509.505241,102.252626,50.930756,6.520935,5364,6313
509.767040,102.507061,50.992414,6.520935,5367,6316
509.985206,102.718912,51.044524,6.527806,5369,6319
510.159739,102.887955,51.087956,6.541549,5370,6322
510.377905,103.098687,51.144422,6.548421,5372,6325
510.552438,103.267117,51.190173,6.548421,5374,6327
510.726971,103.435546,51.235925,6.548421,5376,6329
510.814238,103.519761,51.258801,6.548421,5377,6330
510.988771,103.688501,51.303394,6.534678,5380,6331
511.206937,103.899617,51.358410,6.541549,5382,6334
511.425103,104.110732,51.413426,6.534678,5385,6336
511.643269,104.322220,51.466990,6.527806,5388,6338
511.774169,104.449331,51.498256,6.520935,5390,6339
512.035968,104.703766,51.559914,6.520935,5393,6342
512.210501,104.873390,51.601020,6.520935,5395,6344
512.428667,105.085241,51.653129,6.527806,5397,6347
512.646833,105.296730,51.706694,6.534678,5399,6350
512.821366,105.465772,51.750126,6.534678,5401,6352
513.039533,105.676887,51.805142,6.541549,5403,6355
513.214065,105.845627,51.849735,6.541549,5405,6357
513.344965,105.972297,51.882745,6.534678,5407,6358
513.563131,106.183785,51.936309,6.527806,5410,6360
513.737664,106.353122,51.978579,6.527806,5412,6362
513.912197,106.522459,52.020849,6.527806,5414,6364
514.173997,106.776464,52.084254,6.527806,5417,6367
514.348529,106.945801,52.126524,6.527806,5419,6369
514.523062,107.115138,52.168794,6.527806,5421,6371
514.741229,107.326627,52.222358,6.534678,5423,6374
514.959395,107.537742,52.277375,6.541549,5425,6377
515.221194,107.790852,52.344264,6.541549,5428,6380
515.395727,107.959592,52.388857,6.541549,5430,6382
515.570260,108.128332,52.433450,6.541549,5432,6384
515.788426,108.339447,52.488466,6.534678,5435,6386
515.919326,108.466340,52.520605,6.527806,5437,6387
516.093859,108.635677,52.562875,6.527806,5439,6389
516.268392,108.805014,52.605145,6.527806,5441,6391
516.442925,108.974351,52.647415,6.527806,5443,6393
516.617458,109.143394,52.690847,6.541549,5444,6396
516.835624,109.354126,52.747313,6.548421,5446,6399
517.010157,109.522556,52.793064,6.548421,5448,6401
517.184689,109.690985,52.838815,6.548421,5450,6403
517.402856,109.901718,52.895281,6.541549,5453,6405
517.533755,110.028387,52.928291,6.534678,5455,6406
517.708288,110.197429,52.971723,6.534678,5457,6408
517.882821,110.366472,53.015156,6.534678,5459,6410
518.100987,110.577587,53.070172,6.541549,5461,6413
518.319154,110.788703,53.125188,6.534678,5464,6415
518.450053,110.915372,53.158198,6.541549,5465,6417
518.711853,111.168482,53.225087,6.541549,5468,6420
518.886386,111.337222,53.269680,6.541549,5470,6422
519.060918,111.505962,53.314273,6.541549,5472,6424
519.191818,111.632631,53.347283,6.534678,5474,6425
519.366351,111.801674,53.390716,6.534678,5476,6427
519.584517,112.013162,53.444280,6.527806,5479,6429
519.759050,112.182499,53.486550,6.527806,5481,6431
520.020850,112.436504,53.549955,6.527806,5484,6434
520.195382,112.605841,53.592225,6.527806,5486,6436
520.369915,112.774884,53.635657,6.541549,5487,6439
520.631715,113.027994,53.702547,6.541549,5490,6442
520.762614,113.154663,53.735556,6.534678,5492,6443
520.937147,113.323706,53.778989,6.534678,5494,6445
521.111680,113.493042,53.821259,6.520935,5497,6446
521.329846,113.705247,53.871912,6.514064,5500,6448
521.504379,113.875149,53.911850,6.514064,5502,6450
521.678912,114.045051,53.951789,6.514064,5504,6452
521.940712,114.299486,54.013447,6.527806,5506,6456
522.202511,114.553049,54.078596,6.541549,5508,6460
522.464310,114.806160,54.145485,6.541549,5511,6463
522.595210,114.932829,54.178495,6.534678,5513,6464
522.726110,115.059722,54.210634,6.527806,5515,6465
522.857010,115.186833,54.241900,6.520935,5517,6466
523.118809,115.441685,54.301808,6.507192,5521,6468
523.336975,115.654566,54.349540,6.500321,5524,6470
523.555141,115.867769,54.395808,6.493450,5527,6472
523.729674,116.038458,54.432236,6.493450,5529,6474
523.991474,116.294492,54.486878,6.493450,5532,6477
524.296906,116.592525,54.553703,6.514064,5534,6482
524.515072,116.804729,54.604356,6.520935,5536,6485
524.733239,117.016581,54.656466,6.527806,5538,6488
524.907771,117.185918,54.698736,6.527806,5540,6490
525.125938,117.397769,54.750846,6.520935,5543,6492
525.344104,117.609620,54.802956,6.527806,5545,6495
525.518637,117.778957,54.845225,6.527806,5547,6497
525.649536,117.905850,54.877364,6.534678,5548,6499
525.736803,117.990065,54.900240,6.562163,5547,6502
525.824069,118.073791,54.924846,6.575906,5547,6504
525.824069,118.073791,54.924846,6.589649,5546,6505
525.911336,118.156808,54.951745,6.603392,5546,6507
526.042235,118.280623,54.994226,6.624006,5546,6510
526.129502,118.362668,55.023960,6.637748,5546,6512
526.129502,118.362668,55.023960,6.665234,5544,6514
526.129502,118.362668,55.023960,6.678977,5543,6515
526.085869,118.322583,55.006723,6.699591,5541,6516
526.085869,118.322583,55.006723,6.727076,5539,6518
525.954969,118.204955,54.949292,6.747690,5536,6518
525.911336,118.166149,54.929344,6.768305,5534,6519
525.867703,118.127762,54.908601,6.788919,5532,6520
525.693170,117.976253,54.821958,6.816404,5528,6520
525.562270,117.864217,54.754262,6.837018,5525,6520
525.475003,117.790634,54.707349,6.864504,5522,6521
525.213204,117.574847,54.559109,6.905732,5516,6521
525.169571,117.539664,54.533302,6.926346,5514,6522
525.082304,117.470559,54.480011,6.953832,5511,6523
524.864138,117.302953,54.340351,7.001931,5505,6524
524.733239,117.205929,54.252482,7.036288,5501,6525
524.602339,117.111356,54.161979,7.056902,5498,6525
524.602339,117.111356,54.161979,7.070645,5497,6526
524.340539,116.930481,53.972710,7.111873,5491,6526
524.253273,116.871946,53.907986,7.125616,5489,6526
524.166006,116.814757,53.842071,7.153102,5486,6527
524.122373,116.786964,53.808435,7.173716,5484,6528
524.035107,116.733011,53.739845,7.201201,5481,6529
523.947840,116.680483,53.670158,7.214944,5479,6529
523.947840,116.680483,53.670158,7.242429,5477,6531
523.860574,116.631366,53.598026,7.269915,5474,6532
523.860574,116.631366,53.598026,7.283658,5473,6533
523.860574,116.631366,53.598026,7.311143,5471,6535
523.816941,116.609213,53.560435,7.331757,5469,6536
523.860574,116.630325,53.598621,7.366114,5467,6539
523.816941,116.610270,53.559870,7.386728,5465,6540
523.816941,116.610270,53.559870,7.414214,5463,6542
523.816941,116.610270,53.559870,7.441699,5461,6544
523.816941,116.610270,53.559870,7.469185,5459,6546
523.860574,116.626231,53.600479,7.489799,5458,6548
523.860574,116.626231,53.600479,7.517284,5456,6550
523.904207,116.640221,53.641808,7.537899,5455,6552
523.991474,116.666205,53.725117,7.565384,5454,6555
523.991474,116.666205,53.725117,7.592870,5452,6557
523.947840,116.655667,53.682775,7.627226,5449,6559
523.991474,116.664745,53.725454,7.661583,5447,6562
524.035107,116.672646,53.768366,7.682197,5446,6564
524.078740,116.679365,53.811478,7.716554,5444,6567
524.078740,116.679365,53.811478,7.744040,5442,6569
524.166006,116.687747,53.898341,7.771525,5441,6572
524.166006,116.687747,53.898341,7.799011,5439,6574
524.166006,116.687747,53.898341,7.826496,5437,6576
524.122373,116.687298,53.854710,7.860853,5434,6578
524.122373,116.687298,53.854710,7.888339,5432,6580
524.166006,116.685050,53.898286,7.922696,5430,6583
524.166006,116.685050,53.898286,7.950181,5428,6585
524.166006,116.685050,53.898286,7.977667,5426,6587
524.209640,116.678924,53.941487,8.012023,5424,6590
524.209640,116.678924,53.941487,8.039509,5422,6592
524.209640,116.678924,53.941487,8.066994,5420,6594
524.209640,116.678924,53.941487,8.094480,5418,6596
524.209640,116.678924,53.941487,8.135708,5415,6599
524.209640,116.678924,53.941487,8.163194,5413,6601
524.253273,116.665218,53.982912,8.183808,5412,6603
524.253273,116.665218,53.982912,8.197551,5411,6604
524.209640,116.680339,53.941982,8.218165,5409,6605
524.253273,116.664657,53.982700,8.225036,5409,6606
524.515072,116.571408,54.227329,8.211293,5413,6608
524.733239,116.498625,54.432997,8.176936,5418,6608
524.951405,116.431522,54.640587,8.156322,5422,6609
525.038671,116.406111,54.724071,8.142580,5424,6609
525.169571,116.370151,54.849935,8.121965,5427,6609
525.344104,116.323937,55.018238,8.121965,5429,6611
525.387737,116.312528,55.060354,8.115094,5430,6611
525.562270,116.266313,55.228657,8.128837,5431,6614
525.736803,116.216640,55.395972,8.156322,5431,6618
525.867703,116.177235,55.520799,8.163194,5432,6620
525.954969,116.150679,55.603927,8.163194,5433,6621
526.042235,116.124123,55.687055,8.163194,5434,6622
526.129502,116.098139,55.770363,8.149451,5436,6622
526.216768,116.073877,55.854189,8.121965,5439,6621
526.304035,116.051349,55.938498,8.108223,5441,6621
526.391301,116.029982,56.023108,8.094480,5443,6621
526.565834,115.988410,56.192618,8.094480,5445,6623
526.784000,115.934265,56.403958,8.115094,5446,6627
526.958533,115.888051,56.572261,8.128837,5447,6630
527.089433,115.852091,56.698125,8.135708,5448,6632
527.176699,115.827829,56.781951,8.135708,5449,6633
527.351232,115.781615,56.950254,8.108223,5453,6633
527.438499,115.760830,57.035009,8.080737,5456,6632
527.569399,115.732717,57.162854,8.060123,5459,6632
527.700298,115.706364,57.291074,8.053252,5461,6633
527.874831,115.672991,57.462386,8.039509,5464,6634
528.049364,115.639618,57.633699,8.053252,5465,6637
528.354797,115.574023,57.932005,8.087609,5466,6643
528.616596,115.511666,58.186269,8.101351,5468,6647
528.834762,115.457520,58.397610,8.108223,5470,6650
528.878395,115.446691,58.439878,8.101351,5471,6650
528.922029,115.436444,58.482291,8.080737,5473,6649
529.052928,115.408332,58.610136,8.060123,5476,6649
529.314728,115.358272,58.867105,8.032638,5481,6650
529.532894,115.320240,59.081930,8.025766,5484,6652
529.663794,115.298307,59.210980,8.018895,5486,6653
529.838327,115.269655,59.383144,8.018895,5488,6655
530.143759,115.214345,59.683527,8.053252,5489,6661
530.449192,115.152855,59.982706,8.060123,5492,6665
530.710991,115.097509,60.238589,8.073866,5494,6669
530.798258,115.078475,60.323754,8.073866,5495,6670
530.929157,115.050363,60.451599,8.066994,5497,6671
531.016424,115.032501,60.537018,8.053252,5499,6671
531.234590,114.990049,60.751014,8.046380,5502,6673
531.540023,114.932676,61.051010,8.039509,5506,6676
531.758189,114.894644,61.265836,8.018895,5510,6677
531.932722,114.865992,61.438001,8.018895,5512,6679
532.150888,114.830916,61.653329,8.012023,5515,6681
532.369054,114.795840,61.868657,8.018895,5517,6684
532.630853,114.752861,62.126904,8.018895,5520,6687
532.849019,114.716306,62.341986,8.025766,5522,6690
533.067186,114.678275,62.556812,8.032638,5524,6693
533.285352,114.638767,62.771371,8.039509,5526,6696
533.459885,114.606572,62.942909,8.039509,5528,6698
533.590784,114.582868,63.071644,8.032638,5530,6699
533.765317,114.551852,63.243399,8.032638,5532,6701
533.983484,114.513821,63.458225,8.025766,5535,6703
534.158016,114.483986,63.630189,8.025766,5537,6705
534.376183,114.447431,63.845271,8.018895,5540,6707
534.594349,114.412355,64.060599,8.012023,5543,6709
534.856148,114.371152,64.319135,8.012023,5546,6712
535.074314,114.336076,64.534463,8.018895,5548,6715
535.292480,114.299521,64.749545,8.025766,5550,6718
535.510647,114.261489,64.964371,8.032638,5552,6721
535.685180,114.229294,65.135909,8.046380,5553,6724
535.946979,114.179234,65.392877,8.046380,5556,6727
536.077879,114.153763,65.521275,8.053252,5557,6729
536.339678,114.103703,65.778244,8.039509,5561,6731
536.557844,114.062723,65.992527,8.046380,5563,6734
536.732377,114.029350,66.163839,8.046380,5565,6736
537.037810,113.971977,66.463835,8.039509,5569,6739
537.212343,113.939782,66.635373,8.039509,5571,6741
537.474142,113.891489,66.892679,8.039509,5574,6744
537.648675,113.858116,67.063992,8.053252,5575,6747
537.866841,113.815664,67.277988,8.046380,5578,6749
538.128640,113.765605,67.534957,8.046380,5581,6752
538.346807,113.723153,67.748953,8.053252,5583,6755
538.564973,113.680701,67.962949,8.046380,5586,6757
538.783139,113.639721,68.177231,8.039509,5589,6759
539.001305,113.598740,68.391514,8.046380,5591,6762
539.219471,113.557760,68.605797,8.039509,5594,6764
539.394004,113.525565,68.777335,8.039509,5596,6766
539.655804,113.477272,69.034641,8.039509,5599,6769
539.873970,113.436291,69.248924,8.046380,5601,6772
540.092136,113.393839,69.462920,8.053252,5603,6775
540.310302,113.351388,69.676916,8.046380,5606,6777
540.484835,113.318014,69.848229,8.046380,5608,6779
540.746634,113.267955,70.105197,8.046380,5611,6782
540.877534,113.243367,70.233767,8.039509,5613,6783
541.095700,113.203859,70.448326,8.032638,5616,6785
541.313866,113.164352,70.662886,8.039509,5618,6788
541.575666,113.116060,70.920192,8.039509,5621,6791
541.793832,113.075079,71.134475,8.046380,5623,6794
542.011998,113.032627,71.348471,8.053252,5625,6797
542.230164,112.988706,71.562170,8.060123,5627,6800
542.448330,112.944785,71.775870,8.053252,5630,6802
542.622863,112.911412,71.947182,8.039509,5633,6803
542.797396,112.879216,72.118720,8.039509,5635,6805
543.015562,112.839709,72.333279,8.032638,5638,6807
543.190095,112.807514,72.504817,8.046380,5639,6810
543.451895,112.755690,72.761436,8.060123,5641,6814
543.713694,112.702104,73.017692,8.060123,5644,6817
543.931860,112.656715,73.231085,8.066994,5646,6820
544.106393,112.619818,73.401673,8.066994,5648,6822
544.280926,112.584094,73.572511,8.053252,5651,6823
544.499092,112.541642,73.786507,8.046380,5654,6825
544.673625,112.509447,73.958044,8.032638,5657,6826
544.848158,112.479612,74.130008,8.018895,5660,6827
544.935425,112.466470,74.216280,7.991409,5663,6826
545.022691,112.455109,74.302803,7.977667,5665,6826
545.153591,112.440300,74.432863,7.957052,5668,6826
545.240857,112.431918,74.519726,7.943310,5670,6826
545.328124,112.424730,74.606696,7.929567,5672,6826
545.459023,112.416191,74.737317,7.908953,5675,6826
545.502657,112.414243,74.780906,7.888339,5677,6825
545.459023,112.415292,74.737286,7.867725,5678,6823
545.502657,112.415142,74.780919,7.847110,5680,6822
545.415390,112.413344,74.693671,7.819625,5681,6819
545.328124,112.409148,74.606505,7.792139,5682,6816
545.240857,112.402558,74.519488,7.764654,5683,6813
545.109958,112.389537,74.389237,7.744040,5683,6810
545.066324,112.384303,74.345919,7.723426,5684,6808
544.935425,112.365925,74.216316,7.702812,5684,6805
544.804525,112.344880,74.087119,7.682197,5684,6802
544.586359,112.305373,73.872560,7.661583,5683,6798
544.455459,112.279020,73.744340,7.640969,5683,6795
544.280926,112.239782,73.574275,7.613484,5683,6791
544.150026,112.207295,73.447471,7.592870,5683,6788
544.019127,112.172201,73.321364,7.572255,5683,6785
543.975493,112.159639,73.279578,7.551641,5684,6783
543.800961,112.105386,73.113691,7.524156,5684,6779
543.713694,112.076555,73.031325,7.510413,5684,6777
543.626428,112.046596,72.949362,7.496670,5684,6775
543.539161,112.015513,72.867819,7.482928,5684,6773
543.408261,111.966794,72.746323,7.462313,5684,6770
543.364628,111.949723,72.706168,7.441699,5685,6768
543.320995,111.931828,72.666373,7.421085,5686,6766
543.233729,111.894676,72.587410,7.407342,5686,6764
543.190095,111.875425,72.548253,7.386728,5687,6762
543.146462,111.855370,72.509502,7.366114,5688,6760
543.102829,111.834785,72.471030,7.359243,5688,6759
543.102829,111.834785,72.471030,7.331757,5690,6757
543.102829,111.834785,72.471030,7.318015,5691,6756
543.102829,111.834785,72.471030,7.304272,5692,6755
543.059196,111.811607,72.434062,7.283658,5693,6753
543.102829,111.835291,72.470708,7.276786,5694,6753
543.059196,111.811106,72.434391,7.256172,5695,6751
543.102829,111.835788,72.470372,7.249301,5696,6751
543.146462,111.860962,72.506011,7.228687,5698,6750
543.146462,111.860962,72.506011,7.214944,5699,6749
543.190095,111.887346,72.540764,7.194330,5701,6748
543.233729,111.914440,72.574965,7.173716,5703,6747
543.233729,111.914440,72.574965,7.159973,5704,6746
543.277362,111.942693,72.608216,7.139359,5706,6745
543.320995,111.971625,72.640878,7.118745,5708,6744
543.320995,111.971625,72.640878,7.105002,5709,6743
543.364628,112.001663,72.672526,7.084388,5711,6742
543.364628,112.001663,72.672526,7.070645,5712,6741
543.408261,112.032769,72.703124,7.050031,5714,6740
543.451895,112.064500,72.733074,7.029417,5716,6739
543.408261,112.032159,72.703784,7.008803,5717,6737
543.451895,112.065097,72.732401,6.988189,5719,6736
543.495528,112.098618,72.760333,6.967574,5721,6735
543.451895,112.064528,72.733098,6.946960,5722,6733
543.495528,112.099172,72.759625,6.926346,5724,6732
543.539161,112.134356,72.785432,6.905732,5726,6731
543.539161,112.134356,72.785432,6.891989,5727,6730
543.539161,112.134356,72.785432,6.864504,5729,6728
543.539161,112.134356,72.785432,6.850761,5730,6727
543.539161,112.134356,72.785432,6.823276,5732,6725
543.539161,112.134356,72.785432,6.795790,5734,6723
543.539161,112.134356,72.785432,6.782047,5735,6722
543.539161,112.134356,72.785432,6.754562,5737,6720
543.539161,112.134356,72.785432,6.727076,5739,6718
543.539161,112.134356,72.785432,6.713334,5740,6717
543.539161,112.134356,72.785432,6.685848,5742,6715
543.539161,112.134356,72.785432,6.658363,5744,6713
543.539161,112.134356,72.785432,6.630877,5746,6711
543.539161,112.134356,72.785432,6.617134,5747,6710
543.539161,112.134356,72.785432,6.589649,5749,6708
543.582794,112.176089,72.798166,6.569035,5751,6707
543.539161,112.134102,72.786295,6.548421,5752,6705
543.539161,112.134102,72.786295,6.520935,5754,6703
543.582794,112.176611,72.796133,6.500321,5756,6702
543.582794,112.176611,72.796133,6.472835,5758,6700
543.539161,112.133678,72.788350,6.452221,5759,6698
543.626428,112.219894,72.801847,6.424736,5762,6697
543.582794,112.176636,72.796137,6.404122,5763,6695
543.626428,112.220003,72.800954,6.383508,5765,6694
543.626428,112.220003,72.800954,6.369765,5766,6693
543.626428,112.220003,72.800954,6.342279,5768,6691
543.582794,112.176437,72.798527,6.335408,5768,6690
543.670061,112.263551,72.803681,6.349151,5768,6692
543.670061,112.263551,72.803681,6.362893,5767,6693
543.713694,112.307008,72.807603,6.383508,5766,6695
543.713694,112.307008,72.807603,6.383508,5766,6695
543.713694,112.307008,72.807603,6.383508,5766,6695
543.670061,112.263579,72.803383,6.376636,5766,6694
543.670061,112.263579,72.803383,6.376636,5766,6694
543.670061,112.263579,72.803383,6.376636,5766,6694
543.713694,112.307036,72.807305,6.369765,5767,6694
543.670061,112.263553,72.803681,6.362893,5767,6693
543.670061,112.263553,72.803681,6.362893,5767,6693
543.670061,112.263553,72.803681,6.362893,5767,6693
543.670061,112.263553,72.803681,6.362893,5767,6693
543.670061,112.263553,72.803681,6.362893,5767,6693
543.670061,112.263553,72.803681,6.362893,5767,6693
543.670061,112.263553,72.803681,6.362893,5767,6693
543.670061,112.263553,72.803681,6.362893,5767,6693
543.670061,112.263553,72.803681,6.362893,5767,6693
543.670061,112.263553,72.803681,6.362893,5767,6693
543.670061,112.263553,72.803681,6.362893,5767,6693
543.670061,112.263553,72.803681,6.362893,5767,6693
543.670061,112.263553,72.803681,6.362893,5767,6693
543.670061,112.263553,72.803681,6.362893,5767,6693
543.670061,112.263553,72.803681,6.362893,5767,6693
543.670061,112.263553,72.803681,6.362893,5767,6693
543.670061,112.263553,72.803681,6.362893,5767,6693
543.670061,112.263553,72.803681,6.362893,5767,6693
543.670061,112.263553,72.803681,6.362893,5767,6693
543.670061,112.263553,72.803681,6.362893,5767,6693
543.670061,112.263553,72.803681,6.362893,5767,6693
543.670061,112.263553,72.803681,6.362893,5767,6693
543.670061,112.263553,72.803681,6.362893,5767,6693
543.670061,112.263553,72.803681,6.362893,5767,6693
543.670061,112.263553,72.803681,6.362893,5767,6693
543.670061,112.263553,72.803681,6.362893,5767,6693
543.670061,112.263553,72.803681,6.362893,5767,6693
543.670061,112.263553,72.803681,6.362893,5767,6693
543.670061,112.263553,72.803681,6.362893,5767,6693
543.670061,112.263553,72.803681,6.362893,5767,6693
543.670061,112.263553,72.803681,6.362893,5767,6693
543.670061,112.263553,72.803681,6.362893,5767,6693
543.670061,112.263553,72.803681,6.362893,5767,6693
543.670061,112.263553,72.803681,6.362893,5767,6693
543.670061,112.263553,72.803681,6.362893,5767,6693
543.670061,112.263553,72.803681,6.362893,5767,6693
543.670061,112.263553,72.803681,6.362893,5767,6693
543.670061,112.263553,72.803681,6.362893,5767,6693
543.670061,112.263553,72.803681,6.362893,5767,6693
543.670061,112.263553,72.803681,6.362893,5767,6693
543.670061,112.263553,72.803681,6.362893,5767,6693
543.670061,112.263553,72.803681,6.362893,5767,6693
543.670061,112.263553,72.803681,6.362893,5767,6693
543.670061,112.263553,72.803681,6.362893,5767,6693
543.670061,112.263553,72.803681,6.362893,5767,6693
543.670061,112.263553,72.803681,6.362893,5767,6693
543.670061,112.263553,72.803681,6.362893,5767,6693
543.670061,112.263553,72.803681,6.362893,5767,6693
543.670061,112.263553,72.803681,6.362893,5767,6693
543.670061,112.263553,72.803681,6.362893,5767,6693
543.670061,112.263553,72.803681,6.362893,5767,6693
543.670061,112.263553,72.803681,6.362893,5767,6693
543.670061,112.263553,72.803681,6.362893,5767,6693
543.670061,112.263553,72.803681,6.362893,5767,6693
543.670061,112.263553,72.803681,6.362893,5767,6693
543.670061,112.263553,72.803681,6.362893,5767,6693
543.670061,112.263553,72.803681,6.362893,5767,6693
543.670061,112.263553,72.803681,6.362893,5767,6693
543.670061,112.263553,72.803681,6.362893,5767,6693
543.670061,112.263553,72.803681,6.362893,5767,6693
543.670061,112.263553,72.803681,6.362893,5767,6693
543.670061,112.263553,72.803681,6.362893,5767,6693
543.670061,112.263553,72.803681,6.362893,5767,6693
543.670061,112.263553,72.803681,6.362893,5767,6693
543.670061,112.263553,72.803681,6.362893,5767,6693
543.670061,112.263553,72.803681,6.362893,5767,6693
543.670061,112.263553,72.803681,6.362893,5767,6693
543.670061,112.263553,72.803681,6.362893,5767,6693
543.670061,112.263553,72.803681,6.362893,5767,6693
543.670061,112.263553,72.803681,6.362893,5767,6693
543.670061,112.263553,72.803681,6.362893,5767,6693
543.670061,112.263553,72.803681,6.362893,5767,6693
543.670061,112.263553,72.803681,6.362893,5767,6693
543.670061,112.263553,72.803681,6.362893,5767,6693
543.670061,112.263553,72.803681,6.362893,5767,6693
543.670061,112.263553,72.803681,6.362893,5767,6693
543.670061,112.263553,72.803681,6.362893,5767,6693
543.670061,112.263553,72.803681,6.362893,5767,6693
543.670061,112.263553,72.803681,6.362893,5767,6693
543.670061,112.263553,72.803681,6.362893,5767,6693
543.670061,112.263553,72.803681,6.362893,5767,6693
543.670061,112.263553,72.803681,6.362893,5767,6693
543.670061,112.263553,72.803681,6.362893,5767,6693
543.670061,112.263553,72.803681,6.362893,5767,6693
543.670061,112.263553,72.803681,6.362893,5767,6693
543.670061,112.263553,72.803681,6.362893,5767,6693
543.670061,112.263553,72.803681,6.362893,5767,6693
543.670061,112.263553,72.803681,6.362893,5767,6693
543.713694,112.307036,72.807305,6.369765,5767,6694
543.800961,112.393922,72.815448,6.383508,5767,6696
543.888227,112.480687,72.824785,6.397250,5767,6698
543.975493,112.567387,72.834717,6.397250,5768,6699
544.019127,112.610719,72.839832,6.404122,5768,6700
544.062760,112.654051,72.844947,6.397250,5769,6700
544.150026,112.740751,72.854880,6.397250,5770,6701
544.237293,112.827450,72.864812,6.397250,5771,6702
544.368193,112.957447,72.880158,6.404122,5772,6704
544.455459,113.044076,72.890686,6.404122,5773,6705
544.542725,113.130705,72.901214,6.404122,5774,6706
544.673625,113.260594,72.917452,6.410993,5775,6708
544.804525,113.390482,72.933690,6.404122,5777,6709
544.935425,113.520371,72.949929,6.410993,5778,6711
545.066324,113.650145,72.967059,6.417864,5779,6713
545.240857,113.823097,72.990494,6.417864,5781,6715
545.415390,113.996050,73.013929,6.417864,5783,6717
545.589923,114.169002,73.037364,6.417864,5785,6719
545.720823,114.298656,73.055386,6.424736,5786,6721
545.938989,114.514533,73.086906,6.431607,5788,6724
546.157155,114.730410,73.118427,6.424736,5791,6726
546.375321,114.946287,73.149947,6.431607,5793,6729
546.506221,115.075680,73.169749,6.438479,5794,6731
546.680754,115.248113,73.196744,6.438479,5796,6733
546.942553,115.507034,73.235458,6.424736,5800,6735
547.204353,115.766215,73.272392,6.424736,5803,6738
547.378886,115.939002,73.297015,6.424736,5805,6740
547.597052,116.154879,73.328535,6.431607,5807,6743
547.771585,116.327493,73.354345,6.431607,5809,6745
548.033384,116.586674,73.391279,6.417864,5813,6747
548.207917,116.759627,73.414714,6.417864,5815,6749
548.382450,116.932579,73.438149,6.417864,5817,6751
548.556983,117.105532,73.461584,6.417864,5819,6753
548.818782,117.364960,73.496736,6.417864,5822,6756
549.036948,117.581250,73.525287,6.410993,5825,6758
549.211481,117.754360,73.547533,6.410993,5827,6760
549.429647,117.970841,73.574597,6.404122,5830,6762
549.560547,118.100838,73.589942,6.397250,5832,6763
549.735080,118.274237,73.609807,6.397250,5834,6765
549.996879,118.534335,73.639605,6.397250,5837,6768
550.215046,118.751167,73.663691,6.390379,5840,6770
550.433212,118.968000,73.687777,6.397250,5842,6773
550.607745,119.141398,73.707642,6.397250,5844,6775
550.825911,119.358231,73.731729,6.390379,5847,6777
551.000444,119.531762,73.750402,6.390379,5849,6779
551.174977,119.705293,73.769075,6.390379,5851,6781
551.436776,119.965590,73.797084,6.390379,5854,6784
551.611309,120.139121,73.815757,6.390379,5856,6786
551.829475,120.355953,73.839843,6.397250,5858,6789
552.004008,120.529352,73.859708,6.397250,5860,6791
552.178541,120.702751,73.879573,6.397250,5862,6793
552.396707,120.919413,73.905149,6.404122,5864,6796
552.571240,121.092671,73.926205,6.404122,5866,6798
552.789406,121.309333,73.951781,6.397250,5869,6800
553.007572,121.525995,73.977356,6.404122,5871,6803
553.182105,121.699253,73.998412,6.404122,5873,6805
553.400271,121.915915,74.023988,6.397250,5876,6807
553.618438,122.132576,74.049564,6.404122,5878,6810
553.792971,122.305835,74.070620,6.404122,5880,6812
554.054770,122.565722,74.102204,6.404122,5883,6815
554.229303,122.738980,74.123260,6.404122,5885,6817
554.403836,122.912238,74.144316,6.404122,5887,6819
554.622002,123.128719,74.171379,6.410993,5889,6822
554.796535,123.301829,74.193625,6.410993,5891,6824
554.971068,123.474938,74.215871,6.410993,5893,6826
555.189234,123.691419,74.242935,6.404122,5896,6828
555.363767,123.864677,74.263991,6.404122,5898,6830
555.581933,124.081158,74.291055,6.410993,5900,6833
555.843732,124.340822,74.324424,6.410993,5903,6836
556.061899,124.557112,74.352975,6.417864,5905,6839
556.280065,124.773402,74.381526,6.410993,5908,6841
556.410964,124.903176,74.398656,6.417864,5909,6843
556.629131,125.119466,74.427207,6.410993,5912,6845
556.803663,125.292575,74.449453,6.410993,5914,6847
556.978196,125.465685,74.471699,6.410993,5916,6849
557.196363,125.681974,74.500249,6.417864,5918,6852
557.414529,125.898264,74.528800,6.410993,5921,6854
557.632695,126.114745,74.555864,6.404122,5924,6856
557.807228,126.288004,74.576920,6.404122,5926,6858
558.069027,126.548102,74.606717,6.390379,5930,6860
558.287193,126.765095,74.629313,6.383508,5933,6862
558.461726,126.938866,74.645600,6.369765,5936,6863
558.723526,127.199834,74.666445,6.356022,5940,6865
558.941692,127.417475,74.681574,6.349151,5943,6867
559.203491,127.678817,74.697036,6.335408,5947,6869
559.421657,127.896724,74.707675,6.328537,5950,6871
559.683457,128.158254,74.719544,6.328537,5953,6874
559.857990,128.332658,74.726258,6.314794,5956,6875
560.076156,128.550738,74.732404,6.307922,5959,6877
560.294322,128.768881,74.735552,6.287308,5963,6878
560.512488,128.987047,74.735702,6.280437,5966,6880
560.730654,129.205209,74.734353,6.273565,5969,6882
560.948820,129.423357,74.731505,6.266694,5972,6884
561.166987,129.641479,74.727157,6.259823,5975,6886
561.385153,129.859567,74.721312,6.252951,5978,6888
561.646952,130.121187,74.711600,6.239209,5982,6890
561.865118,130.339108,74.701260,6.232337,5985,6892
562.039651,130.513350,74.691192,6.218594,5988,6893
562.301451,130.774603,74.674293,6.218594,5991,6896
562.519617,130.992158,74.657969,6.197980,5995,6897
562.737783,131.209467,74.638655,6.191109,5998,6899
562.955949,131.426777,74.619342,6.197980,6000,6902
563.217748,131.687467,74.595271,6.184238,6004,6904
563.392281,131.861147,74.578029,6.184238,6006,6906
563.654081,132.121482,74.550378,6.170495,6010,6908
563.872247,132.338178,74.525100,6.163623,6013,6910
564.134046,132.598109,74.493873,6.163623,6016,6913
564.352213,132.814627,74.467107,6.156752,6019,6915
564.570379,133.030956,74.438853,6.149881,6022,6917
564.875811,133.333537,74.397219,6.143009,6026,6920
565.137611,133.592769,74.360641,6.143009,6029,6923
565.443043,133.895350,74.319006,6.149881,6032,6927
565.792109,134.241630,74.274990,6.163623,6035,6932
566.053909,134.501769,74.245550,6.177366,6037,6936
566.359341,134.805602,74.214333,6.184238,6040,6940
566.621141,135.066293,74.190262,6.197980,6042,6944
566.882940,135.327289,74.169775,6.211723,6044,6948
567.101106,135.544951,74.154945,6.218594,6046,6951
567.362905,135.806314,74.139843,6.232337,6048,6955
567.581072,136.024235,74.129503,6.239209,6050,6958
567.755605,136.198648,74.123028,6.252951,6051,6961
567.973771,136.416690,74.115684,6.246080,6054,6963
568.148304,136.591144,74.110408,6.259823,6055,6966
568.410103,136.852871,74.104292,6.259823,6058,6969
568.802802,137.245430,74.093770,6.252951,6063,6973
569.020968,137.463472,74.086426,6.246080,6066,6975
569.282768,137.725152,74.078512,6.259823,6068,6979
569.588200,138.030524,74.072426,6.266694,6071,6983
569.893633,138.335930,74.068438,6.273565,6074,6987
570.111799,138.554092,74.067089,6.280437,6076,6990
570.329965,138.772258,74.067239,6.287308,6078,6993
570.591765,139.034056,74.068319,6.287308,6081,6996
570.853564,139.295853,74.069398,6.287308,6084,6999
571.028097,139.470384,74.070118,6.287308,6086,7001
571.289896,139.732181,74.071197,6.287308,6089,7004
571.551696,139.993979,74.072276,6.287308,6092,7007
571.813495,140.255776,74.073356,6.287308,6095,7010
572.031661,140.473936,74.075005,6.294180,6097,7013
572.380727,140.822980,74.078842,6.294180,6101,7017
572.555260,140.997485,74.081960,6.307922,6102,7020
572.817059,141.259205,74.088436,6.307922,6105,7023
573.035226,141.477321,74.093083,6.301051,6108,7025
573.297025,141.739079,74.097760,6.301051,6111,7028
573.558824,142.000837,74.102437,6.301051,6114,7031
573.689724,142.131707,74.105225,6.307922,6115,7033
573.995157,142.437107,74.109632,6.287308,6120,7035
574.300589,142.742531,74.111941,6.294180,6123,7039
574.562389,143.004315,74.114819,6.294180,6126,7042
574.824188,143.266099,74.117697,6.294180,6129,7045
575.085987,143.527882,74.120575,6.294180,6132,7048
575.347787,143.789640,74.125252,6.307922,6134,7052
575.609586,144.051359,74.131728,6.307922,6137,7055
575.871386,144.313078,74.138203,6.307922,6140,7058
576.089552,144.531195,74.142850,6.301051,6143,7060
576.351351,144.792914,74.149326,6.314794,6145,7064
576.613151,145.054583,74.157599,6.314794,6148,7067
576.831317,145.272662,74.163745,6.307922,6151,7069
577.093116,145.534382,74.170220,6.307922,6154,7072
577.398549,145.839693,74.178824,6.314794,6157,7076
577.660348,146.101362,74.187098,6.314794,6160,7079
577.922148,146.363030,74.195371,6.314794,6163,7082
578.140314,146.581063,74.203015,6.321665,6165,7085
578.445746,146.886227,74.215814,6.328536,6168,7089
578.751179,147.191391,74.228613,6.321665,6172,7092
579.012978,147.452997,74.238684,6.321665,6175,7095
579.231145,147.670971,74.247826,6.328536,6177,7098
579.536577,147.976041,74.262721,6.335408,6180,7102
579.754743,148.193869,74.274858,6.342279,6182,7105
580.060176,148.498829,74.291849,6.335408,6186,7108
580.365609,148.803788,74.308840,6.342279,6189,7112
580.627408,149.065131,74.324301,6.342279,6192,7115
580.889207,149.326473,74.339763,6.342279,6195,7118
581.194640,149.631309,74.358849,6.349151,6198,7122
581.456439,149.892539,74.376107,6.349151,6201,7125
581.761872,150.197236,74.397287,6.356022,6204,7129
582.067305,150.501781,74.420560,6.362893,6207,7133
582.241837,150.675760,74.434457,6.362893,6209,7135
582.503637,150.936728,74.455303,6.362893,6212,7138
582.809069,151.241105,74.480668,6.369765,6215,7142
583.070869,151.501924,74.503306,6.369765,6218,7145
583.289035,151.719337,74.521425,6.362893,6221,7147
583.550834,151.980305,74.542270,6.362893,6224,7150
583.856267,152.284682,74.567636,6.369765,6227,7154
584.118066,152.545501,74.590274,6.369765,6230,7157
584.379866,152.806320,74.612912,6.369765,6233,7160
584.685298,153.110697,74.638277,6.362893,6237,7163
584.903465,153.328229,74.654901,6.356022,6240,7165
585.208897,153.633065,74.673988,6.335408,6245,7167
585.427063,153.851039,74.683129,6.314794,6249,7168
585.645230,154.069156,74.687776,6.294180,6253,7169
585.950662,154.374580,74.690085,6.287308,6257,7172
586.212462,154.636378,74.689365,6.273565,6261,7174
586.648794,155.072691,74.685168,6.273565,6266,7179
586.866960,155.290838,74.682320,6.266694,6269,7181
587.128759,155.552602,74.678003,6.266694,6272,7184
587.521458,155.945267,74.672876,6.273565,6276,7189
587.783258,156.207055,74.670357,6.273565,6279,7192
588.088690,156.512482,74.668469,6.280437,6282,7196
588.350490,156.774280,74.667749,6.280437,6285,7199
588.568656,156.992442,74.666400,6.273565,6288,7201
588.786822,157.210590,74.663552,6.266694,6291,7203
588.961355,157.385099,74.660674,6.266694,6293,7205
589.179521,157.603222,74.656326,6.259823,6296,7207
589.397687,157.821344,74.651979,6.266694,6298,7210
589.703120,158.126771,74.650091,6.287308,6300,7215
589.921286,158.344915,74.653239,6.307922,6301,7219
590.095819,158.519318,74.659953,6.335408,6301,7223
590.270352,158.693472,74.671458,6.362893,6301,7227
590.488518,158.910755,74.691069,6.383507,6302,7231
590.663051,159.084153,74.710934,6.410993,6302,7235
590.793951,159.213806,74.728956,6.431607,6302,7238
590.968484,159.386049,74.757135,6.459093,6302,7242
591.186650,159.600161,74.798999,6.493449,6302,7247
591.361183,159.770334,74.837769,6.520935,6302,7251
591.448449,159.854855,74.859485,6.548420,6301,7254
591.666615,160.064379,74.920283,6.582777,6301,7259
591.797515,160.188766,74.961058,6.617134,6300,7263
591.972048,160.352442,75.021652,6.658362,6299,7268
592.102948,160.473395,75.071704,6.692719,6298,7272
592.321114,160.671998,75.161999,6.727076,6298,7277
592.408380,160.750018,75.201092,6.768304,6296,7281
592.582913,160.902703,75.285645,6.809533,6295,7286
592.801079,161.089430,75.398471,6.843890,6295,7291
592.975612,161.235294,75.494311,6.885118,6294,7296
593.019246,161.271001,75.519388,6.905732,6293,7298
593.324678,161.514779,75.703403,6.953832,6293,7305
593.499211,161.650008,75.813742,6.981317,6293,7309
593.542844,161.683142,75.842132,7.001931,6292,7311
593.848277,161.908118,76.048711,7.050031,6292,7318
594.022810,162.032124,76.171530,7.077516,6292,7322
594.240976,162.182310,76.329772,7.111873,6292,7327
594.415509,162.298488,76.460019,7.139359,6292,7331
594.633675,162.438608,76.627240,7.173716,6292,7336
594.808208,162.546514,76.764419,7.201201,6292,7340
595.026374,162.677234,76.939087,7.221815,6293,7344
595.200907,162.778420,77.081295,7.249301,6293,7348
595.375440,162.875659,77.226230,7.276786,6293,7352
595.506340,162.946711,77.336168,7.283658,6294,7354
595.811772,163.105385,77.597150,7.331757,6294,7361
595.986305,163.190357,77.749602,7.359243,6294,7365
596.160838,163.272168,77.903773,7.372985,6295,7368
596.379004,163.369768,78.098890,7.407342,6295,7373
596.640804,163.479593,78.336540,7.434828,6296,7378
596.858970,163.566326,78.536725,7.455442,6297,7382
597.033503,163.631840,78.698495,7.482928,6297,7386
597.251669,163.708847,78.902618,7.503542,6298,7390
597.469835,163.780215,79.108781,7.537899,6298,7395
597.644368,163.832183,79.275397,7.565384,6298,7399
597.906167,163.903237,79.527370,7.592870,6299,7404
597.993434,163.925186,79.611831,7.606612,6299,7406
598.298866,163.992829,79.909679,7.654712,6299,7413
598.560666,164.041122,80.166986,7.682197,6300,7418
598.647932,164.055448,80.253069,7.695940,6300,7420
598.953365,164.096251,80.555763,7.744040,6300,7427
599.171531,164.116460,80.772992,7.778397,6300,7432
599.302431,164.124999,80.903612,7.799011,6300,7435
599.651497,164.134592,81.252546,7.853982,6300,7443
599.913296,164.129196,81.514290,7.895210,6300,7449
599.956929,164.126948,81.557866,7.915824,6299,7451
600.349628,164.090572,81.948876,7.977667,6299,7460
600.567795,164.059942,82.164881,8.012023,6299,7465
600.698694,164.038009,82.293931,8.032638,6299,7468
600.916860,163.994088,82.507630,8.080737,6298,7474
601.135027,163.941396,82.719337,8.115094,6298,7479
601.353193,163.881463,82.929110,8.149451,6298,7484
601.440459,163.855479,83.012418,8.163194,6298,7486
601.789525,163.740157,83.341884,8.218165,6298,7494
601.964058,163.675756,83.504101,8.245650,6298,7498
602.051324,163.641890,83.584528,8.259393,6298,7500
602.400390,163.497637,83.902393,8.300621,6299,7507
602.574923,163.420093,84.058754,8.328107,6299,7511
602.618556,163.400039,84.097505,8.334978,6299,7512
602.923989,163.254096,84.365814,8.369335,6300,7518
603.054889,163.188413,84.479042,8.389949,6300,7521
603.229422,163.099284,84.629101,8.389949,6302,7523
603.447588,162.985945,84.815516,8.410563,6303,7527
603.665754,162.871327,85.001149,8.403692,6306,7529
603.796654,162.804094,85.113463,8.383078,6309,7529
603.971187,162.717036,85.264732,8.369335,6312,7530
604.232986,162.589578,85.493410,8.355592,6316,7532
604.363886,162.527823,85.608827,8.334978,6319,7532
604.494785,162.468460,85.725492,8.314364,6322,7532
604.669318,162.391993,85.882382,8.300621,6325,7533
604.887484,162.298435,86.079469,8.293750,6328,7535
605.105651,162.206234,86.277195,8.286878,6331,7537
605.280183,162.134108,86.436128,8.273136,6334,7538
605.411083,162.081244,86.555878,8.266264,6336,7539
605.541983,162.029205,86.675989,8.259393,6338,7540
605.716516,161.961473,86.836844,8.245650,6341,7541
605.891049,161.894849,86.998160,8.245650,6343,7543
606.109215,161.810875,87.199518,8.252522,6345,7546
606.196481,161.777563,87.280176,8.238779,6347,7546
606.283748,161.744806,87.361061,8.238779,6348,7547
606.414647,161.696087,87.482556,8.231907,6350,7548
606.545547,161.649042,87.604710,8.211293,6353,7548
606.589180,161.633922,87.645640,8.204422,6354,7548
606.720080,161.589405,87.768737,8.197551,6356,7549
606.850980,161.545735,87.892138,8.190679,6358,7550
606.894613,161.531462,87.933370,8.183808,6359,7550
607.069146,161.474934,88.098496,8.183808,6361,7552
607.200046,161.432964,88.222485,8.176936,6363,7553
607.330945,161.391848,88.346759,8.170065,6365,7554
607.505478,161.337595,88.512646,8.170065,6367,7556
607.636378,161.297333,88.637200,8.163194,6369,7557
607.723644,161.271349,88.720508,8.149451,6371,7557
607.941811,161.207104,88.929000,8.156322,6373,7560
608.029077,161.181693,89.012485,8.142580,6375,7560
608.159977,161.144869,89.138099,8.135708,6377,7561
608.290876,161.108910,89.263962,8.128837,6379,7562
608.421776,161.073816,89.390070,8.121965,6381,7563
608.596309,161.028759,89.558687,8.108223,6384,7564
608.727209,160.996272,89.685491,8.101351,6386,7565
608.901742,160.953537,89.854711,8.101351,6388,7567
608.989008,160.932751,89.939466,8.087609,6390,7567
609.163541,160.892345,90.109257,8.087609,6392,7569
609.381707,160.841109,90.321322,8.094480,6394,7572
609.468974,160.820906,90.406217,8.080737,6396,7572
609.643507,160.781668,90.576282,8.080737,6398,7574
609.818040,160.742430,90.746348,8.080737,6400,7576
609.905306,160.723396,90.831513,8.066994,6402,7576
610.036206,160.696163,90.959548,8.060123,6404,7577
610.254372,160.652242,91.173248,8.053252,6407,7579
610.428905,160.617692,91.344327,8.053252,6409,7581
610.516171,160.601006,91.429983,8.039509,6411,7581
610.690704,160.568810,91.601521,8.039509,6413,7583
610.865237,160.536615,91.773059,8.039509,6415,7585
610.996137,160.513796,91.901954,8.018895,6418,7585
611.170670,160.485144,92.074119,8.018895,6420,7587
611.345203,160.456491,92.246284,8.018895,6422,7589
611.519736,160.427839,92.418449,8.018895,6424,7591
611.650635,160.406793,92.547646,8.012023,6426,7592
611.825168,160.379324,92.720003,8.012023,6428,7594
612.043334,160.345729,92.935567,8.005152,6431,7596
612.086968,160.339306,92.978725,7.998281,6432,7596
612.305134,160.308676,93.194731,7.991409,6435,7598
612.479667,160.284766,93.367618,7.991409,6437,7600
612.654200,160.260855,93.540505,7.991409,6439,7602
612.828732,160.238134,93.713553,7.977667,6442,7603
613.046899,160.211963,93.930144,7.970795,6445,7605
613.177798,160.196260,94.060098,7.977667,6446,7607
613.308698,160.180557,94.190052,7.970795,6448,7608
613.483231,160.160216,94.363396,7.970795,6450,7610
613.701397,160.134045,94.579987,7.977667,6452,7613
613.788664,160.123874,94.666658,7.963924,6454,7613
614.006830,160.099192,94.883424,7.970795,6456,7616
614.094096,160.089021,94.970096,7.970795,6457,7617
614.312262,160.062850,95.186686,7.977667,6459,7620
614.443162,160.048041,95.316746,7.957052,6462,7620
614.617695,160.030083,95.490352,7.957052,6464,7622
614.792228,160.012126,95.663959,7.957052,6466,7624
614.966761,159.995362,95.837685,7.943310,6469,7625
615.097660,159.983236,95.968022,7.950181,6470,7627
615.315827,159.961535,96.185106,7.957052,6472,7630
615.490360,159.943578,96.358713,7.957052,6474,7632
615.664892,159.925620,96.532319,7.957052,6476,7634
615.883059,159.902428,96.749249,7.963924,6478,7637
616.013958,159.887619,96.879308,7.970795,6479,7639
616.101225,159.878044,96.966048,7.957052,6481,7639
616.319391,159.856343,97.183132,7.950181,6484,7641
616.537557,159.836134,97.400360,7.943310,6487,7643
616.755723,159.817418,97.617722,7.936438,6490,7645
616.886623,159.807085,97.748214,7.929567,6492,7646
617.061156,159.793906,97.922248,7.929567,6494,7648
617.279322,159.776684,98.139733,7.936438,6496,7651
617.453855,159.762309,98.313673,7.936438,6498,7653
617.672021,159.742100,98.530902,7.957052,6499,7657
618.021087,159.701417,98.877589,7.984538,6501,7663
618.151987,159.684822,99.007432,7.977667,6503,7664
618.282886,159.668226,99.137275,7.984538,6504,7666
618.457419,159.645505,99.310323,7.984538,6506,7668
618.588319,159.629802,99.440277,7.963924,6509,7668
618.762852,159.610652,99.613757,7.963924,6511,7670
618.981018,159.587460,99.830687,7.957052,6514,7672
619.199184,159.564268,100.047617,7.963924,6516,7675
619.373717,159.546310,100.221223,7.950181,6519,7676
619.591883,159.524609,100.438307,7.957052,6521,7679
619.853683,159.495885,100.698526,7.970795,6523,7683
619.984582,159.481075,100.828585,7.963924,6525,7684
620.159115,159.461925,101.002065,7.963924,6527,7686
620.377281,159.438733,101.218994,7.957052,6530,7688
620.551814,159.420776,101.392601,7.957052,6532,7690
620.726347,159.402818,101.566208,7.957052,6534,7692
620.944513,159.381117,101.783292,7.950181,6537,7694
621.075413,159.368097,101.913542,7.957052,6538,7696
621.293579,159.344904,102.130472,7.963924,6540,7699
621.424479,159.330095,102.260532,7.970795,6541,7701
621.686278,159.301370,102.520750,7.957052,6545,7703
621.904445,159.279669,102.737835,7.950181,6548,7705
622.078977,159.262905,102.911561,7.950181,6550,7707
622.253510,159.246141,103.085287,7.950181,6552,7709
622.428043,159.228184,103.258893,7.963924,6553,7712
622.646209,159.204991,103.475823,7.957052,6556,7714
622.908009,159.178055,103.736233,7.957052,6559,7717
623.082542,159.160098,103.909840,7.957052,6561,7719
623.300708,159.138397,104.126924,7.950181,6564,7721
623.475241,159.121633,104.300650,7.950181,6566,7723
623.606141,159.108612,104.430900,7.957052,6567,7725
623.867940,159.081676,104.691310,7.957052,6570,7728
624.042473,159.063719,104.864917,7.957052,6572,7730
624.217006,159.045761,105.038524,7.957052,6574,7732
624.435172,159.024060,105.255608,7.950181,6577,7734
624.609705,159.007296,105.429334,7.950181,6579,7736
624.784238,158.990532,105.603060,7.950181,6581,7738
625.002404,158.968831,105.820144,7.957052,6583,7741
625.176937,158.950874,105.993751,7.957052,6585,7743
625.351470,158.932916,106.167357,7.957052,6587,7745
625.613269,158.905980,106.427767,7.957052,6590,7748
625.831435,158.884279,106.644851,7.950181,6593,7750
626.005968,158.867515,106.818577,7.950181,6595,7752
626.224134,158.845814,107.035662,7.957052,6597,7755
626.442301,158.824113,107.252746,7.950181,6600,7757
626.616833,158.807349,107.426472,7.950181,6602,7759
626.835000,158.785648,107.643556,7.957052,6604,7762
627.053166,158.763947,107.860640,7.950181,6607,7764
627.271332,158.742246,108.077724,7.957052,6609,7767
627.445865,158.724288,108.251331,7.957052,6611,7769
627.664031,158.702587,108.468415,7.950181,6614,7771
627.882197,158.680886,108.685499,7.957052,6616,7774
628.056730,158.662929,108.859106,7.957052,6618,7776
628.318530,158.635993,109.119516,7.957052,6621,7779
628.493062,158.618035,109.293123,7.957052,6623,7781
628.754862,158.591099,109.553533,7.957052,6626,7784
628.929395,158.573142,109.727139,7.957052,6628,7786
629.191194,158.546206,109.987549,7.957052,6631,7789
629.365727,158.528248,110.161156,7.957052,6633,7791
629.583893,158.505056,110.378086,7.963924,6635,7794
629.802059,158.481864,110.595016,7.957052,6638,7796
630.020226,158.458672,110.811946,7.963924,6640,7799
630.238392,158.433989,111.028711,7.970795,6642,7802
630.456558,158.409307,111.245477,7.963924,6645,7804
630.674724,158.384625,111.462242,7.970795,6647,7807
630.936523,158.354113,111.722257,7.970795,6650,7810
631.111056,158.333771,111.895601,7.970795,6652,7812
631.372856,158.303259,112.155616,7.970795,6655,7815
631.547389,158.282917,112.328959,7.970795,6657,7817
631.809188,158.252405,112.588975,7.970795,6660,7820
632.070987,158.221893,112.848990,7.970795,6663,7823
632.245520,158.201552,113.022333,7.970795,6665,7825
632.507320,158.171039,113.282349,7.970795,6668,7828
632.769119,158.140527,113.542364,7.970795,6671,7831
632.943652,158.120186,113.715707,7.970795,6673,7833
633.205451,158.089674,113.975723,7.970795,6676,7836
633.423618,158.063502,114.192313,7.977667,6678,7839
633.641784,158.037331,114.408904,7.970795,6681,7841
633.903583,158.006819,114.668919,7.970795,6684,7844
634.078116,157.986478,114.842263,7.970795,6686,7846
634.339915,157.955965,115.102278,7.970795,6689,7849
634.558082,157.929794,115.318869,7.977667,6691,7852
634.819881,157.897496,115.578668,7.977667,6694,7855
634.994414,157.875964,115.751868,7.977667,6696,7857
635.212580,157.849793,115.968459,7.970795,6699,7859
635.474379,157.819281,116.228474,7.970795,6702,7862
635.648912,157.798939,116.401817,7.970795,6704,7864
635.910712,157.768427,116.661833,7.970795,6707,7867
636.085245,157.748086,116.835176,7.970795,6709,7869
636.390677,157.713530,117.138648,7.963924,6713,7872
636.608844,157.688848,117.355413,7.970795,6715,7875
636.783376,157.668507,117.528757,7.970795,6717,7877
636.957909,157.648165,117.702100,7.970795,6719,7879
637.176076,157.621994,117.918691,7.977667,6721,7882
637.394242,157.595823,118.135282,7.970795,6724,7884
637.612408,157.569652,118.351872,7.977667,6726,7887
637.786941,157.548120,118.525072,7.977667,6728,7889
638.005107,157.520461,118.741478,7.984538,6730,7892
638.179640,157.498929,118.914677,7.970795,6733,7893
638.397806,157.474247,119.131443,7.963924,6736,7895
638.659605,157.447311,119.391853,7.950181,6740,7897
638.877772,157.430089,119.609338,7.915824,6745,7897
639.008671,157.423346,119.740064,7.895210,6748,7897
639.226837,157.416601,119.958126,7.874596,6752,7898
639.401370,157.414202,120.132642,7.860853,6755,7899
639.575903,157.415402,120.307171,7.833368,6759,7899
639.750436,157.420198,120.481638,7.819625,6762,7900
639.968602,157.429939,120.699587,7.799011,6766,7901
640.230402,157.446119,120.960886,7.785268,6770,7903
640.404935,157.459299,121.134920,7.771525,6773,7904
640.754000,157.485658,121.482989,7.785268,6776,7909
641.190333,157.515616,121.918292,7.785268,6781,7914
641.495765,157.529253,122.223420,7.833368,6781,7921
641.713932,157.531502,122.441575,7.853982,6782,7925
641.888464,157.529103,122.616091,7.881467,6782,7929
642.062997,157.521910,122.790476,7.908953,6782,7933
642.281163,157.506183,123.008074,7.943310,6782,7938
642.455696,157.488225,123.181681,7.970795,6782,7942
642.455696,157.488225,123.181681,7.984538,6781,7943
642.455696,157.488225,123.181681,7.984538,6781,7943
642.542963,157.476864,123.268205,7.984538,6782,7944
642.848395,157.442309,123.571676,7.950181,6788,7945
643.153828,157.420292,123.876314,7.902081,6795,7945
643.328361,157.414296,124.050744,7.874596,6799,7945
643.502894,157.410699,124.225240,7.874596,6801,7947
643.590160,157.408900,124.312488,7.874596,6802,7948
643.808327,157.402155,124.530550,7.895210,6803,7952
643.982859,157.392566,124.704819,7.922696,6803,7956
644.244659,157.371003,124.965729,7.950181,6804,7961
644.462825,157.344832,125.182320,7.998281,6803,7967
644.506458,157.338409,125.225478,8.005152,6803,7968
644.550092,157.331690,125.268591,8.012023,6803,7969
644.637358,157.318548,125.354862,7.998281,6805,7969
644.768258,157.299280,125.484336,8.005152,6806,7971
645.030057,157.265197,125.743907,7.963924,6812,7971
645.291856,157.240051,126.004496,7.936438,6817,7972
645.510023,157.225820,126.222197,7.902081,6822,7972
645.553656,157.223572,126.265773,7.908953,6822,7973
645.728189,157.213983,126.440042,7.908953,6824,7975
645.859088,157.206342,126.570718,7.915824,6825,7977
646.120888,157.186572,126.831770,7.943310,6826,7982
646.382687,157.157848,127.091989,7.984538,6826,7988
646.644487,157.118422,127.350803,8.025766,6826,7994
646.775386,157.094718,127.479538,8.046380,6826,7997
646.906286,157.069246,127.607936,8.053252,6827,7999
646.993552,157.052560,127.693592,8.039509,6829,7999
647.211719,157.013053,127.908152,8.032638,6832,8001
647.429885,156.977977,128.123480,7.998281,6837,8001
647.735317,156.937174,128.426174,7.977667,6842,8003
647.778951,156.931939,128.469493,7.970795,6843,8003
647.909850,156.917130,128.599552,7.963924,6845,8004
648.084383,156.896789,128.772895,7.977667,6846,8007
648.389816,156.853907,129.075303,8.012023,6847,8013
648.564349,156.822891,129.247058,8.053252,6846,8018
648.738882,156.784822,129.417388,8.094480,6845,8023
648.869781,156.752335,129.544192,8.115094,6845,8026
649.087948,156.696739,129.755156,8.108223,6848,8028
649.175214,156.674790,129.839617,8.108223,6849,8029
649.306114,156.642303,129.966421,8.101351,6851,8030
649.524280,156.589611,130.178129,8.094480,6854,8032
649.829713,156.524016,130.476434,8.046380,6861,8032
650.047879,156.484509,130.690994,8.025766,6865,8033
650.222412,156.454674,130.862958,8.025766,6867,8035
650.353311,156.431855,130.991853,8.032638,6868,8037
650.571477,156.392348,131.206412,8.039509,6870,8040
650.876910,156.330858,131.505591,8.073866,6871,8046
651.095076,156.278166,131.717299,8.121965,6870,8052
651.313242,156.215356,131.926228,8.170065,6869,8058
651.531409,156.143988,132.132391,8.204422,6869,8063
651.749575,156.071205,132.338058,8.183808,6873,8064
651.836841,156.043509,132.420813,8.170065,6875,8064
652.011374,155.989256,132.586700,8.170065,6877,8066
652.142274,155.950710,132.711795,8.135708,6881,8065
652.447706,155.870847,133.006602,8.101351,6887,8066
652.753139,155.801159,133.303978,8.066994,6893,8067
652.840405,155.782710,133.389272,8.066994,6894,8068
653.014938,155.745813,133.559860,8.066994,6896,8070
653.145838,155.717700,133.687706,8.073866,6897,8072
653.189471,155.708330,133.730321,8.066994,6898,8072
653.276738,155.689881,133.815615,8.066994,6899,8073
653.233105,155.699252,133.773000,8.073866,6898,8073
653.189471,155.708915,133.730450,8.080737,6897,8073
653.189471,155.708915,133.730450,8.080737,6897,8073
653.189471,155.708915,133.730450,8.080737,6897,8073
653.189471,155.708915,133.730450,8.080737,6897,8073
653.189471,155.708915,133.730450,8.080737,6897,8073
653.145838,155.718579,133.687900,8.073866,6897,8072
653.145838,155.718579,133.687900,8.073866,6897,8072
653.145838,155.718579,133.687900,8.073866,6897,8072
653.145838,155.718579,133.687900,8.073866,6897,8072
653.102205,155.728242,133.645351,8.080737,6896,8072
653.058572,155.737905,133.602801,8.073866,6896,8071
652.927672,155.766018,133.474956,8.066994,6895,8069
652.840405,155.784466,133.389662,8.066994,6894,8068
652.796772,155.793544,133.346983,8.060123,6894,8067
652.753139,155.802622,133.304305,8.066994,6893,8067
652.578606,155.840690,133.133974,8.080737,6890,8066
652.491340,155.860309,133.048941,8.080737,6889,8065
652.491340,155.860309,133.048941,8.080737,6889,8065
652.404073,155.879928,132.963909,8.080737,6888,8064
652.273173,155.908918,132.836260,8.073866,6887,8062
652.229540,155.918289,132.793645,8.066994,6887,8061
652.185907,155.927660,132.751030,8.073866,6886,8061
652.055007,155.955772,132.623184,8.066994,6885,8059
651.967741,155.974807,132.538019,8.080737,6883,8059
651.880474,155.994426,132.452986,8.080737,6882,8058
651.793208,156.014045,132.367954,8.080737,6881,8057
651.662308,156.043035,132.240305,8.073866,6880,8055
651.575042,156.062069,132.155139,8.073866,6879,8054
651.444142,156.090181,132.027294,8.066994,6878,8052
651.313242,156.118294,131.899449,8.073866,6876,8051
651.182343,156.146406,131.771603,8.066994,6875,8049
651.051443,156.174518,131.643758,8.073866,6873,8048
650.920543,156.203508,131.516109,8.080737,6871,8047
650.789644,156.232498,131.388460,8.073866,6870,8045
650.658744,156.261489,131.260811,8.080737,6868,8044
650.571477,156.281108,131.175778,8.080737,6867,8043
650.396945,156.320346,131.005713,8.080737,6865,8041
650.309678,156.339965,130.920681,8.080737,6864,8040
650.178778,156.368955,130.793031,8.073866,6863,8038
650.091512,156.387989,130.707866,8.073866,6862,8037
650.004245,156.407023,130.622701,8.073866,6861,8036
649.829713,156.445092,130.452370,8.073866,6859,8034
649.698813,156.474082,130.324721,8.080737,6857,8033
649.611546,156.493701,130.239688,8.080737,6856,8032
649.437013,156.532939,130.069623,8.080737,6854,8030
649.349747,156.552558,129.984591,8.080737,6853,8029
649.218847,156.581548,129.856942,8.073866,6852,8027
649.087948,156.609660,129.729096,8.066994,6851,8025
649.000681,156.628109,129.643802,8.066994,6850,8024
648.826148,156.665006,129.473214,8.066994,6848,8022
648.738882,156.683455,129.387920,8.066994,6847,8021
648.564349,156.720352,129.217332,8.066994,6845,8019
648.433449,156.748464,129.089487,8.073866,6843,8018
648.302549,156.776577,128.961641,8.066994,6842,8016
648.128017,156.813474,128.791053,8.066994,6840,8014
648.040750,156.831922,128.705759,8.066994,6839,8013
647.909850,156.860035,128.577914,8.073866,6837,8012
647.778951,156.888147,128.450068,8.066994,6836,8010
647.604418,156.925044,128.279480,8.066994,6834,8008
647.473518,156.952278,128.151445,8.060123,6833,8006
647.298985,156.988002,127.980607,8.060123,6831,8004
647.168085,157.015235,127.852571,8.066994,6829,8003
646.993553,157.050959,127.681734,8.053252,6828,8000
646.819020,157.085509,127.510654,8.053252,6826,7998
646.688120,157.110980,127.382257,8.046380,6825,7996
646.557220,157.136451,127.253859,8.053252,6823,7995
646.382687,157.171000,127.082780,8.053252,6821,7993
646.295421,157.188275,126.997240,8.053252,6820,7992
646.120888,157.222824,126.826161,8.053252,6818,7990
645.989988,157.248296,126.697764,8.046380,6817,7988
645.859088,157.273767,126.569366,8.053252,6815,7987
645.728189,157.299238,126.440968,8.046380,6814,7985
645.553656,157.332611,126.269656,8.046380,6812,7983
645.379123,157.365984,126.098343,8.046380,6810,7981
645.248223,157.390572,125.969774,8.039509,6809,7979
645.073690,157.423945,125.798461,8.053252,6806,7978
644.986424,157.440632,125.712805,8.039509,6806,7976
644.811891,157.472827,125.541267,8.039509,6804,7974
644.680991,157.497415,125.412698,8.046380,6802,7973
644.462825,157.539867,125.198702,8.053252,6799,7971
644.331925,157.565338,125.070304,8.046380,6798,7969
644.244659,157.582025,124.984648,8.046380,6797,7968
644.026493,157.624477,124.770652,8.053252,6794,7966
643.939226,157.641751,124.685112,8.053252,6793,7965
643.764693,157.676301,124.514033,8.053252,6791,7963
643.546527,157.718753,124.300037,8.046380,6789,7960
643.415628,157.744224,124.171639,8.053252,6787,7959
643.241095,157.778773,124.000560,8.053252,6785,7957
643.110195,157.804244,123.872162,8.046380,6784,7955
642.979295,157.829716,123.743765,8.053252,6782,7954
642.804762,157.864265,123.572686,8.053252,6780,7952
642.630229,157.898814,123.401606,8.053252,6778,7950
642.455696,157.933364,123.230527,8.053252,6776,7948
642.324797,157.959717,123.102308,8.060123,6774,7947
642.193897,157.986070,122.974088,8.053252,6773,7945
642.019364,158.020619,122.803009,8.053252,6771,7943
641.844831,158.055168,122.631930,8.053252,6769,7941
641.670298,158.089718,122.460851,8.053252,6767,7939
641.539399,158.116071,122.332631,8.060123,6765,7938
641.364866,158.151795,122.161793,8.060123,6763,7936
641.190333,158.187519,121.990956,8.060123,6761,7934
641.059433,158.214752,121.862920,8.066994,6759,7933
640.841267,158.260141,121.649528,8.060123,6757,7930
640.710367,158.286494,121.521308,8.053252,6756,7928
640.579468,158.312846,121.393089,8.060123,6754,7927
640.404935,158.348571,121.222251,8.060123,6752,7925
640.274035,158.375804,121.094215,8.066994,6750,7924
640.143135,158.403037,120.966180,8.060123,6749,7922
640.012236,158.430270,120.838144,8.066994,6747,7921
639.837703,158.467167,120.667556,8.066994,6745,7919
639.663170,158.504065,120.496968,8.066994,6743,7917
639.488637,158.540962,120.326380,8.066994,6741,7915
639.357737,158.568195,120.198344,8.060123,6740,7913
639.226837,158.595428,120.070309,8.066994,6738,7912
639.139571,158.613877,119.985015,8.066994,6737,7911
639.008671,158.641989,119.857169,8.073866,6735,7910
638.921405,158.661023,119.772004,8.073866,6734,7909
638.965038,158.651068,119.814486,8.094480,6733,7911
639.008671,158.640530,119.856828,8.101351,6733,7912
639.095938,158.618581,119.941289,8.115094,6733,7914
639.095938,158.618581,119.941289,8.115094,6733,7914
639.095938,158.618581,119.941289,8.115094,6733,7914
639.139571,158.607462,119.983482,8.108223,6734,7914
639.139571,158.607462,119.983482,8.108223,6734,7914
639.183204,158.596343,120.025674,8.115094,6734,7915
639.226837,158.585223,120.067867,8.108223,6735,7915
639.357737,158.551865,120.194445,8.115094,6736,7917
639.401370,158.540457,120.236560,8.121965,6736,7918
639.445004,158.528759,120.278596,8.128837,6736,7919
639.488637,158.516772,120.320551,8.135708,6736,7920
639.532270,158.504785,120.362505,8.128837,6737,7920
639.619536,158.481101,120.446496,8.128837,6738,7921
639.706803,158.457416,120.530487,8.128837,6739,7922
639.706803,158.457416,120.530487,8.128837,6739,7922
639.837703,158.421456,120.656351,8.135708,6740,7924
639.837703,158.421456,120.656351,8.135708,6740,7924
639.924969,158.397195,120.740177,8.135708,6741,7925
639.968602,158.384920,120.782048,8.142580,6741,7926
640.055869,158.360083,120.865705,8.142580,6742,7927
640.186768,158.322397,120.991063,8.149451,6743,7929
640.230402,158.309548,121.032761,8.156322,6743,7930
640.361301,158.270143,121.157589,8.163194,6744,7932
640.448568,158.243587,121.240717,8.163194,6745,7933
640.579468,158.203325,121.365271,8.170065,6746,7935
640.623101,158.189620,121.406696,8.176936,6746,7936
640.710367,158.161924,121.489450,8.176936,6747,7937
640.797634,158.134228,121.572205,8.176936,6748,7938
640.928533,158.092258,121.696194,8.183808,6749,7940
641.015800,158.063428,121.778561,8.197551,6749,7942
641.146700,158.018911,121.901658,8.204422,6750,7944
641.233966,157.988952,121.983621,8.204422,6751,7945
641.364866,157.943590,122.106410,8.211293,6752,7947
641.452132,157.913068,122.188164,8.211293,6753,7948
641.583032,157.866864,122.310639,8.218165,6754,7950
641.713932,157.819819,122.432792,8.225036,6755,7952
641.844831,157.771937,122.554620,8.231907,6756,7954
641.888464,157.755976,122.595229,8.225036,6757,7954
642.019364,157.708931,122.717383,8.218165,6759,7955
642.150264,157.662727,122.839857,8.211293,6761,7956
642.324797,157.602808,123.003782,8.197551,6764,7957
642.499330,157.545147,123.168515,8.183808,6767,7958
642.673863,157.489755,123.334025,8.170065,6770,7959
642.804762,157.450350,123.458853,8.149451,6773,7959
642.935662,157.412664,123.584210,8.142580,6775,7960
643.153828,157.351291,123.793566,8.135708,6778,7962
643.328361,157.303922,123.961548,8.121965,6781,7963
643.415628,157.281393,124.045856,8.108223,6783,7963
643.546527,157.249778,124.172880,8.087609,6786,7963
643.721060,157.210540,124.342946,8.073866,6789,7964
643.895593,157.173643,124.513534,8.060123,6792,7965
644.070126,157.139094,124.684613,8.046380,6795,7966
644.201026,157.114505,124.813183,8.039509,6797,7967
644.288292,157.098997,124.899060,8.025766,6799,7967
644.462825,157.070345,125.071225,8.012023,6802,7968
644.593725,157.050188,125.200563,8.005152,6804,7969
644.768258,157.023904,125.373106,8.005152,6806,7971
644.986424,156.990308,125.588670,8.012023,6808,7974
645.160957,156.961656,125.760835,8.025766,6809,7977
645.291856,156.938837,125.889730,8.032638,6810,7979
645.466389,156.907821,126.061485,8.032638,6812,7981
645.553656,156.892313,126.147362,8.032638,6813,7982
645.684556,156.869494,126.276258,8.025766,6815,7983
645.815455,156.846675,126.405153,8.032638,6816,7985
645.902722,156.831757,126.491135,8.018895,6818,7985
646.033621,156.809825,126.620184,8.025766,6819,7987
646.208154,156.779990,126.792148,8.025766,6821,7989
646.339054,156.758057,126.921198,8.018895,6823,7990
646.513587,156.728222,127.093162,8.032638,6824,7993
646.731753,156.688715,127.307721,8.039509,6826,7996
646.862653,156.664127,127.436290,8.046380,6827,7998
646.993553,156.638656,127.564688,8.053252,6828,8000
647.124452,156.612303,127.692908,8.060123,6829,8002
647.255352,156.585070,127.820943,8.066994,6830,8004
647.342618,156.567208,127.906362,8.053252,6832,8004
647.473518,156.540855,128.034582,8.060123,6833,8006
647.604418,156.514502,128.162801,8.053252,6835,8007
647.778951,156.479953,128.333880,8.053252,6837,8009
647.909850,156.454482,128.462278,8.046380,6839,8010
648.084383,156.421108,128.633590,8.046380,6841,8012
648.215283,156.395637,128.761988,8.053252,6842,8014
648.346183,156.369285,128.890208,8.060123,6843,8016
648.651615,156.305740,129.188957,8.066994,6846,8020
648.826148,156.267672,129.359288,8.080737,6847,8023
649.000681,156.227266,129.529079,8.094480,6848,8026
649.044314,156.216728,129.571421,8.101351,6848,8027
649.175214,156.185113,129.698445,8.094480,6850,8028
649.306114,156.154371,129.825684,8.087609,6852,8029
649.524280,156.104594,130.038095,8.080737,6855,8031
649.698813,156.066525,130.208426,8.066994,6858,8032
649.829713,156.039292,130.336462,8.060123,6860,8033
650.004245,156.003568,130.507299,8.060123,6862,8035
650.178778,155.966670,130.677887,8.073866,6863,8038
650.440578,155.907813,130.932985,8.087609,6865,8042
650.658744,155.855122,131.144692,8.108223,6866,8046
650.876910,155.799525,131.355656,8.115094,6868,8049
651.095076,155.741035,131.565835,8.135708,6869,8053
651.225976,155.705075,131.691699,8.128837,6871,8054
651.313242,155.681968,131.775850,8.115094,6873,8054
651.444142,155.648610,131.902428,8.108223,6875,8055
651.662308,155.594465,132.113769,8.101351,6878,8057
651.836841,155.552894,132.283278,8.087609,6881,8058
652.011374,155.513656,132.453343,8.073866,6884,8059
652.185907,155.475587,132.623674,8.073866,6886,8061
652.316807,155.446597,132.751323,8.080737,6887,8063
652.447706,155.417607,132.878972,8.073866,6889,8064
652.622239,155.378369,133.049037,8.087609,6890,8067
653.014938,155.283523,133.430111,8.108223,6893,8073
653.233105,155.226479,133.640687,8.128837,6894,8077
653.364004,155.190519,133.766551,8.135708,6895,8079
653.494904,155.153695,133.892164,8.142580,6896,8081
653.538537,155.141421,133.934035,8.135708,6897,8081
653.625804,155.117736,134.018026,8.121965,6899,8081
653.756703,155.083509,134.144372,8.115094,6901,8082
653.887603,155.050151,134.270950,8.108223,6903,8083
654.062136,155.006254,134.439872,8.108223,6905,8085
654.236669,154.962357,134.608795,8.108223,6907,8087
654.323935,154.940409,134.693256,8.108223,6908,8088
654.454835,154.907922,134.820060,8.101351,6910,8089
654.629368,154.865187,134.989280,8.101351,6912,8091
654.760268,154.832699,135.116085,8.108223,6913,8093
654.934801,154.787643,135.284701,8.121965,6914,8096
655.196600,154.716588,135.536674,8.135708,6916,8100
655.371133,154.668066,135.704326,8.135708,6918,8102
655.458399,154.643804,135.788152,8.135708,6919,8103
655.589299,154.607845,135.914016,8.128837,6921,8104
655.720199,154.572750,136.040124,8.121965,6923,8105
655.807465,154.549643,136.124275,8.121965,6924,8106
655.938365,154.515417,136.250621,8.115094,6926,8107
656.069265,154.481190,136.376967,8.121965,6927,8109
656.200164,154.446096,136.503074,8.128837,6928,8111
656.374697,154.398726,136.671056,8.128837,6930,8113
656.549230,154.351357,136.839038,8.128837,6932,8115
656.723763,154.303987,137.007020,8.128837,6934,8117
656.811030,154.280302,137.091011,8.128837,6935,8118
656.985562,154.232933,137.258992,8.128837,6937,8120
657.072829,154.209248,137.342983,8.128837,6938,8121
657.247362,154.161879,137.510965,8.128837,6940,8123
657.334628,154.138194,137.594956,8.128837,6941,8124
657.509161,154.090824,137.762938,8.128837,6943,8126
657.596428,154.067139,137.846928,8.128837,6944,8127
657.770961,154.019770,138.014910,8.128837,6946,8129
657.945493,153.972400,138.182892,8.128837,6948,8131
658.076393,153.936441,138.308755,8.135708,6949,8133
658.207293,153.900481,138.434619,8.128837,6951,8134
658.338193,153.864521,138.560482,8.135708,6952,8136
658.469092,153.828561,138.686346,8.128837,6954,8137
658.556359,153.804876,138.770337,8.128837,6955,8138
658.687258,153.769782,138.896444,8.121965,6957,8139
658.818158,153.735556,139.022790,8.115094,6959,8140
658.992691,153.690499,139.191407,8.115094,6961,8142
659.123591,153.657141,139.317985,8.108223,6963,8143
659.254490,153.623783,139.444563,8.115094,6964,8145
659.429023,153.578727,139.613180,8.115094,6966,8147
659.559923,153.545369,139.739758,8.108223,6968,8148
659.734456,153.500312,139.908375,8.121965,6969,8151
659.821722,153.477205,139.992526,8.121965,6970,8152
659.952622,153.442111,140.118634,8.128837,6971,8154
660.039889,153.418426,140.202625,8.128837,6972,8155
660.170788,153.382467,140.328488,8.135708,6973,8157
660.301688,153.346507,140.454352,8.128837,6975,8158
660.432588,153.311413,140.580460,8.121965,6977,8159
660.563487,153.276319,140.706567,8.128837,6978,8161
660.694387,153.241224,140.832675,8.121965,6980,8162
660.781654,153.218117,140.916827,8.121965,6981,8163
660.956186,153.171903,141.085130,8.121965,6983,8165
661.043453,153.148796,141.169281,8.121965,6984,8166
661.130719,153.125689,141.253433,8.121965,6985,8167
661.261619,153.090595,141.379541,8.128837,6986,8169
661.392519,153.055501,141.505648,8.121965,6988,8170
661.436152,153.043803,141.547684,8.128837,6988,8171
661.523418,153.020118,141.631675,8.128837,6989,8172
661.654318,152.985024,141.757783,8.121965,6991,8173
661.741585,152.961917,141.841934,8.121965,6992,8174
661.785218,152.950219,141.883970,8.128837,6992,8175
661.872484,152.926534,141.967961,8.128837,6993,8176
662.047017,152.879165,142.135943,8.128837,6995,8178
662.134284,152.855480,142.219934,8.128837,6996,8179
662.221550,152.831795,142.303925,8.128837,6997,8180
662.308817,152.808110,142.387915,8.128837,6998,8181
662.352450,152.796124,142.429870,8.135708,6998,8182
662.483350,152.760164,142.555733,8.128837,7000,8183
662.570616,152.736479,142.639724,8.128837,7001,8184
662.657882,152.712794,142.723715,8.128837,7002,8185
662.701516,152.700808,142.765670,8.135708,7002,8186
662.788782,152.676546,142.849496,8.135708,7003,8187
662.832415,152.664560,142.891450,8.128837,7004,8187
662.963315,152.628600,143.017314,8.135708,7005,8189
663.006948,152.616613,143.059268,8.128837,7006,8189
663.094215,152.592929,143.143259,8.128837,7007,8190
663.137848,152.580942,143.185214,8.135708,7007,8191
663.268748,152.544982,143.311077,8.128837,7009,8192
663.312381,152.532996,143.353032,8.135708,7009,8193
663.399647,152.508734,143.436858,8.135708,7010,8194
663.486914,152.484473,143.520684,8.135708,7011,8195
663.574180,152.460212,143.604510,8.135708,7012,8196
663.617814,152.448225,143.646465,8.128837,7013,8196
663.661447,152.436238,143.688419,8.135708,7013,8197
663.748713,152.411977,143.772245,8.135708,7014,8198
663.835980,152.387716,143.856071,8.135708,7015,8199
663.879613,152.375441,143.897943,8.142580,7015,8200
663.966879,152.350604,143.981600,8.142580,7016,8201
664.054146,152.325768,144.065258,8.142580,7017,8202
664.097779,152.313493,144.107129,8.135708,7018,8202
664.141412,152.301506,144.149083,8.128837,7019,8202
664.228679,152.277822,144.233074,8.128837,7020,8203
664.272312,152.265835,144.275029,8.135708,7020,8204
664.359578,152.241574,144.358855,8.135708,7021,8205
664.446845,152.217312,144.442681,8.135708,7022,8206
664.446845,152.217312,144.442681,8.135708,7022,8206
664.534111,152.193051,144.526507,8.135708,7023,8207
664.621378,152.168790,144.610333,8.135708,7024,8208
664.621378,152.168790,144.610333,8.135708,7024,8208
664.708644,152.144528,144.694159,8.135708,7025,8209
664.795911,152.120267,144.777985,8.135708,7026,8210
664.883177,152.096006,144.861812,8.135708,7027,8211
664.970444,152.071744,144.945638,8.135708,7028,8212
665.014077,152.059470,144.987509,8.142580,7028,8213
0.174533,0.174529,-0.001199,-0.013743,3,1
0.174533,0.174529,-0.001199,-0.013743,3,1
0.174533,0.174529,-0.001199,-0.013743,3,1
0.261799,0.261787,-0.002399,-0.013743,4,2
0.305433,0.305418,-0.002848,-0.006871,4,3
0.349066,0.349049,-0.003298,-0.013743,5,3
0.479966,0.479942,-0.004647,-0.006871,6,5
0.610865,0.610841,-0.005097,-0.000000,7,7
0.654498,0.654473,-0.004947,0.006871,7,8
0.785398,0.785366,-0.003598,0.013743,8,10
0.872665,0.872624,-0.002399,0.013743,9,11
0.959931,0.959883,-0.001199,0.013743,10,12
1.047198,1.047141,-0.000000,0.013743,11,13
1.134464,1.134399,0.001199,0.013743,12,14
1.221730,1.221657,0.002398,0.013743,13,15
1.352630,1.352538,0.004647,0.020614,14,17
1.483530,1.483400,0.007795,0.027485,15,19
1.614430,1.614237,0.011842,0.034357,16,21
1.701696,1.701452,0.014839,0.034357,17,22
1.876229,1.875882,0.020835,0.034357,19,24
2.007129,2.006688,0.025780,0.041228,20,26
2.094395,2.093880,0.029377,0.041228,21,27
2.268928,2.268211,0.037769,0.054971,22,30
2.443461,2.442480,0.047358,0.054971,24,32
2.574361,2.573157,0.054999,0.061842,25,34
2.705260,2.703833,0.062641,0.054971,27,35
2.836160,2.834510,0.070282,0.061842,28,37
3.010693,3.008631,0.082265,0.075585,29,40
3.185226,3.182666,0.095445,0.075585,31,42
3.359759,3.356605,0.109820,0.089328,32,45
3.490658,3.486942,0.121945,0.096199,33,47
3.665191,3.660668,0.138709,0.096199,35,49
3.796091,3.790919,0.151730,0.103071,36,51
3.970624,3.964525,0.169687,0.103071,38,53
4.101524,4.094683,0.183602,0.109942,39,55
4.319690,4.311449,0.208284,0.116813,41,58
4.450590,4.441403,0.223987,0.123685,42,60
4.668756,4.657809,0.251646,0.130556,44,63
4.843289,4.830697,0.275556,0.144299,45,66
4.930555,4.917056,0.288105,0.144299,46,67
5.105088,5.089775,0.313202,0.144299,48,69
5.279621,5.262317,0.339486,0.158042,49,72
5.410521,5.391514,0.360532,0.164913,50,74
5.672320,5.649460,0.405284,0.178656,52,78
5.803220,5.778196,0.428988,0.185527,53,80
6.021386,5.992479,0.469969,0.192399,55,83
6.195919,6.163558,0.504518,0.206141,56,86
6.370452,6.334395,0.540242,0.206141,58,88
6.544985,6.504984,0.577139,0.219884,59,91
6.763151,6.717732,0.625456,0.226755,61,94
6.937684,6.887524,0.665862,0.240498,62,97
7.112217,7.057033,0.707433,0.240498,64,99
7.286750,7.226254,0.750168,0.254241,65,102
7.461282,7.395176,0.794065,0.254241,67,104
7.635815,7.563793,0.839122,0.267984,68,107
7.897615,7.815765,0.910176,0.281726,70,111
8.072148,7.983418,0.958699,0.281726,72,113
8.290314,8.192347,1.021509,0.302341,73,117
8.508480,8.400393,1.087184,0.309212,75,120
8.770279,8.649223,1.168564,0.322955,77,124
8.944812,8.814348,1.225091,0.336697,78,127
9.162979,9.020016,1.297874,0.343569,80,130
9.424778,9.265903,1.387753,0.357312,82,134
9.599311,9.428990,1.449919,0.371054,83,137
9.817477,9.632036,1.529724,0.377926,85,140
9.992010,9.793806,1.595238,0.391668,86,143
10.253809,10.035088,1.696836,0.405411,88,147
10.515609,10.274951,1.801739,0.419154,90,151
10.777408,10.513349,1.909929,0.432897,92,155
10.951941,10.671275,1.984233,0.446639,93,158
11.213740,10.906611,2.098933,0.460382,95,162
11.475540,11.140347,2.216857,0.474125,97,166
11.737339,11.372442,2.337982,0.487868,99,170
11.955505,11.564803,2.440907,0.494739,101,173
12.217305,11.794351,2.566790,0.508482,103,177
12.479104,12.022147,2.695816,0.522225,105,181
12.653637,12.172815,2.783912,0.535967,106,184
12.871803,12.360005,2.895968,0.542839,108,187
13.133603,12.583235,3.032742,0.556581,110,191
13.351769,12.768076,3.148632,0.563453,112,194
13.613568,12.988439,3.289979,0.577196,114,198
13.831734,13.170852,3.409654,0.584067,116,201
14.093534,13.388255,3.555513,0.597810,118,205
14.311700,13.568161,3.678923,0.604681,120,208
14.529866,13.747216,3.803567,0.611552,122,211
14.748032,13.924540,3.930659,0.632167,123,215
14.966198,14.100102,4.060176,0.639038,125,218
15.184364,14.274769,4.190896,0.645909,127,221
15.446164,14.482742,4.349912,0.659652,129,225
15.664330,14.654678,4.484205,0.666523,131,228
15.926129,14.859329,4.647475,0.680266,133,232
16.144296,15.028460,4.785283,0.687138,135,235
16.318829,15.162621,4.896919,0.700880,136,238
16.493361,15.296012,5.009473,0.700880,138,240
16.755161,15.494934,5.179676,0.714623,140,244
16.973327,15.659232,5.323213,0.721494,142,247
17.191493,15.822539,5.467875,0.728366,144,250
17.453293,16.017910,5.642142,0.728366,147,253
17.627825,16.147357,5.759212,0.742109,148,256
17.889625,16.339094,5.937470,0.755851,150,260
18.151424,16.529602,6.117040,0.755851,153,263
18.369590,16.686808,6.268310,0.776465,154,267
18.544123,16.810476,6.391469,0.790208,155,270
18.805923,16.994704,6.577477,0.790208,158,273
19.024089,17.147693,6.733011,0.797080,160,276
19.198622,17.268796,6.858693,0.810822,161,279
19.504054,17.478447,7.080808,0.817694,164,283
19.722221,17.627105,7.240488,0.824565,166,286
19.984020,17.803509,7.433931,0.838308,168,290
20.158553,17.919328,7.564497,0.852051,169,293
20.376719,18.062413,7.729189,0.858922,171,296
20.638518,18.232069,7.928578,0.872665,173,300
20.856685,18.371728,8.096184,0.879536,175,303
21.118484,18.537238,8.299027,0.893279,177,307
21.336650,18.673413,8.469476,0.900150,179,310
21.598450,18.834706,8.675688,0.913893,181,314
21.860249,18.993150,8.884097,0.927636,183,318
22.122048,19.148715,9.094664,0.941378,185,322
22.340214,19.275319,9.272338,0.961993,186,326
22.514747,19.375132,9.415513,0.961993,188,328
22.776547,19.524852,9.630275,0.961993,191,331
22.951080,19.623679,9.774133,0.975735,192,334
23.169246,19.745352,9.955219,0.982607,194,337
23.387412,19.865779,10.137136,0.989478,196,340
23.649211,20.008033,10.356915,1.003221,198,344
23.867378,20.124684,10.541276,1.010092,200,347
24.085544,20.240065,10.726434,1.016964,202,350
24.303710,20.355447,10.911592,1.010092,205,352
24.521876,20.470828,11.096751,1.016964,207,355
24.783675,20.606989,11.320356,1.030706,209,359
25.001842,20.718529,11.507853,1.037578,211,362
25.220008,20.828779,11.696112,1.044449,213,365
25.394541,20.915421,11.847621,1.058192,214,368
25.656340,21.042250,12.076648,1.071935,216,372
25.830873,21.125751,12.229910,1.071935,218,374
26.049039,21.229468,12.421845,1.078806,220,377
26.310839,21.353138,12.652594,1.078806,223,380
26.572638,21.475218,12.884187,1.092549,225,384
26.703538,21.535062,13.000606,1.099420,226,386
26.965337,21.652343,13.234666,1.113163,228,390
27.183503,21.748061,13.430713,1.120034,230,393
27.401669,21.842430,13.627413,1.126906,232,396
27.576202,21.917385,13.785032,1.126906,234,398
27.838002,22.028189,14.022226,1.140648,236,402
28.056168,22.118484,14.220830,1.147520,238,405
28.274334,22.207411,14.420049,1.154391,240,408
28.492500,22.294968,14.619875,1.161262,242,411
28.667033,22.364464,14.779975,1.161262,244,413
28.841566,22.433960,14.940075,1.161262,246,415
29.059732,22.520142,15.140498,1.168134,248,418
29.321532,22.621075,15.382058,1.181877,250,422
29.583331,22.718680,15.624982,1.195619,252,426
29.714231,22.767065,15.746611,1.188748,254,427
29.932397,22.847706,15.949327,1.195619,256,430
30.150563,22.926952,16.152591,1.202491,258,433
30.368729,23.004800,16.356396,1.209362,260,436
30.586895,23.081245,16.560730,1.216233,262,439
30.805061,23.156285,16.765585,1.223105,264,442
31.023228,23.229915,16.970951,1.229976,266,445
31.241394,23.302133,17.176817,1.236848,268,448
31.459560,23.372934,17.383175,1.243719,270,451
31.677726,23.442315,17.590015,1.250590,272,454
31.895892,23.510274,17.797327,1.257462,274,457
32.070425,23.562928,17.963728,1.271204,275,460
32.288591,23.626599,18.172396,1.278076,277,463
32.550391,23.702144,18.423059,1.278076,280,466
32.768557,23.764379,18.632160,1.284947,282,469
32.986723,23.825176,18.841684,1.291819,284,472
33.204889,23.884533,19.051620,1.298690,286,475
33.423055,23.942445,19.261959,1.305561,288,478
33.641221,23.998910,19.472692,1.312433,290,481
33.859388,24.053927,19.683807,1.319304,292,484
34.077554,24.107491,19.895296,1.326175,294,487
34.339353,24.169149,20.149731,1.339918,296,491
34.557519,24.218342,20.362278,1.346790,298,494
34.775685,24.266074,20.575159,1.353661,300,497
34.993852,24.312342,20.788362,1.360532,302,500
35.255651,24.365224,21.044765,1.374275,304,504
35.430184,24.398126,21.216169,1.388018,305,507
35.691983,24.443941,21.473928,1.401761,307,511
35.910150,24.479905,21.689110,1.408632,309,514
36.171949,24.520397,21.947759,1.422375,311,518
36.390115,24.551917,22.163636,1.429246,313,521
36.608281,24.581954,22.379724,1.436117,315,524
36.870081,24.617106,22.639153,1.436117,318,527
37.044614,24.639352,22.812263,1.449860,319,530
37.306413,24.670936,23.072150,1.449860,322,533
37.524579,24.696511,23.288812,1.456732,324,536
37.786378,24.726309,23.548910,1.456732,327,539
38.004545,24.750395,23.765742,1.463603,329,542
38.222711,24.772991,23.982735,1.470474,331,545
38.484510,24.799211,24.243218,1.470474,334,548
38.702676,24.820315,24.460361,1.477346,336,551
38.964476,24.844745,24.721018,1.477346,339,554
39.139009,24.861032,24.894790,1.477346,341,556
39.400808,24.885461,25.155447,1.477346,344,559
39.618974,24.905073,25.372730,1.484217,346,562
39.837140,24.923191,25.590142,1.491088,348,565
40.055307,24.941309,25.807555,1.484217,351,567
40.273473,24.959428,26.024967,1.491088,353,570
40.491639,24.977546,26.242380,1.484217,356,572
40.709805,24.995664,26.459792,1.491088,358,575
40.927971,25.013782,26.677205,1.484217,361,577
41.146137,25.031900,26.894617,1.491088,363,580
41.364303,25.050019,27.112030,1.484217,366,582
41.582470,25.068137,27.329442,1.491088,368,585
41.844269,25.088982,27.590410,1.491088,371,588
42.018802,25.102879,27.764389,1.491088,373,590
42.236968,25.120997,27.981802,1.484217,376,592
42.411501,25.136089,28.155681,1.484217,378,594
42.673300,25.158728,28.416500,1.484217,381,597
42.847833,25.173820,28.590379,1.484217,383,599
43.066000,25.193431,28.807662,1.477346,386,601
43.284166,25.213043,29.024945,1.484217,388,604
43.502332,25.232655,29.242228,1.477346,391,606
43.720498,25.252266,29.459510,1.484217,393,609
43.895031,25.267358,29.633390,1.484217,395,611
44.113197,25.286970,29.850672,1.477346,398,613
44.331363,25.306582,30.067955,1.484217,400,616
44.549529,25.326194,30.285238,1.477346,403,618
44.767696,25.347298,30.502381,1.470474,406,620
44.985862,25.368402,30.719524,1.477346,408,623
45.204028,25.389506,30.936667,1.470474,411,625
45.378561,25.405793,31.110439,1.484217,412,628
45.640360,25.430223,31.371096,1.470474,416,630
45.814893,25.447703,31.544751,1.470474,418,632
46.033059,25.468807,31.761894,1.477346,420,635
46.251225,25.489911,31.979037,1.470474,423,637
46.469392,25.511015,32.196180,1.477346,425,640
46.687558,25.532120,32.413323,1.470474,428,642
46.862091,25.549600,32.586978,1.470474,430,644
47.123890,25.575820,32.847462,1.470474,433,647
47.342056,25.598416,33.064454,1.463603,436,649
47.516589,25.617089,33.237986,1.463603,438,651
47.778388,25.645098,33.498282,1.463603,441,654
47.952921,25.663771,33.671813,1.463603,443,656
48.127454,25.682444,33.845345,1.463603,445,658
48.389254,25.710454,34.105641,1.463603,448,661
48.607420,25.733049,34.322634,1.470474,450,664
48.825586,25.755645,34.539627,1.463603,453,666
49.043752,25.779732,34.756459,1.456732,456,668
49.261918,25.803818,34.973292,1.463603,458,671
49.523718,25.831827,35.233589,1.463603,461,674
49.741884,25.855914,35.450421,1.456732,464,676
50.003683,25.885711,35.710519,1.456732,467,679
50.178216,25.905576,35.883918,1.456732,469,681
50.483649,25.939297,36.187484,1.463603,472,685
50.701815,25.963383,36.404316,1.456732,475,687
50.876348,25.983248,36.577715,1.456732,477,689
51.138147,26.013045,36.837813,1.456732,480,692
51.399947,26.042843,37.097911,1.456732,483,695
51.574480,26.062708,37.271310,1.456732,485,697
51.836279,26.092505,37.531408,1.456732,488,700
52.054445,26.118081,37.748070,1.449860,491,702
52.316245,26.149664,38.007957,1.449860,494,705
52.490777,26.170720,38.181215,1.449860,496,707
52.752577,26.202304,38.441102,1.449860,499,710
52.927110,26.223360,38.614361,1.449860,501,712
53.188909,26.254944,38.874248,1.449860,504,715
53.450709,26.286528,39.134135,1.449860,507,718
53.625242,26.307584,39.307393,1.449860,509,720
53.843408,26.334648,39.523874,1.442989,512,722
54.061574,26.363198,39.740164,1.436117,515,724
54.279740,26.391749,39.956454,1.442989,517,727
54.541539,26.425118,40.216118,1.442989,520,730
54.759706,26.453669,40.432408,1.436117,523,732
55.021505,26.488821,40.691837,1.436117,526,735
55.196038,26.512256,40.864789,1.436117,528,737
55.457837,26.547408,41.124218,1.436117,531,740
55.632370,26.570843,41.297170,1.436117,533,742
55.894170,26.605996,41.556599,1.436117,536,745
56.112336,26.636032,41.772688,1.429246,539,747
56.330502,26.666068,41.988776,1.436117,541,750
56.592301,26.701220,42.248205,1.436117,544,753
56.810467,26.731257,42.464294,1.429246,547,755
57.028634,26.761293,42.680382,1.436117,549,758
57.246800,26.791329,42.896471,1.429246,552,760
57.508599,26.828263,43.155652,1.429246,555,763
57.683132,26.852886,43.328439,1.429246,557,765
57.944931,26.889820,43.587620,1.429246,560,768
58.206731,26.926754,43.846801,1.429246,563,771
58.381264,26.951377,44.019588,1.429246,565,773
58.555797,26.976000,44.192376,1.429246,567,775
58.773963,27.007520,44.408253,1.422375,570,777
59.035762,27.046234,44.667174,1.422375,573,780
59.253928,27.077754,44.883051,1.429246,575,783
59.428461,27.102377,45.055839,1.429246,577,785
59.690261,27.139311,45.315020,1.429246,580,788
59.952060,27.178026,45.573941,1.415503,584,790
60.170226,27.211028,45.789596,1.422375,586,793
60.344759,27.236838,45.962210,1.422375,588,795
60.562925,27.268358,46.178087,1.429246,590,798
60.781092,27.298394,46.394176,1.436117,592,801
60.999258,27.328431,46.610265,1.429246,595,803
61.261057,27.365365,46.869446,1.429246,598,806
61.479223,27.396885,47.085323,1.422375,601,808
61.653756,27.422695,47.257937,1.422375,603,810
61.871922,27.454215,47.473814,1.429246,605,813
62.133722,27.491149,47.732995,1.429246,608,816
62.351888,27.521185,47.949084,1.436117,610,819
62.570054,27.551221,48.165172,1.429246,613,821
62.788220,27.581258,48.381261,1.436117,615,824
63.006386,27.611294,48.597349,1.429246,618,826
63.224552,27.641330,48.813438,1.436117,620,829
63.442719,27.671366,49.029527,1.429246,623,831
63.660885,27.701403,49.245615,1.436117,625,834
63.879051,27.729953,49.461905,1.442989,627,837
64.097217,27.758504,49.678195,1.436117,630,839
64.359017,27.793656,49.937624,1.436117,633,842
64.577183,27.822207,50.153914,1.442989,635,845
64.751716,27.844453,50.327023,1.442989,637,847
65.013515,27.877822,50.586687,1.442989,640,850
65.275314,27.911191,50.846351,1.442989,643,853
65.493481,27.938255,51.062832,1.449860,645,856
65.755280,27.969838,51.322720,1.449860,648,859
65.973446,27.995414,51.539381,1.456732,650,862
66.235245,28.025211,51.799480,1.456732,653,865
66.453412,28.050787,52.016141,1.449860,656,867
66.671578,28.076363,52.232803,1.456732,658,870
66.977010,28.110084,52.536369,1.463603,661,874
67.151543,28.128757,52.709900,1.463603,663,876
67.456976,28.160391,53.013690,1.470474,666,880
67.631509,28.177871,53.187345,1.470474,668,882
67.893308,28.204091,53.447828,1.470474,671,885
68.155108,28.230311,53.708311,1.470474,674,888
68.373274,28.251416,53.925454,1.477346,676,891
68.635073,28.275845,54.186111,1.477346,679,894
68.896873,28.300275,54.446769,1.477346,682,897
69.158672,28.324705,54.707426,1.477346,685,900
69.420471,28.349134,54.968083,1.477346,688,903
69.595004,28.365421,55.141854,1.477346,690,905
69.856804,28.389851,55.402511,1.477346,693,908
70.074970,28.409462,55.619794,1.484217,695,911
70.336769,28.432100,55.880613,1.484217,698,914
70.598569,28.454738,56.141432,1.484217,701,917
70.816735,28.474350,56.358714,1.477346,704,919
71.034901,28.493962,56.575997,1.484217,706,922
71.253067,28.513574,56.793280,1.477346,709,924
71.471233,28.533185,57.010563,1.484217,711,927
71.733033,28.555823,57.271382,1.484217,714,930
71.951199,28.575435,57.488665,1.477346,717,932
72.212998,28.599865,57.749322,1.477346,720,935
72.387531,28.616151,57.923093,1.477346,722,937
72.736597,28.651111,58.270404,1.463603,727,940
72.867497,28.664669,58.400600,1.470474,728,942
73.085663,28.685773,58.617743,1.477346,730,945
73.391095,28.715319,58.921743,1.470474,734,948
73.565628,28.731606,59.095514,1.484217,735,951
73.871061,28.761152,59.399515,1.463603,740,953
74.045594,28.779825,59.573046,1.463603,742,955
74.263760,28.803911,59.789878,1.456732,745,957
74.481926,28.827997,60.006711,1.463603,747,960
74.700092,28.852084,60.223543,1.456732,750,962
75.005525,28.885804,60.527109,1.463603,753,966
75.180058,28.904477,60.700640,1.463603,755,968
75.398224,28.928564,60.917472,1.456732,758,970
75.660024,28.958361,61.177570,1.456732,761,973
75.878190,28.983937,61.394232,1.449860,764,975
76.096356,29.009512,61.610894,1.456732,766,978
76.314522,29.033599,61.827726,1.463603,768,981
76.576321,29.061608,62.088023,1.463603,771,984
76.750854,29.080281,62.261554,1.463603,773,986
77.012654,29.108290,62.521851,1.463603,776,989
77.187187,29.126963,62.695382,1.463603,778,991
77.405353,29.149559,62.912375,1.470474,780,994
77.667152,29.175779,63.172858,1.470474,783,997
77.885318,29.198375,63.389851,1.463603,786,999
78.103484,29.220971,63.606844,1.470474,788,1002
78.321651,29.243567,63.823837,1.463603,791,1004
78.539817,29.267653,64.040669,1.456732,794,1006
78.801616,29.297451,64.300767,1.456732,797,1009
79.019782,29.321537,64.517600,1.463603,799,1012
79.237948,29.345623,64.734432,1.456732,802,1014
79.456115,29.369710,64.951265,1.463603,804,1017
79.717914,29.397719,65.211562,1.463603,807,1020
79.936080,29.421805,65.428394,1.456732,810,1022
80.154246,29.445892,65.645226,1.463603,812,1025
80.416046,29.473901,65.905523,1.463603,815,1028
80.634212,29.497987,66.122356,1.456732,818,1030
80.896011,29.525997,66.382652,1.470474,820,1034
81.157811,29.552217,66.643136,1.470474,823,1037
81.375977,29.574813,66.860128,1.463603,826,1039
81.637776,29.602822,67.120425,1.463603,829,1042
81.899576,29.630832,67.380722,1.463603,832,1045
82.117742,29.654918,67.597554,1.456732,835,1047
82.379541,29.684715,67.857652,1.456732,838,1050
82.641341,29.714513,68.117751,1.456732,841,1053
82.903140,29.744310,68.377849,1.456732,844,1056
83.164939,29.774107,68.637947,1.456732,847,1059
83.383106,29.798194,68.854779,1.463603,849,1062
83.644905,29.826203,69.115076,1.463603,852,1065
83.863071,29.850290,69.331909,1.456732,855,1067
84.081237,29.874376,69.548741,1.463603,857,1070
84.299403,29.898462,69.765574,1.456732,860,1072
84.604836,29.934268,70.068900,1.449860,864,1075
84.866635,29.964065,70.328998,1.463603,866,1079
85.084802,29.988152,70.545831,1.456732,869,1081
85.302968,30.012238,70.762663,1.463603,871,1084
85.564767,30.040248,71.022960,1.463603,874,1087
85.782933,30.064334,71.239792,1.456732,877,1089
86.044733,30.094131,71.499891,1.456732,880,1092
86.262899,30.119707,71.716552,1.449860,883,1094
86.481065,30.145283,71.933214,1.456732,885,1097
86.742864,30.175080,72.193312,1.456732,888,1100
87.048297,30.208801,72.496878,1.463603,891,1104
87.222830,30.227474,72.670409,1.463603,893,1106
87.484629,30.255483,72.930706,1.463603,896,1109
87.746429,30.283493,73.191002,1.463603,899,1112
87.964595,30.307579,73.407835,1.456732,902,1114
88.139128,30.327444,73.581234,1.456732,904,1116
88.400927,30.357241,73.841332,1.456732,907,1119
88.619093,30.381328,74.058164,1.463603,909,1122
88.880893,30.409337,74.318461,1.463603,912,1125
89.142692,30.437346,74.578758,1.463603,915,1128
89.404492,30.465356,74.839055,1.463603,918,1131
89.579024,30.484029,75.012586,1.463603,920,1133
89.797191,30.508115,75.229418,1.456732,923,1135
90.058990,30.537913,75.489516,1.456732,926,1138
90.320789,30.567710,75.749614,1.456732,929,1141
90.538956,30.591796,75.966447,1.463603,931,1144
90.757122,30.615882,76.183279,1.456732,934,1146
90.975288,30.641458,76.399941,1.449860,937,1148
91.193454,30.667034,76.616603,1.456732,939,1151
91.455253,30.698618,76.876490,1.442989,943,1153
91.717053,30.730202,77.136378,1.456732,945,1157
91.891586,30.750067,77.309776,1.456732,947,1159
92.109752,30.774153,77.526609,1.463603,949,1162
92.327918,30.798239,77.743441,1.456732,952,1164
92.589717,30.828037,78.003539,1.456732,955,1167
92.851517,30.857834,78.263638,1.456732,958,1170
93.069683,30.883410,78.480299,1.449860,961,1172
93.287849,30.908985,78.696961,1.456732,963,1175
93.506015,30.933072,78.913794,1.463603,965,1178
93.724181,30.957158,79.130626,1.456732,968,1180
93.942348,30.982734,79.347288,1.449860,971,1182
94.204147,31.014317,79.607175,1.449860,974,1185
94.422313,31.039893,79.823837,1.456732,976,1188
94.684113,31.069690,80.083935,1.456732,979,1191
94.858646,31.089555,80.257334,1.456732,981,1193
95.120445,31.119353,80.517432,1.456732,984,1196
95.338611,31.143439,80.734265,1.463603,986,1199
95.600410,31.171448,80.994561,1.463603,989,1202
95.818577,31.194044,81.211554,1.470474,991,1205
96.080376,31.220264,81.472037,1.470474,994,1208
96.254909,31.237745,81.645693,1.470474,996,1210
96.516708,31.263965,81.906176,1.470474,999,1213
96.822141,31.295599,82.209966,1.463603,1003,1216
96.996674,31.314272,82.383497,1.463603,1005,1218
97.258473,31.342281,82.643794,1.463603,1008,1221
97.476639,31.364877,82.860786,1.470474,1010,1224
97.782072,31.396511,83.164576,1.463603,1014,1227
98.000238,31.419107,83.381569,1.470474,1016,1230
98.218404,31.441703,83.598562,1.463603,1019,1232
98.436571,31.464299,83.815555,1.470474,1021,1235
98.654737,31.486895,84.032548,1.463603,1024,1237
98.829270,31.505568,84.206079,1.463603,1026,1239
99.003803,31.524241,84.379610,1.463603,1028,1241
99.221969,31.546836,84.596603,1.470474,1030,1244
99.396502,31.565509,84.770134,1.456732,1033,1245
99.614668,31.589596,84.986967,1.463603,1035,1248
99.701934,31.598932,85.073732,1.463603,1036,1249
99.876467,31.617605,85.247263,1.463603,1038,1251
100.051000,31.636278,85.420795,1.463603,1040,1253
100.225533,31.654951,85.594326,1.463603,1042,1255
100.400066,31.673624,85.767857,1.463603,1044,1257
100.530966,31.688076,85.897956,1.456732,1046,1258
100.661865,31.702528,86.028056,1.463603,1047,1260
100.836398,31.721200,86.201587,1.463603,1049,1262
100.967298,31.735652,86.331687,1.456732,1051,1263
101.054564,31.745585,86.418386,1.456732,1052,1264
101.185464,31.760037,86.548485,1.463603,1053,1266
101.316364,31.774488,86.678585,1.456732,1055,1267
101.403630,31.784421,86.765284,1.456732,1056,1268
101.534530,31.798873,86.895384,1.463603,1057,1270
101.665430,31.813324,87.025483,1.456732,1059,1271
101.752696,31.823257,87.112183,1.456732,1060,1272
101.883596,31.838602,87.242180,1.449860,1062,1273
101.970862,31.849130,87.328809,1.449860,1063,1274
102.014495,31.854543,87.372105,1.442989,1064,1274
102.145395,31.871673,87.501879,1.436117,1066,1275
102.232662,31.883391,87.588355,1.436117,1067,1276
102.319928,31.895108,87.674831,1.436117,1068,1277
102.450828,31.913130,87.804485,1.429246,1070,1278
102.538094,31.925441,87.890878,1.429246,1071,1279
102.625361,31.937753,87.977272,1.429246,1072,1280
102.668994,31.944057,88.020447,1.422375,1073,1280
102.756260,31.956961,88.106754,1.422375,1074,1281
102.843527,31.969866,88.193061,1.422375,1075,1282
102.974427,31.989668,88.322455,1.415503,1077,1283
103.018060,31.996565,88.365539,1.408632,1078,1283
103.105326,32.010654,88.451661,1.408632,1079,1284
103.192593,32.024744,88.537782,1.408632,1080,1285
103.279859,32.038833,88.623904,1.408632,1081,1286
103.323492,32.046026,88.666940,1.401761,1082,1286
103.367126,32.053219,88.709977,1.408632,1082,1287
103.498025,32.073909,88.839231,1.415503,1083,1289
103.541659,32.080510,88.882362,1.422375,1083,1290
103.672558,32.099422,89.011888,1.429246,1084,1292
103.716191,32.105429,89.055106,1.436117,1084,1293
103.759825,32.111437,89.098324,1.429246,1085,1293
103.759825,32.111437,89.098324,1.429246,1085,1293
103.890724,32.130349,89.227850,1.422375,1087,1294
103.934358,32.136653,89.271025,1.429246,1087,1295
103.934358,32.136653,89.271025,1.429246,1087,1295
104.021624,32.148964,89.357419,1.429246,1088,1296
104.021624,32.148964,89.357419,1.429246,1088,1296
104.108891,32.161276,89.443813,1.429246,1089,1297
104.108891,32.161276,89.443813,1.429246,1089,1297
104.152524,32.167580,89.486988,1.422375,1090,1297
104.152524,32.167580,89.486988,1.422375,1090,1297
104.152524,32.167580,89.486988,1.422375,1090,1297
104.239790,32.180484,89.573295,1.422375,1091,1298
104.283423,32.186788,89.616471,1.429246,1091,1299
104.283423,32.186788,89.616471,1.429246,1091,1299
104.327057,32.192796,89.659688,1.436117,1091,1300
104.327057,32.192796,89.659688,1.436117,1091,1300
104.327057,32.192796,89.659688,1.436117,1091,1300
104.370690,32.198506,89.702946,1.442989,1091,1301
104.370690,32.198506,89.702946,1.429246,1092,1300
104.414323,32.204513,89.746164,1.436117,1092,1301
104.414323,32.204513,89.746164,1.436117,1092,1301
104.370690,32.198506,89.702946,1.429246,1092,1300
104.414323,32.204513,89.746164,1.436117,1092,1301
104.414323,32.204513,89.746164,1.436117,1092,1301
104.414323,32.204513,89.746164,1.436117,1092,1301
104.414323,32.204513,89.746164,1.436117,1092,1301
104.414323,32.204513,89.746164,1.436117,1092,1301
104.414323,32.204513,89.746164,1.436117,1092,1301
104.414323,32.204513,89.746164,1.436117,1092,1301
104.414323,32.204513,89.746164,1.436117,1092,1301
104.414323,32.204513,89.746164,1.436117,1092,1301
104.414323,32.204513,89.746164,1.436117,1092,1301
104.414323,32.204513,89.746164,1.436117,1092,1301
104.414323,32.204513,89.746164,1.436117,1092,1301
104.414323,32.204513,89.746164,1.436117,1092,1301
104.414323,32.204513,89.746164,1.436117,1092,1301
104.414323,32.204513,89.746164,1.436117,1092,1301
104.370690,32.198506,89.702946,1.429246,1092,1300
104.414323,32.204513,89.746164,1.436117,1092,1301
104.414323,32.204513,89.746164,1.436117,1092,1301
104.414323,32.204513,89.746164,1.436117,1092,1301
104.414323,32.204513,89.746164,1.436117,1092,1301
104.370690,32.198506,89.702946,1.429246,1092,1300
104.414323,32.204513,89.746164,1.436117,1092,1301
104.414323,32.204513,89.746164,1.436117,1092,1301
104.414323,32.204513,89.746164,1.436117,1092,1301
104.414323,32.204513,89.746164,1.436117,1092,1301
104.414323,32.204513,89.746164,1.436117,1092,1301
104.414323,32.204513,89.746164,1.436117,1092,1301
104.414323,32.204513,89.746164,1.436117,1092,1301
104.414323,32.204513,89.746164,1.436117,1092,1301
104.370690,32.198506,89.702946,1.429246,1092,1300
104.414323,32.204513,89.746164,1.436117,1092,1301
104.370690,32.198506,89.702946,1.429246,1092,1300
104.414323,32.204513,89.746164,1.436117,1092,1301
104.414323,32.204513,89.746164,1.436117,1092,1301
104.414323,32.204513,89.746164,1.436117,1092,1301
104.414323,32.204513,89.746164,1.436117,1092,1301
104.414323,32.204513,89.746164,1.436117,1092,1301
104.414323,32.204513,89.746164,1.436117,1092,1301
104.414323,32.204513,89.746164,1.436117,1092,1301
104.414323,32.204513,89.746164,1.436117,1092,1301
104.370690,32.198506,89.702946,1.429246,1092,1300
104.370690,32.198506,89.702946,1.429246,1092,1300
104.414323,32.204513,89.746164,1.436117,1092,1301
104.414323,32.204513,89.746164,1.436117,1092,1301
104.370690,32.198506,89.702946,1.429246,1092,1300
104.414323,32.204513,89.746164,1.436117,1092,1301
104.414323,32.204513,89.746164,1.436117,1092,1301
104.414323,32.204513,89.746164,1.436117,1092,1301
104.370690,32.198506,89.702946,1.429246,1092,1300
104.370690,32.198506,89.702946,1.429246,1092,1300
104.414323,32.204513,89.746164,1.436117,1092,1301
104.414323,32.204513,89.746164,1.436117,1092,1301
104.414323,32.204513,89.746164,1.436117,1092,1301
104.414323,32.204513,89.746164,1.436117,1092,1301
104.414323,32.204513,89.746164,1.436117,1092,1301
104.414323,32.204513,89.746164,1.436117,1092,1301
104.414323,32.204513,89.746164,1.436117,1092,1301
104.414323,32.204513,89.746164,1.436117,1092,1301
104.414323,32.204513,89.746164,1.436117,1092,1301
104.414323,32.204513,89.746164,1.436117,1092,1301
104.414323,32.204513,89.746164,1.436117,1092,1301
104.414323,32.204513,89.746164,1.436117,1092,1301
104.370690,32.198506,89.702946,1.429246,1092,1300
104.414323,32.204513,89.746164,1.436117,1092,1301
104.370690,32.198506,89.702946,1.429246,1092,1300
104.414323,32.204513,89.746164,1.436117,1092,1301
104.370690,32.198506,89.702946,1.429246,1092,1300
104.370690,32.198506,89.702946,1.429246,1092,1300
104.414323,32.204513,89.746164,1.436117,1092,1301
104.414323,32.204513,89.746164,1.436117,1092,1301
104.414323,32.204513,89.746164,1.436117,1092,1301
104.370690,32.198506,89.702946,1.429246,1092,1300
104.414323,32.204513,89.746164,1.436117,1092,1301
104.414323,32.204513,89.746164,1.436117,1092,1301
104.414323,32.204513,89.746164,1.436117,1092,1301
104.414323,32.204513,89.746164,1.436117,1092,1301
104.414323,32.204513,89.746164,1.436117,1092,1301
104.370690,32.198506,89.702946,1.429246,1092,1300
104.370690,32.198506,89.702946,1.429246,1092,1300
104.414323,32.204513,89.746164,1.436117,1092,1301
104.414323,32.204513,89.746164,1.436117,1092,1301
104.370690,32.198506,89.702946,1.429246,1092,1300
104.414323,32.204513,89.746164,1.436117,1092,1301
104.414323,32.204513,89.746164,1.436117,1092,1301
104.414323,32.204513,89.746164,1.436117,1092,1301
104.414323,32.204513,89.746164,1.436117,1092,1301
104.370690,32.198506,89.702946,1.429246,1092,1300
104.414323,32.204513,89.746164,1.436117,1092,1301
104.370690,32.198506,89.702946,1.429246,1092,1300
104.414323,32.204513,89.746164,1.436117,1092,1301
104.370690,32.198506,89.702946,1.429246,1092,1300
104.457956,32.210817,89.789340,1.429246,1093,1301
104.501590,32.216824,89.832558,1.436117,1093,1302
104.632489,32.233955,89.962332,1.442989,1094,1304
104.676123,32.239368,90.005628,1.449860,1094,1305
104.763389,32.249896,90.092257,1.449860,1095,1306
104.807022,32.255308,90.135553,1.442989,1096,1306
104.894289,32.266431,90.222108,1.442989,1097,1307
104.937922,32.272141,90.265366,1.436117,1098,1307
105.068822,32.289272,90.395140,1.442989,1099,1309
105.243355,32.311518,90.568249,1.442989,1101,1311
105.330621,32.322641,90.654804,1.442989,1102,1312
105.417887,32.333764,90.741358,1.442989,1103,1313
105.592420,32.356010,90.914468,1.442989,1105,1315
105.723320,32.373140,91.044242,1.436117,1107,1316
105.897853,32.396575,91.217194,1.436117,1109,1318
106.116019,32.426611,91.433283,1.429246,1112,1320
106.246919,32.444633,91.562936,1.436117,1113,1322
106.465085,32.474669,91.779025,1.429246,1116,1324
106.639618,32.499292,91.951812,1.429246,1118,1326
106.857784,32.529328,92.167901,1.436117,1120,1329
107.032317,32.552763,92.340853,1.436117,1122,1331
107.206850,32.576198,92.513806,1.436117,1124,1333
107.381383,32.599633,92.686758,1.436117,1126,1335
107.512283,32.617654,92.816411,1.429246,1128,1336
107.686815,32.642277,92.989198,1.429246,1130,1338
107.817715,32.661189,93.118725,1.422375,1132,1339
107.992248,32.686999,93.291339,1.422375,1134,1341
108.123148,32.705911,93.420865,1.429246,1135,1343
108.341314,32.737431,93.636742,1.422375,1138,1345
108.472214,32.756344,93.766269,1.429246,1139,1347
108.646747,32.780966,93.939056,1.429246,1141,1349
108.777646,32.798988,94.068709,1.436117,1142,1351
108.908546,32.817010,94.198362,1.429246,1144,1352
109.083079,32.841633,94.371150,1.429246,1146,1354
109.126712,32.847640,94.414367,1.436117,1146,1355
109.170345,32.853350,94.457625,1.442989,1146,1356
109.170345,32.853350,94.457625,1.442989,1146,1356
109.170345,32.853350,94.457625,1.442989,1146,1356
109.170345,32.853350,94.457625,1.442989,1146,1356
109.126712,32.847937,94.414329,1.449860,1145,1356
109.083079,32.842524,94.371033,1.442989,1145,1355
109.083079,32.842524,94.371033,1.442989,1145,1355
108.995812,32.831401,94.284478,1.442989,1144,1354
108.995812,32.831401,94.284478,1.442989,1144,1354
108.908546,32.820278,94.197923,1.442989,1143,1353
108.821279,32.809155,94.111369,1.442989,1142,1352
108.734013,32.798033,94.024814,1.442989,1141,1351
108.603113,32.781794,93.894925,1.449860,1139,1350
108.515847,32.771266,93.808296,1.449860,1138,1349
108.341314,32.750210,93.635038,1.449860,1136,1347
108.254047,32.739682,93.548409,1.449860,1135,1346
108.123148,32.723444,93.418521,1.442989,1134,1344
108.035881,32.712321,93.331966,1.442989,1133,1343
107.861348,32.690075,93.158857,1.442989,1131,1341
107.774082,32.678952,93.072302,1.442989,1130,1340
107.599549,32.656706,92.899192,1.442989,1128,1338
107.512283,32.645583,92.812638,1.442989,1127,1337
107.337750,32.623337,92.639528,1.442989,1125,1335
107.206850,32.606207,92.509754,1.436117,1124,1333
107.075950,32.589077,92.379980,1.442989,1122,1332
106.901417,32.566831,92.206871,1.442989,1120,1330
106.726884,32.544585,92.033762,1.442989,1118,1328
106.595985,32.527454,91.903988,1.436117,1117,1326
106.377819,32.497418,91.687899,1.429246,1115,1323
106.203286,32.472795,91.515112,1.429246,1113,1321
106.028753,32.448173,91.342324,1.429246,1111,1319
105.810587,32.416652,91.126447,1.422375,1109,1316
105.636054,32.390843,90.953833,1.422375,1107,1314
105.417887,32.359322,90.737956,1.429246,1104,1312
105.243355,32.334700,90.565169,1.429246,1102,1310
105.068822,32.310077,90.392381,1.429246,1100,1308
104.894289,32.284267,90.219767,1.415503,1099,1305
104.676123,32.249783,90.004344,1.408632,1097,1302
104.457956,32.215299,89.788920,1.415503,1094,1300
104.283423,32.188305,89.616488,1.415503,1092,1298
104.065257,32.153821,89.401064,1.408632,1090,1295
103.890724,32.125641,89.228821,1.408632,1088,1293
103.672558,32.089678,89.013639,1.401761,1086,1290
103.454392,32.053715,88.798458,1.408632,1083,1288
103.279859,32.025535,88.626215,1.408632,1081,1286
103.018060,31.983267,88.367850,1.408632,1078,1283
102.843527,31.955088,88.195607,1.408632,1076,1281
102.625361,31.920604,87.980183,1.415503,1073,1279
102.407195,31.886120,87.764760,1.408632,1071,1276
102.145395,31.843851,87.506395,1.408632,1068,1273
101.970862,31.815672,87.334152,1.408632,1066,1271
101.752696,31.779708,87.118971,1.401761,1064,1268
101.534530,31.743745,86.903789,1.408632,1061,1266
101.272731,31.701476,86.645424,1.408632,1058,1263
101.054564,31.665513,86.430243,1.401761,1056,1260
100.792765,31.621470,86.172175,1.401761,1053,1257
100.618232,31.592108,86.000129,1.401761,1051,1255
100.400066,31.554667,85.785200,1.394889,1049,1252
100.181900,31.517225,85.570271,1.401761,1046,1250
99.920100,31.473182,85.312202,1.401761,1043,1247
99.658301,31.429139,85.054134,1.401761,1040,1244
99.483768,31.399777,84.882089,1.401761,1038,1242
99.265602,31.362336,84.667160,1.394889,1036,1239
98.960169,31.309919,84.366259,1.401761,1032,1236
98.698370,31.265876,84.108190,1.401761,1029,1233
98.523837,31.235332,83.936351,1.388018,1028,1230
98.218404,31.180848,83.635817,1.394889,1024,1227
97.956605,31.135033,83.378058,1.394889,1021,1224
97.782072,31.103309,83.206432,1.381146,1020,1221
97.476639,31.046762,82.906280,1.388018,1016,1218
97.214840,30.999176,82.648841,1.388018,1013,1215
96.996674,30.960259,82.434174,1.394889,1010,1213
96.691241,30.907842,82.133273,1.401761,1006,1210
96.429442,30.863799,81.875205,1.401761,1003,1207
96.211276,30.826357,81.660276,1.394889,1001,1204
95.949476,30.780542,81.402516,1.394889,998,1201
95.731310,30.743101,81.187587,1.401761,995,1199
95.425877,30.690683,80.886686,1.394889,992,1195
95.207711,30.651766,80.672019,1.388018,990,1192
94.989545,30.612849,80.457352,1.394889,987,1190
94.727746,30.567034,80.199592,1.394889,984,1187
94.465946,30.521219,79.941833,1.394889,981,1184
94.247780,30.482302,79.727166,1.388018,979,1181
94.029614,30.443384,79.512499,1.394889,976,1179
93.811448,30.404467,79.297832,1.388018,974,1176
93.549649,30.356882,79.040394,1.388018,971,1173
93.287849,30.309297,78.782955,1.388018,968,1170
93.026050,30.261711,78.525517,1.388018,965,1167
92.807884,30.221320,78.311122,1.381146,963,1164
92.589717,30.180929,78.096728,1.388018,960,1162
92.327918,30.133344,77.839289,1.388018,957,1159
92.066119,30.085758,77.581851,1.388018,954,1156
91.760686,30.029210,77.281698,1.381146,951,1152
91.542520,29.988819,77.067304,1.388018,948,1150
91.324354,29.948428,76.852909,1.381146,946,1147
91.149821,29.915526,76.681506,1.381146,944,1145
90.844388,29.858978,76.381353,1.388018,940,1142
90.582589,29.811393,76.123915,1.388018,937,1139
90.320789,29.763808,75.866476,1.388018,934,1136
90.058990,29.716222,75.609038,1.388018,931,1133
89.840824,29.675831,75.394643,1.381146,929,1130
89.579024,29.626478,75.137538,1.381146,926,1127
89.317225,29.577125,74.880433,1.381146,923,1124
89.055426,29.527772,74.623327,1.381146,920,1121
88.793626,29.478418,74.366222,1.381146,917,1118
88.575460,29.438027,74.151827,1.388018,914,1116
88.357294,29.397636,73.937433,1.381146,912,1113
88.095495,29.348283,73.680327,1.381146,909,1110
87.833695,29.298930,73.423222,1.381146,906,1107
87.615529,29.258538,73.208827,1.388018,903,1105
87.353730,29.210953,72.951389,1.388018,900,1102
87.091930,29.163368,72.693950,1.388018,897,1099
86.830131,29.115783,72.436512,1.388018,894,1096
86.568331,29.068197,72.179073,1.388018,891,1093
86.350165,29.027806,71.964679,1.381146,889,1090
86.044733,28.971258,71.664527,1.388018,885,1087
85.826566,28.930867,71.450132,1.381146,883,1084
85.521134,28.874319,71.149980,1.388018,879,1081
85.302968,28.835402,70.935313,1.394889,876,1079
84.997535,28.780918,70.634779,1.388018,873,1075
84.779369,28.742001,70.420112,1.394889,870,1073
84.517570,28.696186,70.162352,1.394889,867,1070
84.255770,28.650370,69.904593,1.394889,864,1067
84.037604,28.612929,69.689664,1.401761,861,1065
83.775805,28.568886,69.431596,1.401761,858,1062
83.514005,28.524843,69.173528,1.401761,855,1059
83.295839,28.487402,68.958598,1.394889,853,1056
83.034040,28.441587,68.700839,1.394889,850,1053
82.772240,28.395772,68.443079,1.394889,847,1050
82.554074,28.356855,68.228412,1.388018,845,1047
82.292275,28.309269,67.970974,1.388018,842,1044
82.030475,28.261684,67.713535,1.388018,839,1041
81.768676,28.214099,67.456097,1.388018,836,1038
81.506876,28.166513,67.198659,1.388018,833,1035
81.201444,28.112029,66.898125,1.394889,829,1032
80.939644,28.066214,66.640365,1.394889,826,1029
80.721478,28.028773,66.425436,1.401761,823,1027
80.459679,27.984730,66.167368,1.401761,820,1024
80.197880,27.940687,65.909300,1.401761,817,1021
79.936080,27.896644,65.651232,1.401761,814,1018
79.630648,27.844226,65.350331,1.394889,811,1014
79.412481,27.805309,65.135664,1.388018,809,1011
79.150682,27.757724,64.878225,1.388018,806,1008
78.888883,27.710139,64.620787,1.388018,803,1005
78.627083,27.662553,64.363348,1.388018,800,1002
78.365284,27.614968,64.105910,1.388018,797,999
78.103484,27.569153,63.848150,1.401761,793,997
77.841685,27.523337,63.590391,1.388018,791,993
77.536252,27.468853,63.289857,1.394889,787,990
77.274453,27.423038,63.032098,1.394889,784,987
77.056287,27.384121,62.817431,1.388018,782,984
76.794487,27.336536,62.559992,1.388018,779,981
76.532688,27.288950,62.302554,1.388018,776,978
76.314522,27.248559,62.088159,1.381146,774,975
76.052722,27.199206,61.831054,1.381146,771,972
75.747290,27.140597,61.531297,1.374275,768,968
75.529124,27.098734,61.317185,1.381146,765,966
75.223691,27.040125,61.017429,1.374275,762,962
74.961892,26.989006,60.760668,1.374275,759,959
74.743726,26.947143,60.546556,1.381146,756,957
74.438293,26.888534,60.246800,1.374275,753,953
74.263760,26.854455,60.075626,1.374275,751,951
74.001961,26.803336,59.818866,1.374275,748,948
73.740161,26.752218,59.562106,1.374275,745,945
73.478362,26.701099,59.305346,1.374275,742,942
73.260196,26.657765,59.091526,1.367404,740,939
72.998396,26.604884,58.835123,1.367404,737,936
72.736597,26.552002,58.578721,1.367404,734,933
72.431164,26.491335,58.279374,1.374275,730,930
72.212998,26.448001,58.065554,1.367404,728,927
71.951199,26.396882,57.808794,1.381146,724,925
71.689399,26.347529,57.551689,1.381146,721,922
71.471233,26.307138,57.337294,1.388018,718,920
71.253067,26.266747,57.122900,1.381146,716,917
70.947634,26.208138,56.823143,1.374275,713,913
70.685835,26.157019,56.566383,1.374275,710,910
70.467669,26.115156,56.352271,1.381146,707,908
70.205869,26.065803,56.095165,1.381146,704,905
69.944070,26.016450,55.838060,1.381146,701,902
69.682271,25.967096,55.580955,1.381146,698,899
69.376838,25.910549,55.280802,1.388018,694,896
69.202305,25.877647,55.109399,1.374275,693,893
68.984139,25.835783,54.895287,1.381146,690,891
68.678706,25.779235,54.595134,1.388018,686,888
68.373274,25.724751,54.294601,1.394889,682,885
68.155108,25.684360,54.080206,1.374275,681,881
67.806042,25.618556,53.737399,1.388018,676,878
67.544242,25.570971,53.479960,1.388018,673,875
67.326076,25.530579,53.265566,1.381146,671,872
67.064277,25.481226,53.008460,1.381146,668,869
66.802477,25.431873,52.751355,1.381146,665,866
66.453412,25.366069,52.408548,1.381146,661,862
66.191612,25.316716,52.151442,1.381146,658,859
65.929813,25.267363,51.894337,1.381146,655,856
65.668013,25.218010,51.637232,1.381146,652,853
65.406214,25.168656,51.380126,1.381146,649,850
65.100781,25.112109,51.079974,1.388018,645,847
64.882615,25.071717,50.865579,1.381146,643,844
64.577183,25.015170,50.565427,1.388018,639,841
64.271750,24.960686,50.264893,1.394889,635,838
64.053584,24.921769,50.050226,1.388018,633,835
63.791784,24.874183,49.792788,1.388018,630,832
63.529985,24.826598,49.535349,1.388018,627,829
63.180919,24.763151,49.192098,1.388018,623,825
63.006386,24.731427,49.020472,1.388018,621,823
62.700954,24.676943,48.719938,1.394889,617,820
62.439154,24.631128,48.462179,1.394889,614,817
62.177355,24.585313,48.204420,1.394889,611,814
61.871922,24.530829,47.903886,1.388018,608,810
61.610123,24.483244,47.646447,1.388018,605,807
61.348323,24.435658,47.389009,1.388018,602,804
61.086524,24.388073,47.131571,1.388018,599,801
60.824725,24.340488,46.874132,1.388018,596,798
60.475659,24.277041,46.530881,1.388018,592,794
60.213859,24.229455,46.273442,1.388018,589,791
59.995693,24.189064,46.059048,1.381146,587,788
59.733894,24.139711,45.801942,1.381146,584,785
59.428461,24.083163,45.501790,1.388018,580,782
59.166662,24.035578,45.244352,1.388018,577,779
58.904862,23.987992,44.986913,1.388018,574,776
58.643063,23.940407,44.729475,1.388018,571,773
58.381264,23.892822,44.472036,1.388018,568,770
58.119464,23.845237,44.214598,1.388018,565,767
57.814032,23.790753,43.914064,1.394889,561,764
57.508599,23.736269,43.613530,1.388018,558,760
57.246800,23.688683,43.356092,1.388018,555,757
56.985000,23.641098,43.098653,1.388018,552,754
56.723201,23.593513,42.841215,1.388018,549,751
56.461401,23.545927,42.583776,1.388018,546,748
56.199602,23.498342,42.326338,1.388018,543,745
55.937803,23.450757,42.068899,1.388018,540,742
55.676003,23.401404,41.811794,1.374275,538,738
55.457837,23.358070,41.597975,1.367404,536,735
55.370571,23.339856,41.512630,1.353661,536,733
55.501470,23.370247,41.639953,1.319304,540,732
55.457837,23.358665,41.597885,1.284947,542,729
55.457837,23.358665,41.597885,1.257462,544,727
55.545104,23.387269,41.680331,1.216233,548,725
55.588737,23.402838,41.721091,1.195619,550,724
55.676003,23.435929,41.801841,1.168134,553,723
55.719636,23.453440,41.841806,1.147520,555,722
55.806903,23.490375,41.920871,1.120034,558,721
55.763270,23.470962,41.881794,1.099420,559,719
55.806903,23.490910,41.920600,1.092549,560,719
55.719636,23.450217,41.843403,1.078806,560,717
55.763270,23.470960,41.881790,1.071935,561,717
55.763270,23.470960,41.881790,1.058192,562,716
55.763270,23.470960,41.881790,1.044449,563,715
55.850536,23.515318,41.956941,1.030706,565,715
55.937803,23.560705,42.031477,1.016964,567,715
55.981436,23.584035,42.068349,0.996349,569,714
56.068702,23.631956,42.141281,0.982607,571,714
56.112336,23.656290,42.177498,0.975735,572,714
56.155969,23.681121,42.213377,0.955121,574,713
56.243235,23.732006,42.284272,0.941378,576,713
56.286868,23.758054,42.319277,0.920764,578,712
56.330502,23.784818,42.353738,0.900150,580,711
56.417768,23.839522,42.421730,0.886407,582,711
56.461401,23.867454,42.455251,0.865793,584,710
56.505035,23.895844,42.488385,0.858922,585,710
56.548668,23.924686,42.521126,0.838308,587,709
56.548668,23.924686,42.521126,0.824565,588,708
56.635934,23.984368,42.584793,0.810822,590,708
56.635934,23.984368,42.584793,0.797080,591,707
56.723201,24.046202,42.646373,0.769594,594,706
56.766834,24.077850,42.676410,0.748980,596,705
56.766834,24.077850,42.676410,0.721494,598,703
56.766834,24.077850,42.676410,0.707752,599,702
56.766834,24.077850,42.676410,0.680266,601,700
56.810467,24.112052,42.703504,0.659652,603,699
56.766834,24.077299,42.677121,0.639038,604,697
56.810467,24.112589,42.702782,0.618424,606,696
56.810467,24.112589,42.702782,0.590938,608,694
56.810467,24.112589,42.702782,0.563453,610,692
56.854100,24.149715,42.725706,0.542839,612,691
56.854100,24.149715,42.725706,0.515353,614,689
56.854100,24.149715,42.725706,0.487868,616,687
56.810467,24.110964,42.705651,0.467254,617,685
56.810467,24.110964,42.705651,0.439768,619,683
56.810467,24.110964,42.705651,0.412283,621,681
56.810467,24.110964,42.705651,0.384797,623,679
56.810467,24.110964,42.705651,0.357312,625,677
56.766834,24.069830,42.691095,0.322955,627,674
56.766834,24.069830,42.691095,0.295469,629,672
56.766834,24.069830,42.691095,0.267984,631,670
56.766834,24.069830,42.691095,0.240498,633,668
56.679568,23.984798,42.671476,0.213013,634,665
56.679568,23.984798,42.671476,0.185527,636,663
56.635934,23.941781,42.664165,0.151170,638,660
56.635934,23.941781,42.664165,0.123685,640,658
56.592301,23.898395,42.659526,0.089328,642,655
56.548668,23.854898,42.656082,0.068714,643,653
56.548668,23.854898,42.656082,0.041228,645,651
56.505035,23.811278,42.655033,0.006871,647,648
56.505035,23.811278,42.655033,-0.020614,649,646
56.505035,23.811278,42.655033,-0.048100,651,644
56.505035,23.811278,42.655033,-0.075585,653,642
56.505035,23.811278,42.655033,-0.103071,655,640
56.505035,23.811278,42.655033,-0.130556,657,638
56.505035,23.811278,42.655033,-0.158042,659,636
56.548668,23.854243,42.647426,-0.192398,662,634
56.505035,23.811503,42.656211,-0.213013,663,632
56.505035,23.811503,42.656211,-0.240498,665,630
56.548668,23.853696,42.645091,-0.274855,668,628
56.592301,23.895567,42.632817,-0.295469,670,627
56.635934,23.937176,42.619682,-0.316083,672,626
56.723201,24.019739,42.591418,-0.343569,675,625
56.854100,24.143139,42.547748,-0.336697,676,627
57.072267,24.349302,42.476380,-0.329826,678,630
57.246800,24.514812,42.420989,-0.316083,679,633
57.377699,24.639639,42.381584,-0.295469,679,636
57.421332,24.681425,42.369021,-0.288598,679,637
57.508599,24.765083,42.344185,-0.288598,680,638
57.595865,24.848740,42.319348,-0.288598,681,639
57.595865,24.848740,42.319348,-0.288598,681,639
57.683132,24.932398,42.294511,-0.288598,682,640
57.770398,25.016055,42.269674,-0.288598,683,641
57.901298,25.141413,42.231988,-0.295469,685,642
58.032198,25.266770,42.194302,-0.288598,686,644
58.075831,25.308641,42.182028,-0.281726,686,645
58.163097,25.392467,42.157766,-0.281726,687,646
58.293997,25.518331,42.121807,-0.274855,688,648
58.424897,25.644439,42.086713,-0.267984,689,650
58.512163,25.728590,42.063606,-0.267984,690,651
58.643063,25.854936,42.029379,-0.261112,691,653
58.730329,25.939244,42.006851,-0.261112,692,654
58.817596,26.023553,41.984322,-0.261112,693,655
58.948496,26.150131,41.950965,-0.254241,694,657
59.123028,26.319053,41.907068,-0.254241,696,659
59.210295,26.403515,41.885119,-0.254241,697,660
59.384828,26.572735,41.842384,-0.240498,698,663
59.472094,26.657490,41.821598,-0.240498,699,664
59.646627,26.826999,41.780027,-0.240498,701,666
59.777527,26.954238,41.749285,-0.233627,702,668
59.952060,27.124029,41.708880,-0.233627,704,670
60.126593,27.293821,41.668474,-0.233627,706,672
60.301126,27.463612,41.628069,-0.233627,708,674
60.432025,27.591059,41.598202,-0.226755,709,676
60.606558,27.761124,41.558964,-0.226755,711,678
60.737458,27.888571,41.529097,-0.233627,713,679
60.955624,28.100983,41.479320,-0.226755,715,682
61.130157,28.271048,41.440082,-0.226755,717,684
61.304690,28.441113,41.400844,-0.226755,719,686
61.479223,28.611178,41.361606,-0.226755,721,688
61.697389,28.823926,41.313289,-0.219884,723,691
61.871922,28.994257,41.275221,-0.219884,725,693
62.046455,29.164588,41.237152,-0.219884,727,695
62.264621,29.377663,41.190298,-0.213013,729,698
62.439154,29.548252,41.153401,-0.213013,731,700
62.613687,29.718840,41.116504,-0.213013,733,702
62.831853,29.932232,41.071115,-0.206141,735,705
63.006386,30.103070,41.035391,-0.206141,737,707
63.268185,30.359327,40.981805,-0.206141,740,710
63.442718,30.530164,40.946081,-0.206141,742,712
63.660884,30.743864,40.902160,-0.199270,744,715
63.879051,30.957860,40.859708,-0.192398,746,718
64.053584,31.129172,40.826335,-0.192398,748,720
64.315383,31.386141,40.776275,-0.192398,751,723
64.489916,31.557453,40.742902,-0.192398,753,725
64.708082,31.771736,40.701922,-0.185527,755,728
64.926248,31.986295,40.662415,-0.178656,757,731
65.144414,32.201121,40.624383,-0.171784,759,734
65.362580,32.415947,40.586351,-0.178656,762,736
65.624380,32.673579,40.539828,-0.178656,765,739
65.842546,32.888405,40.501796,-0.171784,767,742
66.060712,33.103487,40.465241,-0.164913,769,745
66.235245,33.275652,40.436589,-0.164913,771,747
66.453411,33.490980,40.401513,-0.158042,773,750
66.715211,33.749516,40.360309,-0.158042,776,753
66.889744,33.921874,40.332841,-0.158042,778,755
67.151543,34.180411,40.291637,-0.158042,781,758
67.369709,34.395975,40.258042,-0.151170,783,761
67.631509,34.654788,40.218616,-0.151170,786,764
67.893308,34.913602,40.179191,-0.151170,789,767
68.111474,35.129392,40.147077,-0.144299,791,770
68.373273,35.388470,40.109431,-0.144299,794,773
68.591440,35.604260,40.077317,-0.151170,797,775
68.809606,35.819824,40.043722,-0.158042,800,777
69.071405,36.078361,40.002518,-0.158042,803,780
69.289571,36.293925,39.968923,-0.151170,805,783
69.507738,36.509714,39.936809,-0.144299,807,786
69.725904,36.725504,39.904696,-0.151170,810,788
69.944070,36.941068,39.871100,-0.158042,813,790
70.205869,37.199605,39.829897,-0.158042,816,793
70.467669,37.458141,39.788694,-0.158042,819,796
70.729468,37.716678,39.747491,-0.158042,822,799
70.991267,37.975215,39.706287,-0.158042,825,802
71.209434,38.190543,39.671212,-0.164913,828,804
71.471233,38.448790,39.628233,-0.164913,831,807
71.733032,38.707038,39.585254,-0.164913,834,810
71.951199,38.922120,39.548699,-0.171784,837,812
72.256631,39.223234,39.497523,-0.164913,840,816
72.474797,39.438316,39.460968,-0.171784,843,818
72.736597,39.696262,39.416216,-0.171784,846,821
72.954763,39.911088,39.378184,-0.178656,849,823
73.216562,40.168720,39.331661,-0.178656,852,826
73.521995,40.469103,39.276351,-0.185527,856,829
73.740161,40.683663,39.236844,-0.178656,858,832
74.001960,40.940969,39.188551,-0.192398,862,834
74.263760,41.197938,39.138491,-0.192398,865,837
74.481926,41.412221,39.097511,-0.185527,867,840
74.743725,41.669527,39.049218,-0.185527,870,843
75.049158,41.969523,38.991846,-0.192398,874,846
75.310957,42.226492,38.941786,-0.192398,877,849
75.572757,42.483461,38.891727,-0.192398,880,852
75.834556,42.740080,38.839902,-0.206141,884,854
76.052722,42.953779,38.795981,-0.199270,886,857
76.358155,43.252958,38.734491,-0.206141,890,860
76.619954,43.509214,38.680905,-0.206141,893,863
76.881754,43.765471,38.627319,-0.206141,896,866
77.143553,44.021728,38.573733,-0.206141,899,869
77.448986,44.320907,38.512243,-0.199270,902,873
77.710785,44.577525,38.460419,-0.199270,905,876
77.972585,44.834144,38.408595,-0.199270,908,879
78.278017,45.133323,38.347105,-0.206141,912,882
78.496183,45.346716,38.301716,-0.213013,915,884
78.801616,45.645465,38.238172,-0.206141,918,888
79.063415,45.901722,38.184586,-0.206141,921,891
79.368848,46.200471,38.121042,-0.213013,925,894
79.630647,46.456354,38.065696,-0.213013,928,897
79.892447,46.712236,38.010350,-0.213013,931,900
80.154246,46.968118,37.955005,-0.213013,934,903
80.503312,47.308779,37.878868,-0.226755,939,906
80.808745,47.606156,37.809179,-0.233627,943,909
80.939644,47.733603,37.779313,-0.226755,944,911
81.245077,48.030979,37.709624,-0.233627,948,914
81.506876,48.286076,37.650767,-0.219884,950,918
81.768676,48.541174,37.591910,-0.233627,954,920
81.986842,48.753585,37.542133,-0.226755,956,923
82.292274,49.050962,37.472444,-0.233627,960,926
82.510441,49.263026,37.421208,-0.240498,963,928
82.728607,49.475091,37.369972,-0.233627,965,931
82.990406,49.729778,37.309364,-0.233627,968,934
83.252206,49.984465,37.248755,-0.233627,971,937
83.470372,50.196529,37.197519,-0.240498,974,939
83.732171,50.450794,37.135162,-0.240498,977,942
83.993971,50.705059,37.072805,-0.240498,980,945
84.255770,50.959323,37.010448,-0.240498,983,948
84.473936,51.171388,36.959212,-0.233627,985,951
84.735735,51.425653,36.896855,-0.247369,989,953
84.953902,51.636993,36.842710,-0.254241,992,955
85.172068,51.848333,36.788565,-0.247369,994,958
85.390234,52.059674,36.734419,-0.254241,997,960
85.695667,52.355550,36.658616,-0.247369,1000,964
85.957466,52.609380,36.594513,-0.247369,1003,967
86.219265,52.863211,36.530410,-0.247369,1006,970
86.393798,53.032431,36.487675,-0.247369,1008,972
86.611964,53.243771,36.433530,-0.254241,1011,974
86.873764,53.497155,36.367684,-0.254241,1014,977
87.135563,53.750539,36.301839,-0.254241,1017,980
87.353729,53.961502,36.246243,-0.261112,1020,982
87.615529,54.214427,36.178658,-0.261112,1023,985
87.833695,54.425391,36.123062,-0.254241,1025,988
88.139128,54.720739,36.045227,-0.261112,1029,991
88.357294,54.931703,35.989631,-0.254241,1031,994
88.575460,55.142666,35.934034,-0.261112,1034,996
88.837259,55.395591,35.866450,-0.261112,1037,999
89.055425,55.606555,35.810853,-0.254241,1039,1002
89.317225,55.859938,35.745008,-0.254241,1042,1005
89.535391,56.070902,35.689412,-0.261112,1045,1007
89.797190,56.323827,35.621827,-0.261112,1048,1010
90.015357,56.534790,35.566231,-0.254241,1050,1013
90.233523,56.745754,35.510634,-0.261112,1053,1015
90.495322,56.998679,35.443049,-0.261112,1056,1018
90.800755,57.294028,35.365215,-0.254241,1059,1022
91.062554,57.547411,35.299369,-0.254241,1062,1025
91.324353,57.800795,35.233524,-0.254241,1065,1028
91.542520,58.011758,35.177928,-0.261112,1068,1030
91.804319,58.265142,35.112082,-0.247369,1070,1034
92.066118,58.518972,35.047980,-0.247369,1073,1037
92.327918,58.772802,34.983877,-0.247369,1076,1040
92.633350,59.069193,34.910108,-0.240498,1079,1044
92.895150,59.323458,34.847751,-0.240498,1082,1047
93.113316,59.535522,34.796515,-0.233627,1084,1050
93.375115,59.790209,34.735907,-0.233627,1087,1053
93.636915,60.044896,34.675298,-0.233627,1090,1056
93.898714,60.299583,34.614690,-0.233627,1093,1059
94.116880,60.511995,34.564912,-0.226755,1095,1062
94.422313,60.809843,34.497269,-0.219884,1098,1066
94.684112,61.065339,34.440166,-0.219884,1101,1069
94.945912,61.320835,34.383063,-0.219884,1104,1072
95.207711,61.576331,34.325961,-0.219884,1107,1075
95.513144,61.874637,34.260365,-0.213013,1110,1079
95.774943,62.130519,34.205020,-0.213013,1113,1082
95.949476,62.301107,34.168122,-0.213013,1115,1084
96.211275,62.556990,34.112777,-0.213013,1118,1087
96.429442,62.770382,34.067388,-0.206141,1120,1090
96.734874,63.069132,34.003844,-0.213013,1124,1093
96.953040,63.282524,33.958455,-0.206141,1126,1096
97.171207,63.496223,33.914534,-0.199270,1128,1099
97.433006,63.752842,33.862710,-0.199270,1131,1102
97.694805,64.009461,33.810886,-0.199270,1134,1105
97.912971,64.223457,33.768434,-0.192398,1136,1108
98.218404,64.523453,33.711061,-0.185527,1139,1112
98.436570,64.737735,33.670081,-0.192398,1142,1114
98.698370,64.994704,33.620022,-0.192398,1145,1117
98.960169,65.251673,33.569962,-0.192398,1148,1120
99.221968,65.508642,33.519902,-0.192398,1151,1123
99.440135,65.722924,33.478922,-0.185527,1153,1126
99.789200,66.066000,33.414532,-0.185527,1157,1130
100.051000,66.323307,33.366239,-0.185527,1160,1133
100.225533,66.494845,33.334044,-0.185527,1162,1135
100.443699,66.709127,33.293063,-0.192398,1165,1137
100.705498,66.966096,33.243004,-0.192398,1168,1140
100.923664,67.180379,33.202023,-0.185527,1170,1143
101.185464,67.437685,33.153731,-0.185527,1173,1146
101.490896,67.737681,33.096358,-0.192398,1177,1149
101.709063,67.951677,33.053906,-0.199270,1180,1151
101.970862,68.208296,33.002082,-0.199270,1183,1154
102.232661,68.464915,32.950258,-0.199270,1186,1157
102.494461,68.721534,32.898434,-0.199270,1189,1160
102.756260,68.978152,32.846610,-0.199270,1192,1163
103.105326,69.320311,32.777511,-0.199270,1196,1167
103.279859,69.491390,32.742962,-0.199270,1198,1169
103.585292,69.790569,32.681472,-0.206141,1202,1172
103.803458,70.004268,32.637551,-0.199270,1204,1175
104.065257,70.260887,32.585726,-0.199270,1207,1178
104.327057,70.517506,32.533902,-0.199270,1210,1181
104.545223,70.731205,32.489981,-0.206141,1213,1183
104.850655,71.029954,32.426437,-0.213013,1217,1186
105.112455,71.285837,32.371091,-0.213013,1220,1189
105.374254,71.541719,32.315745,-0.213013,1223,1192
105.636054,71.797601,32.260400,-0.213013,1226,1195
105.897853,72.053484,32.205054,-0.213013,1229,1198
106.159652,72.309366,32.149708,-0.213013,1232,1201
106.421452,72.565248,32.094362,-0.213013,1235,1204
106.683251,72.821131,32.039016,-0.213013,1238,1207
106.945050,73.077013,31.983671,-0.213013,1241,1210
107.206850,73.332895,31.928325,-0.213013,1244,1213
107.512283,73.631645,31.864781,-0.206141,1247,1217
107.730449,73.845037,31.819392,-0.213013,1250,1219
107.992248,74.100920,31.764046,-0.213013,1253,1222
108.297681,74.399669,31.700502,-0.206141,1256,1226
108.559480,74.655926,31.646916,-0.206141,1259,1229
108.821279,74.912182,31.593330,-0.206141,1262,1232
109.083079,75.168801,31.541506,-0.192398,1264,1236
109.388511,75.468395,31.482073,-0.199270,1268,1239
109.650311,75.725014,31.430249,-0.199270,1271,1242
109.999377,76.067173,31.361150,-0.199270,1275,1246
110.173910,76.238252,31.326601,-0.199270,1277,1248
110.479342,76.537846,31.267168,-0.192398,1280,1252
110.828408,76.880004,31.198069,-0.206141,1285,1255
111.090207,77.136261,31.144483,-0.206141,1288,1258
111.352007,77.392518,31.090897,-0.206141,1291,1261
111.657440,77.691697,31.029407,-0.199270,1294,1265
111.919239,77.948315,30.977583,-0.199270,1297,1268
112.137405,78.162312,30.935131,-0.192398,1299,1271
112.486471,78.504470,30.866032,-0.206141,1304,1274
112.704637,78.718169,30.822111,-0.199270,1306,1277
112.966436,78.974788,30.770287,-0.199270,1309,1280
113.184603,79.188784,30.727835,-0.192398,1311,1283
113.446402,79.445753,30.677776,-0.192398,1314,1286
113.664568,79.659749,30.635324,-0.199270,1317,1288
113.926368,79.916368,30.583500,-0.199270,1320,1291
114.231800,80.215962,30.524067,-0.192398,1323,1295
114.449966,80.429958,30.481615,-0.199270,1326,1297
114.711766,80.686577,30.429791,-0.199270,1329,1300
114.929932,80.900276,30.385870,-0.206141,1332,1302
115.191731,81.156895,30.334046,-0.192398,1334,1306
115.453531,81.413864,30.283986,-0.192398,1337,1309
115.715330,81.670832,30.233927,-0.192398,1340,1312
115.933496,81.884829,30.191475,-0.199270,1343,1314
116.195296,82.141447,30.139651,-0.199270,1346,1317
116.369829,82.312526,30.105101,-0.199270,1348,1319
116.631628,82.569145,30.053277,-0.199270,1351,1322
116.893427,82.825764,30.001453,-0.199270,1354,1325
117.155227,83.082383,29.949629,-0.199270,1357,1328
117.329760,83.253462,29.915079,-0.199270,1359,1330
117.547926,83.466854,29.869691,-0.219884,1363,1331
117.722459,83.637185,29.831622,-0.219884,1365,1333
117.896992,83.807250,29.792384,-0.233627,1368,1334
118.027891,83.934274,29.760769,-0.254241,1371,1334
118.158791,84.060620,29.726542,-0.274855,1374,1334
118.289691,84.186234,29.689719,-0.295469,1377,1334
118.333324,84.227843,29.676584,-0.316083,1379,1333
118.420590,84.310598,29.648888,-0.329826,1381,1333
118.507857,84.392764,29.619492,-0.357311,1384,1332
118.551490,84.433482,29.603811,-0.377926,1386,1331
118.595123,84.473868,29.587293,-0.398540,1388,1330
118.638757,84.513785,29.569672,-0.432897,1391,1328
118.638757,84.513785,29.569672,-0.460382,1393,1326
118.507857,84.397531,29.629835,-0.494739,1394,1322
118.376957,84.282974,29.693171,-0.515353,1394,1319
118.246057,84.170200,29.759631,-0.549710,1395,1315
118.158791,84.096105,29.805732,-0.563453,1395,1313
118.027891,83.986658,29.877538,-0.597810,1396,1309
117.853358,83.843758,29.977744,-0.625295,1396,1305
117.678825,83.703665,30.081839,-0.652781,1396,1301
117.504293,83.565748,30.188800,-0.666523,1395,1298
117.329760,83.430066,30.298582,-0.694009,1395,1294
117.242493,83.363758,30.355316,-0.721494,1396,1291
117.111593,83.266976,30.443452,-0.755851,1397,1287
117.024327,83.204302,30.504175,-0.783337,1398,1284
116.893427,83.112508,30.597496,-0.803951,1398,1281
116.762528,83.022657,30.692688,-0.824565,1398,1278
116.587995,82.905943,30.822455,-0.852050,1398,1274
116.544361,82.877553,30.855589,-0.872665,1399,1272
116.413462,82.794451,30.956726,-0.893279,1399,1269
116.369829,82.767451,30.991002,-0.913893,1400,1267
116.238929,82.688587,31.095479,-0.934507,1400,1264
116.195296,82.663023,31.130838,-0.955121,1401,1262
116.151662,82.638192,31.166718,-0.975735,1402,1260
116.108029,82.614107,31.203101,-0.996349,1403,1258
116.020763,82.567194,31.276685,-1.010092,1403,1256
116.064396,82.590015,31.239496,-1.030706,1405,1255
116.020763,82.567965,31.277147,-1.051320,1406,1253
116.020763,82.567965,31.277147,-1.078806,1408,1251
116.020763,82.567965,31.277147,-1.092549,1409,1250
116.020763,82.567965,31.277147,-1.120034,1411,1248
116.020763,82.567965,31.277147,-1.133777,1412,1247
116.064396,82.586024,31.237427,-1.154391,1414,1246
116.064396,82.586024,31.237427,-1.168134,1415,1245
116.064396,82.586024,31.237427,-1.195619,1417,1243
116.108029,82.601594,31.196666,-1.216233,1419,1242
116.151662,82.616320,31.155593,-1.236847,1421,1241
116.195296,82.630196,31.114225,-1.257462,1423,1240
116.238929,82.643217,31.072580,-1.278076,1425,1239
116.238929,82.643217,31.072580,-1.305561,1427,1237
116.282562,82.654220,31.030357,-1.326175,1429,1236
116.282562,82.654220,31.030357,-1.353661,1431,1234
116.326195,82.663180,30.987653,-1.374275,1433,1233
116.326195,82.663180,30.987653,-1.401760,1435,1231
116.413462,82.676678,30.901437,-1.429246,1438,1230
116.413462,82.676678,30.901437,-1.456731,1440,1228
116.457095,82.681197,30.858038,-1.477346,1442,1227
116.500728,82.684820,30.814556,-1.497960,1444,1226
116.544361,82.687547,30.771008,-1.518574,1446,1225
116.587995,82.689375,30.727413,-1.539188,1448,1224
116.675261,82.691534,30.640173,-1.552931,1450,1224
116.806161,82.693423,30.509287,-1.559802,1452,1225
116.893427,82.693783,30.422021,-1.573545,1454,1225
116.980694,82.692943,30.334759,-1.587288,1456,1225
117.067960,82.691504,30.247504,-1.587288,1457,1226
117.155227,82.689465,30.160262,-1.601030,1459,1226
117.286126,82.685059,30.029436,-1.607902,1461,1227
117.373393,82.681222,29.942254,-1.621644,1463,1227
117.504293,82.674120,29.811547,-1.628516,1465,1228
117.591559,82.669086,29.724426,-1.628516,1466,1229
117.678825,82.663453,29.637342,-1.642259,1468,1229
117.853358,82.650991,29.463254,-1.642259,1470,1231
117.984258,82.641196,29.332721,-1.649130,1472,1232
118.158791,82.627539,29.158724,-1.649130,1474,1234
118.333324,82.613881,28.984726,-1.649130,1476,1236
118.420590,82.607052,28.897727,-1.649130,1477,1237
118.551490,82.596360,28.767265,-1.656001,1479,1238
118.769656,82.577047,28.549955,-1.662873,1482,1240
118.900556,82.564564,28.419652,-1.669744,1484,1241
119.031456,82.551185,28.289438,-1.676615,1486,1242
119.205989,82.532751,28.115881,-1.676615,1488,1244
119.380521,82.514316,27.942325,-1.676615,1490,1246
119.555054,82.495882,27.768768,-1.676615,1492,1248
119.685954,82.481609,27.638649,-1.683487,1494,1249
119.904120,82.456331,27.421952,-1.690358,1497,1251
120.035020,82.441164,27.291934,-1.683487,1498,1253
120.209553,82.421537,27.118508,-1.683487,1500,1255
120.427719,82.396259,26.901811,-1.690358,1503,1257
120.558619,82.380200,26.771900,-1.697230,1505,1258
120.733152,82.358192,26.598761,-1.697230,1507,1260
120.951318,82.329938,26.382432,-1.704101,1510,1262
121.169484,82.300199,26.166302,-1.710972,1513,1264
121.387650,82.268975,25.950382,-1.717844,1516,1266
121.562183,82.243403,25.777732,-1.717844,1518,1268
121.823982,82.205045,25.518758,-1.717844,1521,1271
121.998515,82.179473,25.346109,-1.717844,1523,1273
122.216682,82.148249,25.130189,-1.710972,1525,1276
122.434848,82.117025,24.914268,-1.717844,1528,1278
122.609381,82.091453,24.741619,-1.717844,1530,1280
122.783914,82.065881,24.568970,-1.717844,1532,1282
123.002080,82.033174,24.353269,-1.724715,1535,1284
123.220246,81.998986,24.137798,-1.731586,1538,1286
123.351146,81.977586,24.008660,-1.738458,1540,1287
123.612945,81.933898,23.750531,-1.738458,1543,1290
123.874744,81.890209,23.492403,-1.738458,1546,1293
124.136544,81.846521,23.234275,-1.738458,1549,1296
124.354710,81.809375,23.019294,-1.745329,1552,1298
124.572876,81.772229,22.804314,-1.738458,1554,1301
124.791042,81.735084,22.589333,-1.745329,1557,1303
124.965575,81.704776,22.417452,-1.745329,1559,1305
125.227374,81.659315,22.159629,-1.745329,1562,1308
125.445541,81.620693,21.944909,-1.752201,1565,1310
125.663707,81.582071,21.730189,-1.745329,1567,1313
125.838240,81.550583,21.558520,-1.759072,1570,1314
126.100039,81.501584,21.301347,-1.759072,1573,1317
126.318205,81.460014,21.087178,-1.765943,1576,1319
126.580005,81.409249,20.830347,-1.765943,1579,1322
126.754538,81.375405,20.659127,-1.765943,1581,1324
127.016337,81.324639,20.402297,-1.765943,1584,1327
127.278136,81.273873,20.145467,-1.765943,1587,1330
127.452669,81.240030,19.974247,-1.765943,1589,1332
127.714469,81.189264,19.717416,-1.765943,1592,1335
127.976268,81.138498,19.460586,-1.765943,1595,1338
128.150801,81.104654,19.289366,-1.765943,1597,1340
128.368967,81.061615,19.075487,-1.772815,1600,1342
128.630767,81.009085,18.819012,-1.772815,1603,1345
128.892566,80.956556,18.562537,-1.772815,1606,1348
129.110732,80.913516,18.348658,-1.765943,1608,1351
129.328898,80.870476,18.134780,-1.772815,1611,1353
129.634331,80.810221,17.835350,-1.765943,1614,1357
129.852497,80.767181,17.621471,-1.772815,1617,1359
130.114296,80.714651,17.364996,-1.772815,1620,1362
130.332463,80.671612,17.151117,-1.765943,1622,1365
130.550629,80.628572,16.937239,-1.772815,1625,1367
130.812428,80.576042,16.680763,-1.772815,1628,1370
131.074228,80.523513,16.424288,-1.772815,1631,1373
131.292394,80.479005,16.210710,-1.779686,1634,1375
131.510560,80.434496,15.997132,-1.772815,1636,1378
131.815992,80.374240,15.697702,-1.765943,1639,1382
132.077792,80.323475,15.440872,-1.765943,1642,1385
132.339591,80.272709,15.184042,-1.765943,1645,1388
132.557757,80.229669,14.970163,-1.772815,1648,1390
132.863190,80.169413,14.670733,-1.765943,1651,1394
133.124989,80.118648,14.413903,-1.765943,1654,1397
133.299522,80.084804,14.242683,-1.765943,1656,1399
133.604955,80.026607,13.942846,-1.759072,1659,1403
133.910388,79.968410,13.643009,-1.765943,1663,1406
134.128554,79.926841,13.428840,-1.759072,1665,1409
134.390353,79.877841,13.171667,-1.759072,1668,1412
134.608519,79.837745,12.957217,-1.752201,1670,1415
134.913952,79.781609,12.656987,-1.759072,1674,1418
135.175751,79.732610,12.399814,-1.759072,1677,1421
135.393917,79.692513,12.185364,-1.752201,1679,1424
135.655717,79.645281,11.927861,-1.752201,1682,1427
135.917516,79.598050,11.670357,-1.752201,1685,1430
136.179316,79.550818,11.412853,-1.752201,1688,1433
136.484748,79.496748,11.112245,-1.745329,1691,1437
136.746548,79.451287,10.854423,-1.745329,1694,1440
136.964714,79.414141,10.639442,-1.738458,1696,1443
137.226513,79.370452,10.381314,-1.738458,1699,1446
137.488313,79.326764,10.123186,-1.738458,1702,1449
137.750112,79.283076,9.865057,-1.738458,1705,1452
138.011911,79.239387,9.606929,-1.738458,1708,1455
138.273711,79.195699,9.348801,-1.738458,1711,1458
138.535510,79.152011,9.090672,-1.738458,1714,1461
138.753676,79.116343,8.875441,-1.731586,1716,1464
139.015476,79.074430,8.617019,-1.731586,1719,1467
139.320908,79.024495,8.315696,-1.738458,1723,1470
139.582708,78.980806,8.057567,-1.738458,1726,1473
139.844507,78.937118,7.799439,-1.738458,1729,1476
140.149940,78.887183,7.498116,-1.731586,1732,1480
140.411739,78.845270,7.239694,-1.731586,1735,1483
140.673539,78.803356,6.981271,-1.731586,1738,1486
140.978971,78.755493,6.679612,-1.724715,1741,1490
141.240771,78.715356,6.420908,-1.724715,1744,1493
141.415304,78.688598,6.248438,-1.724715,1746,1495
141.677103,78.648461,5.989734,-1.724715,1749,1498
141.938902,78.608324,5.731029,-1.724715,1752,1501
142.244335,78.562535,5.429048,-1.717844,1755,1505
142.462501,78.529829,5.213348,-1.724715,1758,1507
142.680667,78.495641,4.997877,-1.731586,1761,1509
142.942467,78.453727,4.739455,-1.731586,1764,1512
143.291532,78.400211,4.394515,-1.717844,1767,1517
143.509699,78.367505,4.178815,-1.724715,1770,1519
143.771498,78.327368,3.920110,-1.724715,1773,1522
144.076931,78.279505,3.618451,-1.731586,1777,1525
144.382363,78.231641,3.316792,-1.724715,1780,1529
144.687796,78.183778,3.015133,-1.731586,1784,1532
144.905962,78.148111,2.799902,-1.738458,1787,1534
145.211395,78.098176,2.498579,-1.731586,1790,1538
145.473194,78.056262,2.240157,-1.731586,1793,1541
145.691360,78.020595,2.024926,-1.738458,1796,1543
145.996793,77.970660,1.723603,-1.731586,1799,1547
146.258592,77.928746,1.465181,-1.731586,1802,1550
146.520392,77.886833,1.206758,-1.731586,1805,1553
146.825824,77.838969,0.905099,-1.724715,1808,1557
147.087624,77.798833,0.646395,-1.724715,1811,1560
147.393056,77.750969,0.344735,-1.731586,1815,1563
147.611222,77.716782,0.129265,-1.724715,1817,1566
147.916655,77.668918,-0.172394,-1.731586,1821,1569
148.178454,77.627005,-0.430817,-1.731586,1824,1572
148.483887,77.579142,-0.732476,-1.724715,1827,1576
148.745686,77.539005,-0.991180,-1.724715,1830,1579
149.094752,77.483120,-1.335744,-1.738458,1835,1582
149.312918,77.448932,-1.551214,-1.717844,1836,1586
149.661984,77.395416,-1.896153,-1.731586,1841,1589
150.011050,77.339531,-2.240717,-1.731586,1845,1593
150.229216,77.306825,-2.456417,-1.710972,1846,1597
150.534649,77.263112,-2.758706,-1.717844,1850,1600
150.796448,77.224753,-3.017680,-1.717844,1853,1603
151.101881,77.181040,-3.319968,-1.710972,1856,1607
151.363680,77.144462,-3.579200,-1.710972,1859,1610
151.669113,77.102827,-3.881781,-1.704101,1862,1614
151.974545,77.063273,-4.184642,-1.697230,1865,1618
152.279978,77.025800,-4.487767,-1.690358,1868,1622
152.541777,76.994573,-4.747697,-1.690358,1871,1625
152.847210,76.959184,-5.051073,-1.683487,1874,1629
153.109010,76.929744,-5.311212,-1.683487,1877,1632
153.370809,76.900304,-5.571351,-1.683487,1880,1635
153.632608,76.870864,-5.831489,-1.683487,1883,1638
153.894408,76.841424,-6.091628,-1.683487,1886,1641
154.112574,76.816146,-6.308325,-1.690358,1889,1643
154.374373,76.784920,-6.568255,-1.690358,1892,1646
154.723439,76.743284,-6.914829,-1.690358,1896,1650
155.028872,76.705811,-7.217954,-1.697230,1900,1653
155.334304,76.668338,-7.521080,-1.690358,1903,1657
155.639737,76.632949,-7.824455,-1.683487,1906,1661
155.945170,76.599646,-8.128067,-1.676615,1909,1665
156.250602,76.566342,-8.431678,-1.683487,1913,1668
156.556035,76.533038,-8.735290,-1.676615,1916,1672
156.730568,76.513412,-8.908716,-1.690358,1919,1673
156.948734,76.486645,-9.125234,-1.697230,1922,1675
157.210533,76.451850,-9.384710,-1.710972,1926,1677
157.428699,76.420626,-9.600630,-1.717844,1929,1679
157.734132,76.374837,-9.902611,-1.724715,1933,1682
157.995931,76.334700,-10.161316,-1.724715,1936,1685
158.388631,76.273162,-10.549163,-1.731586,1941,1689
158.694063,76.225299,-10.850822,-1.724715,1944,1693
158.955863,76.185162,-11.109527,-1.724715,1947,1696
159.261295,76.139372,-11.411507,-1.717844,1950,1700
159.523095,76.101014,-11.670481,-1.717844,1953,1703
159.828527,76.055225,-11.972462,-1.724715,1957,1706
160.090327,76.015088,-12.231167,-1.724715,1960,1709
160.395759,75.967225,-12.532826,-1.731586,1964,1712
160.613925,75.931557,-12.748057,-1.738458,1967,1714
160.919358,75.881622,-13.049380,-1.731586,1970,1718
161.181157,75.839709,-13.307802,-1.731586,1973,1721
161.486590,75.789774,-13.609125,-1.738458,1977,1724
161.748389,75.746086,-13.867254,-1.738458,1980,1727
162.010189,75.702397,-14.125382,-1.738458,1983,1730
162.359255,75.644146,-14.469553,-1.738458,1987,1734
162.621054,75.600458,-14.727681,-1.738458,1990,1737
162.926487,75.548454,-15.028654,-1.745329,1994,1740
163.188286,75.502993,-15.286476,-1.745329,1997,1743
163.493719,75.450989,-15.587449,-1.738458,2000,1747
163.799151,75.398985,-15.888422,-1.745329,2004,1750
164.060951,75.353524,-16.146244,-1.745329,2007,1753
164.366383,75.299453,-16.446853,-1.752201,2011,1756
164.628183,75.252221,-16.704356,-1.752201,2014,1759
164.933615,75.198150,-17.004965,-1.745329,2017,1763
165.195415,75.152689,-17.262787,-1.745329,2020,1766
165.500847,75.098618,-17.563395,-1.752201,2024,1769
165.762647,75.051387,-17.820899,-1.752201,2027,1772
166.024446,75.004155,-18.078402,-1.752201,2030,1775
166.242612,74.965533,-18.293123,-1.745329,2032,1778
166.373512,74.943246,-18.422111,-1.738458,2033,1780
166.460778,74.928683,-18.508154,-1.738458,2034,1781
166.635311,74.899558,-18.680239,-1.738458,2036,1783
166.809844,74.869250,-18.852121,-1.752201,2039,1784
166.897111,74.853506,-18.937955,-1.752201,2040,1785
167.071644,74.822019,-19.109624,-1.752201,2042,1787
167.202543,74.797961,-19.238294,-1.759072,2044,1788
167.289810,74.781628,-19.324019,-1.759072,2045,1789
167.377076,74.765294,-19.409743,-1.759072,2046,1790
167.377076,74.765294,-19.409743,-1.759072,2046,1790
167.420709,74.757275,-19.452633,-1.752201,2046,1791
167.420709,74.757275,-19.452633,-1.752201,2046,1791
167.464343,74.749256,-19.495523,-1.759072,2047,1791
167.464343,74.749256,-19.495523,-1.759072,2047,1791
167.464343,74.749256,-19.495523,-1.759072,2047,1791
167.420709,74.757570,-19.452689,-1.765943,2047,1790
167.420709,74.757570,-19.452689,-1.765943,2047,1790
167.420709,74.757570,-19.452689,-1.765943,2047,1790
167.420709,74.757570,-19.452689,-1.765943,2047,1790
167.377076,74.765883,-19.409855,-1.759072,2046,1790
167.420709,74.757570,-19.452689,-1.765943,2047,1790
167.420709,74.757570,-19.452689,-1.765943,2047,1790
167.420709,74.757570,-19.452689,-1.765943,2047,1790
167.464343,74.749256,-19.495523,-1.759072,2047,1791
167.420709,74.757570,-19.452689,-1.765943,2047,1790
167.420709,74.757570,-19.452689,-1.765943,2047,1790
167.420709,74.757570,-19.452689,-1.765943,2047,1790
167.464343,74.749256,-19.495523,-1.759072,2047,1791
167.420709,74.757570,-19.452689,-1.765943,2047,1790
167.420709,74.757570,-19.452689,-1.765943,2047,1790
167.420709,74.757570,-19.452689,-1.765943,2047,1790
167.420709,74.757570,-19.452689,-1.765943,2047,1790
167.420709,74.757570,-19.452689,-1.765943,2047,1790
167.420709,74.757570,-19.452689,-1.765943,2047,1790
167.420709,74.757570,-19.452689,-1.765943,2047,1790
167.420709,74.757570,-19.452689,-1.765943,2047,1790
167.420709,74.757570,-19.452689,-1.765943,2047,1790
167.420709,74.757570,-19.452689,-1.765943,2047,1790
167.420709,74.757570,-19.452689,-1.752201,2046,1791
167.377076,74.765589,-19.409799,-1.759072,2046,1790
167.333443,74.773608,-19.366909,-1.752201,2045,1790
167.289810,74.781333,-19.323965,-1.745329,2044,1790
167.158910,74.803620,-19.194977,-1.738458,2042,1789
167.115277,74.810754,-19.151930,-1.731586,2041,1789
167.028010,74.824725,-19.065790,-1.731586,2040,1788
166.940744,74.838696,-18.979649,-1.731586,2039,1787
166.897111,74.845830,-18.936603,-1.738458,2039,1786
166.897111,74.845830,-18.936603,-1.738458,2039,1786
166.897111,74.845830,-18.936603,-1.752201,2040,1785
166.897111,74.845830,-18.936603,-1.765943,2041,1784
166.853477,74.854438,-18.893827,-1.772815,2041,1783
166.853477,74.854438,-18.893827,-1.772815,2041,1783
166.809844,74.863339,-18.851111,-1.779686,2041,1782
166.809844,74.863339,-18.851111,-1.779686,2041,1782
166.766211,74.872241,-18.808396,-1.772815,2040,1782
166.678945,74.889751,-18.722904,-1.772815,2039,1781
166.678945,74.889751,-18.722904,-1.772815,2039,1781
166.678945,74.889751,-18.722904,-1.772815,2039,1781
166.678945,74.889751,-18.722904,-1.772815,2039,1781
166.678945,74.889751,-18.722904,-1.772815,2039,1781
166.722578,74.881143,-18.765680,-1.765943,2039,1782
166.678945,74.889457,-18.722846,-1.759072,2038,1782
166.678945,74.889457,-18.722846,-1.759072,2038,1782
166.722578,74.881437,-18.765736,-1.752201,2038,1783
166.722578,74.881437,-18.765736,-1.752201,2038,1783
166.766211,74.873713,-18.808680,-1.745329,2038,1784
166.766211,74.873713,-18.808680,-1.745329,2038,1784
166.766211,74.873713,-18.808680,-1.745329,2038,1784
166.766211,74.873713,-18.808680,-1.745329,2038,1784
166.766211,74.873713,-18.808680,-1.745329,2038,1784
166.766211,74.873713,-18.808680,-1.745329,2038,1784
166.766211,74.873713,-18.808680,-1.745329,2038,1784
166.766211,74.873713,-18.808680,-1.745329,2038,1784
166.766211,74.873713,-18.808680,-1.745329,2038,1784
166.766211,74.873713,-18.808680,-1.745329,2038,1784
166.766211,74.873713,-18.808680,-1.745329,2038,1784
166.766211,74.873713,-18.808680,-1.745329,2038,1784
166.766211,74.873713,-18.808680,-1.745329,2038,1784
166.766211,74.873713,-18.808680,-1.745329,2038,1784
166.766211,74.873713,-18.808680,-1.745329,2038,1784
166.766211,74.873713,-18.808680,-1.745329,2038,1784
166.809844,74.865988,-18.851624,-1.752201,2039,1784
166.809844,74.865988,-18.851624,-1.752201,2039,1784
166.809844,74.865988,-18.851624,-1.752201,2039,1784
166.809844,74.865988,-18.851624,-1.752201,2039,1784
166.809844,74.865988,-18.851624,-1.752201,2039,1784
166.809844,74.865988,-18.851624,-1.752201,2039,1784
166.809844,74.865988,-18.851624,-1.752201,2039,1784
166.809844,74.865988,-18.851624,-1.752201,2039,1784
166.809844,74.865988,-18.851624,-1.752201,2039,1784
166.809844,74.865988,-18.851624,-1.752201,2039,1784
166.809844,74.865988,-18.851624,-1.752201,2039,1784
166.853477,74.857969,-18.894514,-1.759072,2040,1784
166.853477,74.857969,-18.894514,-1.759072,2040,1784
166.853477,74.857969,-18.894514,-1.759072,2040,1784
166.853477,74.857969,-18.894514,-1.759072,2040,1784
166.853477,74.857969,-18.894514,-1.759072,2040,1784
166.853477,74.857969,-18.894514,-1.759072,2040,1784
166.853477,74.857969,-18.894514,-1.759072,2040,1784
166.853477,74.857969,-18.894514,-1.759072,2040,1784
166.853477,74.857969,-18.894514,-1.759072,2040,1784
166.853477,74.857969,-18.894514,-1.759072,2040,1784
166.853477,74.857969,-18.894514,-1.759072,2040,1784
166.809844,74.866283,-18.851680,-1.765943,2040,1783
166.853477,74.857969,-18.894514,-1.759072,2040,1784
166.809844,74.866283,-18.851680,-1.765943,2040,1783
166.853477,74.857675,-18.894456,-1.772815,2041,1783
166.897111,74.849067,-18.937232,-1.765943,2041,1784
166.897111,74.849067,-18.937232,-1.765943,2041,1784
166.897111,74.849067,-18.937232,-1.765943,2041,1784
166.853477,74.857675,-18.894456,-1.772815,2041,1783
166.897111,74.849067,-18.937232,-1.765943,2041,1784
166.897111,74.849067,-18.937232,-1.765943,2041,1784
166.853477,74.857675,-18.894456,-1.772815,2041,1783
166.897111,74.849067,-18.937232,-1.765943,2041,1784
166.897111,74.849067,-18.937232,-1.765943,2041,1784
166.897111,74.849067,-18.937232,-1.765943,2041,1784
166.853477,74.857675,-18.894456,-1.772815,2041,1783
166.897111,74.849067,-18.937232,-1.765943,2041,1784
166.897111,74.849067,-18.937232,-1.765943,2041,1784
166.853477,74.857675,-18.894456,-1.772815,2041,1783
166.897111,74.849067,-18.937232,-1.765943,2041,1784
166.897111,74.849067,-18.937232,-1.765943,2041,1784
166.897111,74.849067,-18.937232,-1.765943,2041,1784
166.897111,74.849067,-18.937232,-1.765943,2041,1784
166.897111,74.849067,-18.937232,-1.765943,2041,1784
166.853477,74.857675,-18.894456,-1.772815,2041,1783
166.897111,74.849067,-18.937232,-1.765943,2041,1784
166.853477,74.857675,-18.894456,-1.772815,2041,1783
166.853477,74.857675,-18.894456,-1.772815,2041,1783
166.853477,74.857675,-18.894456,-1.772815,2041,1783
166.766211,74.875772,-18.809086,-1.786557,2041,1781
166.766211,74.875772,-18.809086,-1.786557,2041,1781
166.722578,74.885260,-18.766497,-1.793429,2041,1780
166.722578,74.885260,-18.766497,-1.793429,2041,1780
166.766211,74.875772,-18.809086,-1.786557,2041,1781
166.766211,74.875772,-18.809086,-1.786557,2041,1781
166.766211,74.875772,-18.809086,-1.786557,2041,1781
166.809844,74.866577,-18.851740,-1.779686,2041,1782
166.809844,74.866577,-18.851740,-1.779686,2041,1782
166.809844,74.866577,-18.851740,-1.779686,2041,1782
166.809844,74.866577,-18.851740,-1.779686,2041,1782
166.809844,74.866577,-18.851740,-1.779686,2041,1782
166.809844,74.866577,-18.851740,-1.779686,2041,1782
166.809844,74.866577,-18.851740,-1.779686,2041,1782
166.809844,74.866577,-18.851740,-1.779686,2041,1782
166.766211,74.875772,-18.809086,-1.786557,2041,1781
166.766211,74.875772,-18.809086,-1.786557,2041,1781
166.766211,74.875772,-18.809086,-1.786557,2041,1781
166.766211,74.875772,-18.809086,-1.786557,2041,1781
166.766211,74.875772,-18.809086,-1.786557,2041,1781
166.766211,74.875772,-18.809086,-1.786557,2041,1781
166.809844,74.866577,-18.851740,-1.779686,2041,1782
166.809844,74.866577,-18.851740,-1.779686,2041,1782
166.809844,74.866577,-18.851740,-1.779686,2041,1782
166.809844,74.866577,-18.851740,-1.779686,2041,1782
166.809844,74.866577,-18.851740,-1.779686,2041,1782
166.809844,74.866577,-18.851740,-1.779686,2041,1782
166.766211,74.875772,-18.809086,-1.786557,2041,1781
166.766211,74.875772,-18.809086,-1.786557,2041,1781
166.766211,74.875772,-18.809086,-1.786557,2041,1781
166.766211,74.875772,-18.809086,-1.786557,2041,1781
166.766211,74.875772,-18.809086,-1.786557,2041,1781
166.809844,74.866577,-18.851740,-1.779686,2041,1782
166.809844,74.866577,-18.851740,-1.779686,2041,1782
166.809844,74.866577,-18.851740,-1.779686,2041,1782
166.809844,74.866577,-18.851740,-1.779686,2041,1782
166.853477,74.857382,-18.894393,-1.786557,2042,1782
166.853477,74.857382,-18.894393,-1.786557,2042,1782
166.853477,74.857382,-18.894393,-1.786557,2042,1782
166.853477,74.857382,-18.894393,-1.786557,2042,1782
166.853477,74.857382,-18.894393,-1.786557,2042,1782
166.853477,74.857382,-18.894393,-1.786557,2042,1782
166.809844,74.866870,-18.851804,-1.793429,2042,1781
166.853477,74.857382,-18.894393,-1.786557,2042,1782
166.853477,74.857382,-18.894393,-1.786557,2042,1782
166.853477,74.857382,-18.894393,-1.786557,2042,1782
166.853477,74.857382,-18.894393,-1.786557,2042,1782
166.853477,74.857382,-18.894393,-1.786557,2042,1782
166.853477,74.857382,-18.894393,-1.786557,2042,1782
166.809844,74.866870,-18.851804,-1.793429,2042,1781
166.809844,74.866870,-18.851804,-1.793429,2042,1781
166.809844,74.866870,-18.851804,-1.793429,2042,1781
166.766211,74.876650,-18.809281,-1.800300,2042,1780
166.766211,74.876650,-18.809281,-1.800300,2042,1780
166.766211,74.876650,-18.809281,-1.800300,2042,1780
166.766211,74.876650,-18.809281,-1.800300,2042,1780
166.809844,74.866578,-18.851736,-1.807172,2043,1780
166.766211,74.876650,-18.809281,-1.800300,2042,1780
166.766211,74.876650,-18.809281,-1.800300,2042,1780
166.766211,74.876650,-18.809281,-1.800300,2042,1780
166.809844,74.866870,-18.851804,-1.793429,2042,1781
166.809844,74.866870,-18.851804,-1.793429,2042,1781
166.809844,74.866870,-18.851804,-1.793429,2042,1781
166.809844,74.866870,-18.851804,-1.793429,2042,1781
166.809844,74.866870,-18.851804,-1.793429,2042,1781
166.809844,74.866870,-18.851804,-1.793429,2042,1781
166.809844,74.866870,-18.851804,-1.793429,2042,1781
166.809844,74.866870,-18.851804,-1.793429,2042,1781
166.809844,74.866870,-18.851804,-1.793429,2042,1781
166.853477,74.857089,-18.894327,-1.800300,2043,1781
166.853477,74.857089,-18.894327,-1.800300,2043,1781
166.853477,74.857089,-18.894327,-1.800300,2043,1781
166.853477,74.857089,-18.894327,-1.800300,2043,1781
166.809844,74.866870,-18.851804,-1.793429,2042,1781
166.853477,74.857089,-18.894327,-1.800300,2043,1781
166.809844,74.866870,-18.851804,-1.793429,2042,1781
166.809844,74.866870,-18.851804,-1.793429,2042,1781
166.809844,74.866870,-18.851804,-1.793429,2042,1781
166.809844,74.866870,-18.851804,-1.793429,2042,1781
166.809844,74.866870,-18.851804,-1.793429,2042,1781
166.809844,74.866870,-18.851804,-1.807172,2043,1780
166.766211,74.876942,-18.809349,-1.800300,2042,1780
166.766211,74.876942,-18.809349,-1.800300,2042,1780
166.766211,74.876942,-18.809349,-1.800300,2042,1780
166.809844,74.866870,-18.851804,-1.807172,2043,1780
166.766211,74.876942,-18.809349,-1.800300,2042,1780
166.809844,74.866870,-18.851804,-1.807172,2043,1780
166.809844,74.866870,-18.851804,-1.807172,2043,1780
166.809844,74.866870,-18.851804,-1.807172,2043,1780
166.766211,74.876942,-18.809349,-1.800300,2042,1780
166.766211,74.876942,-18.809349,-1.800300,2042,1780
166.766211,74.876942,-18.809349,-1.800300,2042,1780
166.809844,74.867162,-18.851872,-1.793429,2042,1781
166.809844,74.867162,-18.851872,-1.793429,2042,1781
166.809844,74.867162,-18.851872,-1.793429,2042,1781
166.809844,74.867162,-18.851872,-1.793429,2042,1781
166.853477,74.857674,-18.894461,-1.786557,2042,1782
166.853477,74.857674,-18.894461,-1.786557,2042,1782
166.853477,74.857674,-18.894461,-1.786557,2042,1782
166.853477,74.857674,-18.894461,-1.786557,2042,1782
166.853477,74.857674,-18.894461,-1.786557,2042,1782
166.853477,74.857674,-18.894461,-1.786557,2042,1782
166.853477,74.857674,-18.894461,-1.786557,2042,1782
166.853477,74.857674,-18.894461,-1.786557,2042,1782
166.853477,74.857674,-18.894461,-1.786557,2042,1782
166.853477,74.857674,-18.894461,-1.786557,2042,1782
166.853477,74.857674,-18.894461,-1.786557,2042,1782
166.853477,74.857674,-18.894461,-1.786557,2042,1782
166.853477,74.857674,-18.894461,-1.786557,2042,1782
166.853477,74.857674,-18.894461,-1.786557,2042,1782
166.853477,74.857674,-18.894461,-1.786557,2042,1782
166.853477,74.857674,-18.894461,-1.786557,2042,1782
166.853477,74.857674,-18.894461,-1.786557,2042,1782
166.853477,74.857674,-18.894461,-1.786557,2042,1782
166.897111,74.848479,-18.937115,-1.779686,2042,1783
166.940744,74.839284,-18.979768,-1.786557,2043,1783
166.940744,74.839284,-18.979768,-1.786557,2043,1783
166.940744,74.839284,-18.979768,-1.786557,2043,1783
166.940744,74.839284,-18.979768,-1.786557,2043,1783
166.940744,74.839284,-18.979768,-1.786557,2043,1783
166.940744,74.839284,-18.979768,-1.786557,2043,1783
166.940744,74.839284,-18.979768,-1.786557,2043,1783
166.984377,74.830089,-19.022421,-1.779686,2043,1784
166.984377,74.830089,-19.022421,-1.779686,2043,1784
166.984377,74.830089,-19.022421,-1.779686,2043,1784
167.028010,74.820894,-19.065075,-1.786557,2044,1784
167.028010,74.820894,-19.065075,-1.786557,2044,1784
167.028010,74.820894,-19.065075,-1.786557,2044,1784
167.028010,74.820894,-19.065075,-1.786557,2044,1784
167.028010,74.820894,-19.065075,-1.786557,2044,1784
167.028010,74.820894,-19.065075,-1.786557,2044,1784
167.028010,74.820894,-19.065075,-1.786557,2044,1784
167.028010,74.820894,-19.065075,-1.786557,2044,1784
167.028010,74.820894,-19.065075,-1.786557,2044,1784
167.115277,74.802211,-19.150318,-1.786557,2045,1785
167.115277,74.802211,-19.150318,-1.786557,2045,1785
167.115277,74.802211,-19.150318,-1.786557,2045,1785
167.115277,74.802211,-19.150318,-1.786557,2045,1785
167.115277,74.802211,-19.150318,-1.786557,2045,1785
167.115277,74.802211,-19.150318,-1.786557,2045,1785
167.115277,74.802211,-19.150318,-1.786557,2045,1785
167.115277,74.802211,-19.150318,-1.786557,2045,1785
167.115277,74.802211,-19.150318,-1.786557,2045,1785
167.071644,74.811699,-19.107729,-1.793429,2045,1784
167.115277,74.802211,-19.150318,-1.786557,2045,1785
167.115277,74.802211,-19.150318,-1.786557,2045,1785
167.115277,74.802211,-19.150318,-1.786557,2045,1785
167.115277,74.802211,-19.150318,-1.786557,2045,1785
167.115277,74.802211,-19.150318,-1.786557,2045,1785
167.115277,74.802211,-19.150318,-1.786557,2045,1785
167.115277,74.802211,-19.150318,-1.786557,2045,1785
167.158910,74.793016,-19.192971,-1.779686,2045,1786
167.158910,74.793016,-19.192971,-1.779686,2045,1786
167.158910,74.793016,-19.192971,-1.779686,2045,1786
167.158910,74.793016,-19.192971,-1.779686,2045,1786
167.158910,74.793016,-19.192971,-1.779686,2045,1786
167.158910,74.793016,-19.192971,-1.779686,2045,1786
167.158910,74.793016,-19.192971,-1.779686,2045,1786
167.158910,74.793016,-19.192971,-1.779686,2045,1786
167.158910,74.793016,-19.192971,-1.779686,2045,1786
167.158910,74.793016,-19.192971,-1.779686,2045,1786
167.158910,74.793016,-19.192971,-1.779686,2045,1786
167.158910,74.793016,-19.192971,-1.779686,2045,1786
167.158910,74.793016,-19.192971,-1.779686,2045,1786
167.158910,74.793016,-19.192971,-1.779686,2045,1786
167.158910,74.793016,-19.192971,-1.779686,2045,1786
167.158910,74.793016,-19.192971,-1.779686,2045,1786
167.158910,74.793016,-19.192971,-1.779686,2045,1786
167.158910,74.793016,-19.192971,-1.779686,2045,1786
167.202543,74.784114,-19.235687,-1.772815,2045,1787
167.158910,74.793016,-19.192971,-1.779686,2045,1786
167.158910,74.793016,-19.192971,-1.779686,2045,1786
167.158910,74.793016,-19.192971,-1.779686,2045,1786
167.158910,74.793016,-19.192971,-1.779686,2045,1786
167.158910,74.793016,-19.192971,-1.779686,2045,1786
167.158910,74.793016,-19.192971,-1.779686,2045,1786
167.158910,74.793016,-19.192971,-1.779686,2045,1786
167.158910,74.793016,-19.192971,-1.779686,2045,1786
167.158910,74.793016,-19.192971,-1.779686,2045,1786
167.158910,74.793016,-19.192971,-1.779686,2045,1786
167.158910,74.793016,-19.192971,-1.779686,2045,1786
167.158910,74.793016,-19.192971,-1.779686,2045,1786
167.158910,74.793016,-19.192971,-1.779686,2045,1786
167.158910,74.793016,-19.192971,-1.779686,2045,1786
167.158910,74.793016,-19.192971,-1.779686,2045,1786
167.158910,74.793016,-19.192971,-1.779686,2045,1786
167.158910,74.793016,-19.192971,-1.779686,2045,1786
167.158910,74.793016,-19.192971,-1.779686,2045,1786
167.158910,74.793016,-19.192971,-1.779686,2045,1786
167.158910,74.793016,-19.192971,-1.779686,2045,1786
167.158910,74.793016,-19.192971,-1.779686,2045,1786
167.158910,74.793016,-19.192971,-1.779686,2045,1786
167.158910,74.793016,-19.192971,-1.779686,2045,1786
167.158910,74.793016,-19.192971,-1.779686,2045,1786
167.158910,74.793016,-19.192971,-1.779686,2045,1786
167.158910,74.793016,-19.192971,-1.779686,2045,1786
167.158910,74.793016,-19.192971,-1.779686,2045,1786
167.158910,74.793016,-19.192971,-1.779686,2045,1786
167.158910,74.793016,-19.192971,-1.779686,2045,1786
167.158910,74.793016,-19.192971,-1.779686,2045,1786
167.158910,74.793016,-19.192971,-1.779686,2045,1786
167.158910,74.793016,-19.192971,-1.779686,2045,1786
167.158910,74.793016,-19.192971,-1.779686,2045,1786
167.158910,74.793016,-19.192971,-1.779686,2045,1786
167.158910,74.793016,-19.192971,-1.779686,2045,1786
167.158910,74.793016,-19.192971,-1.779686,2045,1786
167.158910,74.793016,-19.192971,-1.779686,2045,1786
167.158910,74.793016,-19.192971,-1.779686,2045,1786
167.158910,74.793016,-19.192971,-1.779686,2045,1786
167.158910,74.793016,-19.192971,-1.779686,2045,1786
167.158910,74.793016,-19.192971,-1.779686,2045,1786
167.158910,74.793016,-19.192971,-1.779686,2045,1786
167.158910,74.793016,-19.192971,-1.779686,2045,1786
167.158910,74.793016,-19.192971,-1.779686,2045,1786
167.202543,74.783821,-19.235625,-1.786557,2046,1786
167.158910,74.793016,-19.192971,-1.779686,2045,1786
167.158910,74.793016,-19.192971,-1.779686,2045,1786
167.158910,74.793016,-19.192971,-1.779686,2045,1786
167.158910,74.793016,-19.192971,-1.779686,2045,1786
167.158910,74.793016,-19.192971,-1.779686,2045,1786
167.158910,74.793016,-19.192971,-1.779686,2045,1786
167.158910,74.793016,-19.192971,-1.779686,2045,1786
167.158910,74.793016,-19.192971,-1.779686,2045,1786
167.158910,74.793016,-19.192971,-1.779686,2045,1786
167.158910,74.793016,-19.192971,-1.779686,2045,1786
167.158910,74.793016,-19.192971,-1.779686,2045,1786
167.158910,74.793016,-19.192971,-1.779686,2045,1786
167.158910,74.793016,-19.192971,-1.779686,2045,1786
167.158910,74.793016,-19.192971,-1.779686,2045,1786
167.158910,74.793016,-19.192971,-1.779686,2045,1786
167.158910,74.793016,-19.192971,-1.779686,2045,1786
167.158910,74.793016,-19.192971,-1.779686,2045,1786
167.158910,74.793016,-19.192971,-1.779686,2045,1786
167.158910,74.793016,-19.192971,-1.779686,2045,1786
167.158910,74.793016,-19.192971,-1.779686,2045,1786
167.158910,74.793016,-19.192971,-1.779686,2045,1786
167.158910,74.793016,-19.192971,-1.779686,2045,1786
167.158910,74.793016,-19.192971,-1.779686,2045,1786
167.158910,74.793016,-19.192971,-1.779686,2045,1786
167.158910,74.793016,-19.192971,-1.779686,2045,1786
167.158910,74.793016,-19.192971,-1.779686,2045,1786
167.158910,74.793016,-19.192971,-1.779686,2045,1786
167.158910,74.793016,-19.192971,-1.779686,2045,1786
167.158910,74.793016,-19.192971,-1.779686,2045,1786
167.158910,74.793016,-19.192971,-1.779686,2045,1786
167.158910,74.793016,-19.192971,-1.779686,2045,1786
167.158910,74.793016,-19.192971,-1.779686,2045,1786
167.158910,74.793016,-19.192971,-1.779686,2045,1786
167.158910,74.793016,-19.192971,-1.779686,2045,1786
167.158910,74.793016,-19.192971,-1.779686,2045,1786
167.158910,74.793016,-19.192971,-1.779686,2045,1786
167.158910,74.793016,-19.192971,-1.779686,2045,1786
167.158910,74.793016,-19.192971,-1.779686,2045,1786
167.158910,74.793016,-19.192971,-1.779686,2045,1786
167.158910,74.793016,-19.192971,-1.779686,2045,1786
167.158910,74.793016,-19.192971,-1.779686,2045,1786
167.158910,74.793016,-19.192971,-1.779686,2045,1786
167.202543,74.783821,-19.235625,-1.786557,2046,1786
167.158910,74.793016,-19.192971,-1.779686,2045,1786
167.158910,74.793016,-19.192971,-1.779686,2045,1786
167.158910,74.793016,-19.192971,-1.779686,2045,1786
167.158910,74.793016,-19.192971,-1.779686,2045,1786
167.202543,74.784114,-19.235687,-1.772815,2045,1787
167.202543,74.784114,-19.235687,-1.772815,2045,1787
167.202543,74.784114,-19.235687,-1.772815,2045,1787
167.202543,74.784114,-19.235687,-1.772815,2045,1787
167.246177,74.775212,-19.278402,-1.779686,2046,1787
167.246177,74.775212,-19.278402,-1.779686,2046,1787
167.202543,74.784114,-19.235687,-1.772815,2045,1787
167.246177,74.775212,-19.278402,-1.779686,2046,1787
167.246177,74.775212,-19.278402,-1.779686,2046,1787
167.246177,74.775212,-19.278402,-1.779686,2046,1787
167.246177,74.775212,-19.278402,-1.779686,2046,1787
167.202543,74.784114,-19.235687,-1.772815,2045,1787
167.202543,74.784114,-19.235687,-1.772815,2045,1787
167.202543,74.784114,-19.235687,-1.772815,2045,1787
167.202543,74.784114,-19.235687,-1.772815,2045,1787
167.202543,74.784114,-19.235687,-1.772815,2045,1787
167.202543,74.784114,-19.235687,-1.772815,2045,1787
167.202543,74.784114,-19.235687,-1.772815,2045,1787
167.202543,74.784114,-19.235687,-1.772815,2045,1787
167.202543,74.784114,-19.235687,-1.772815,2045,1787
167.202543,74.784114,-19.235687,-1.772815,2045,1787
167.202543,74.784114,-19.235687,-1.772815,2045,1787
167.202543,74.784114,-19.235687,-1.772815,2045,1787
167.202543,74.784114,-19.235687,-1.772815,2045,1787
167.246177,74.775212,-19.278402,-1.779686,2046,1787
167.202543,74.784114,-19.235687,-1.772815,2045,1787
167.202543,74.784114,-19.235687,-1.772815,2045,1787
167.246177,74.775212,-19.278402,-1.779686,2046,1787
167.246177,74.775212,-19.278402,-1.779686,2046,1787
167.202543,74.784114,-19.235687,-1.772815,2045,1787
167.202543,74.784114,-19.235687,-1.772815,2045,1787
167.202543,74.784114,-19.235687,-1.772815,2045,1787
167.202543,74.784114,-19.235687,-1.772815,2045,1787
167.202543,74.784114,-19.235687,-1.772815,2045,1787
167.246177,74.775212,-19.278402,-1.779686,2046,1787
167.202543,74.784114,-19.235687,-1.772815,2045,1787
167.202543,74.784114,-19.235687,-1.772815,2045,1787
167.202543,74.784114,-19.235687,-1.772815,2045,1787
167.202543,74.784114,-19.235687,-1.772815,2045,1787
167.202543,74.784114,-19.235687,-1.772815,2045,1787
167.202543,74.784114,-19.235687,-1.772815,2045,1787
167.202543,74.784114,-19.235687,-1.772815,2045,1787
167.202543,74.784114,-19.235687,-1.772815,2045,1787
167.202543,74.784114,-19.235687,-1.772815,2045,1787
167.202543,74.784114,-19.235687,-1.772815,2045,1787
167.202543,74.784114,-19.235687,-1.772815,2045,1787
167.202543,74.784114,-19.235687,-1.772815,2045,1787
167.202543,74.784114,-19.235687,-1.772815,2045,1787
167.202543,74.784114,-19.235687,-1.772815,2045,1787
167.202543,74.784114,-19.235687,-1.772815,2045,1787
167.202543,74.784114,-19.235687,-1.772815,2045,1787
167.246177,74.775212,-19.278402,-1.779686,2046,1787
167.202543,74.784114,-19.235687,-1.772815,2045,1787
167.202543,74.784114,-19.235687,-1.772815,2045,1787
167.202543,74.784114,-19.235687,-1.772815,2045,1787
167.202543,74.784114,-19.235687,-1.772815,2045,1787
167.202543,74.784114,-19.235687,-1.772815,2045,1787
167.202543,74.784114,-19.235687,-1.772815,2045,1787
167.202543,74.784114,-19.235687,-1.772815,2045,1787
167.202543,74.784114,-19.235687,-1.772815,2045,1787
167.202543,74.784114,-19.235687,-1.772815,2045,1787
167.202543,74.784114,-19.235687,-1.772815,2045,1787
167.246177,74.775212,-19.278402,-1.779686,2046,1787
167.202543,74.784114,-19.235687,-1.772815,2045,1787
167.202543,74.784114,-19.235687,-1.772815,2045,1787
167.202543,74.784114,-19.235687,-1.772815,2045,1787
167.202543,74.784114,-19.235687,-1.772815,2045,1787
167.202543,74.784114,-19.235687,-1.772815,2045,1787
167.202543,74.784114,-19.235687,-1.772815,2045,1787
167.202543,74.784114,-19.235687,-1.772815,2045,1787
167.202543,74.784114,-19.235687,-1.772815,2045,1787
167.246177,74.775212,-19.278402,-1.779686,2046,1787
167.202543,74.784114,-19.235687,-1.772815,2045,1787
167.202543,74.784114,-19.235687,-1.772815,2045,1787
167.202543,74.784114,-19.235687,-1.772815,2045,1787
167.202543,74.784114,-19.235687,-1.772815,2045,1787
167.202543,74.784114,-19.235687,-1.772815,2045,1787
167.246177,74.775212,-19.278402,-1.779686,2046,1787
167.202543,74.784114,-19.235687,-1.772815,2045,1787
167.158910,74.793016,-19.192971,-1.779686,2045,1786
167.202543,74.784114,-19.235687,-1.772815,2045,1787
167.158910,74.793016,-19.192971,-1.779686,2045,1786
167.202543,74.783821,-19.235625,-1.786557,2046,1786
167.158910,74.793016,-19.192971,-1.779686,2045,1786
167.202543,74.783821,-19.235625,-1.786557,2046,1786
167.202543,74.783821,-19.235625,-1.786557,2046,1786
167.246177,74.774626,-19.278278,-1.779686,2046,1787
167.202543,74.783527,-19.235562,-1.772815,2045,1787
167.246177,74.774626,-19.278278,-1.779686,2046,1787
167.202543,74.783527,-19.235562,-1.772815,2045,1787
167.246177,74.774626,-19.278278,-1.779686,2046,1787
167.202543,74.783527,-19.235562,-1.772815,2045,1787
167.202543,74.783527,-19.235562,-1.772815,2045,1787
167.202543,74.783527,-19.235562,-1.772815,2045,1787
167.202543,74.783527,-19.235562,-1.772815,2045,1787
167.202543,74.783527,-19.235562,-1.772815,2045,1787
167.246177,74.774626,-19.278278,-1.779686,2046,1787
167.202543,74.783527,-19.235562,-1.772815,2045,1787
167.202543,74.783527,-19.235562,-1.772815,2045,1787
167.246177,74.774626,-19.278278,-1.779686,2046,1787
167.202543,74.783821,-19.235625,-1.786557,2046,1786
167.202543,74.783821,-19.235625,-1.786557,2046,1786
167.158910,74.793016,-19.192971,-1.779686,2045,1786
167.158910,74.793016,-19.192971,-1.779686,2045,1786
167.202543,74.783821,-19.235625,-1.786557,2046,1786
167.158910,74.793016,-19.192971,-1.779686,2045,1786
167.202543,74.783821,-19.235625,-1.786557,2046,1786
167.202543,74.783821,-19.235625,-1.786557,2046,1786
167.158910,74.793016,-19.192971,-1.779686,2045,1786
167.158910,74.793016,-19.192971,-1.779686,2045,1786
167.158910,74.793016,-19.192971,-1.779686,2045,1786
167.158910,74.793016,-19.192971,-1.779686,2045,1786
167.158910,74.793016,-19.192971,-1.779686,2045,1786
167.246177,74.774919,-19.278341,-1.779686,2046,1787
167.202543,74.783821,-19.235625,-1.772815,2045,1787
167.246177,74.774919,-19.278341,-1.779686,2046,1787
167.246177,74.774919,-19.278341,-1.779686,2046,1787
167.246177,74.774919,-19.278341,-1.779686,2046,1787
-0.000009,-30.512196,110.667455,-0.000001,0,0
-0.000009,-30.512196,110.667455,-0.000001,0,0
-0.000009,-30.512196,110.667455,-0.000001,0,0
-0.000009,-30.512196,110.667455,-0.000001,0,0
-0.000009,-30.512196,110.667455,-0.000001,0,0
-0.000009,-30.512196,110.667455,-0.000001,0,0
-0.000009,-30.512196,110.667455,-0.000001,0,0
-0.000009,-30.512196,110.667455,-0.000001,0,0
-0.000009,-30.512196,110.667455,-0.000001,0,0
-0.000009,-30.512196,110.667455,-0.000001,0,0
-0.000009,-30.512196,110.667455,-0.000001,0,0
-0.000009,-30.512196,110.667455,-0.000001,0,0
-0.000009,-30.512196,110.667455,-0.000001,0,0
-0.000009,-30.512196,110.667455,-0.000001,0,0
-0.000009,-30.512196,110.667455,-0.000001,0,0
-0.000009,-30.512196,110.667455,-0.000001,0,0
-0.000009,-30.512196,110.667455,-0.000001,0,0
-0.000009,-30.512196,110.667455,-0.000001,0,0
-0.000009,-30.512196,110.667455,-0.000001,0,0
-0.000009,-30.512196,110.667455,-0.000001,0,0
-0.000009,-30.512196,110.667455,-0.000001,0,0
-0.000009,-30.512196,110.667455,-0.000001,0,0
-0.000009,-30.512196,110.667455,-0.000001,0,0
-0.000009,-30.512196,110.667455,-0.000001,0,0
-0.000009,-30.512196,110.667455,-0.000001,0,0
-0.000009,-30.512196,110.667455,-0.000001,0,0
-0.000009,-30.512196,110.667455,-0.000001,0,0
-0.000009,-30.512196,110.667455,-0.000001,0,0
-0.000009,-30.512196,110.667455,-0.000001,0,0
-0.000009,-30.512196,110.667455,-0.000001,0,0
-0.000009,-30.512196,110.667455,-0.000001,0,0
-0.000009,-30.512196,110.667455,-0.000001,0,0
-0.000009,-30.512196,110.667455,-0.000001,0,0
-0.000009,-30.512196,110.667455,-0.000001,0,0
-0.000009,-30.512196,110.667455,-0.000001,0,0
-0.000009,-30.512196,110.667455,-0.000001,0,0
-0.000009,-30.512196,110.667455,-0.000001,0,0
-0.000009,-30.512196,110.667455,-0.000001,0,0
-0.000009,-30.512196,110.667455,-0.000001,0,0
-0.000009,-30.512196,110.667455,-0.000001,0,0
-0.000009,-30.512196,110.667455,-0.000001,0,0
-0.000009,-30.512196,110.667455,-0.000001,0,0
-0.000009,-30.512196,110.667455,-0.000001,0,0
-0.000009,-30.512196,110.667455,-0.000001,0,0
-0.000009,-30.512196,110.667455,-0.000001,0,0
-0.000009,-30.512196,110.667455,-0.000001,0,0
-0.000009,-30.512196,110.667455,-0.000001,0,0
-0.000009,-30.512196,110.667455,-0.000001,0,0
-0.000009,-30.512196,110.667455,-0.000001,0,0
-0.000009,-30.512196,110.667455,-0.000001,0,0
-0.000009,-30.512196,110.667455,-0.000001,0,0
-0.000009,-30.512196,110.667455,-0.000001,0,0
-0.000009,-30.512196,110.667455,-0.000001,0,0
-0.000009,-30.512196,110.667455,-0.000001,0,0
-0.000009,-30.512196,110.667455,-0.000001,0,0
-0.000009,-30.512196,110.667455,-0.000001,0,0
-0.000009,-30.512196,110.667455,-0.000001,0,0
-0.000009,-30.512196,110.667455,-0.000001,0,0
-0.000009,-30.512196,110.667455,-0.000001,0,0
-0.000009,-30.512196,110.667455,-0.000001,0,0
-0.000009,-30.512196,110.667455,-0.000001,0,0
-0.000009,-30.512196,110.667455,-0.000001,0,0
-0.000009,-30.512196,110.667455,-0.000001,0,0
-0.000009,-30.512196,110.667455,-0.000001,0,0
-0.000009,-30.512196,110.667455,-0.000001,0,0
-0.000009,-30.512196,110.667455,-0.000001,0,0
-0.000009,-30.512196,110.667455,-0.000001,0,0
-0.000009,-30.512196,110.667455,-0.000001,0,0
-0.000009,-30.512196,110.667455,-0.000001,0,0
-0.000009,-30.512196,110.667455,-0.000001,0,0
-0.000009,-30.512196,110.667455,-0.000001,0,0
-0.000009,-30.512196,110.667455,-0.000001,0,0
-0.000009,-30.512196,110.667455,-0.000001,0,0
-0.000009,-30.512196,110.667455,-0.000001,0,0
-0.000009,-30.512196,110.667455,-0.000001,0,0
-0.000009,-30.512196,110.667455,-0.000001,0,0
-0.000009,-30.512196,110.667455,-0.000001,0,0
-0.000009,-30.512196,110.667455,-0.000001,0,0
-0.000009,-30.512196,110.667455,-0.000001,0,0
-0.000009,-30.512196,110.667455,-0.000001,0,0
-0.000009,-30.512196,110.667455,-0.000001,0,0
-0.000009,-30.512196,110.667455,-0.000001,0,0
-0.000009,-30.512196,110.667455,-0.000001,0,0
-0.000009,-30.512196,110.667455,-0.000001,0,0
-0.000009,-30.512196,110.667455,-0.000001,0,0
-0.000009,-30.512196,110.667455,-0.000001,0,0
-0.000009,-30.512196,110.667455,-0.000001,0,0
-0.000009,-30.512196,110.667455,-0.000001,0,0
-0.000009,-30.512196,110.667455,-0.000001,0,0
-0.000009,-30.512196,110.667455,-0.000001,0,0
-0.000009,-30.512196,110.667455,-0.000001,0,0
-0.000009,-30.512196,110.667455,-0.000001,0,0
-0.000009,-30.512196,110.667455,-0.000001,0,0
-0.000009,-30.512196,110.667455,-0.000001,0,0
-0.000009,-30.512196,110.667455,-0.000001,0,0
-0.000009,-30.512196,110.667455,-0.000001,0,0
-0.000009,-30.512196,110.667455,-0.000001,0,0
-0.000009,-30.512196,110.667455,-0.000001,0,0
-0.000009,-30.512196,110.667455,-0.000001,0,0
-0.000009,-30.512196,110.667455,-0.000001,0,0
-0.000009,-30.512196,110.667455,-0.000001,0,0
-0.000009,-30.512196,110.667455,-0.000001,0,0
-0.000009,-30.512196,110.667455,-0.000001,0,0
-0.000009,-30.512196,110.667455,-0.000001,0,0
-0.000009,-30.512196,110.667455,-0.000001,0,0
-0.000009,-30.512196,110.667455,-0.000001,0,0
-0.000009,-30.512196,110.667455,-0.000001,0,0
-0.000009,-30.512196,110.667455,-0.000001,0,0
-0.000009,-30.512196,110.667455,-0.000001,0,0
-0.000009,-30.512196,110.667455,-0.000001,0,0
-0.000009,-30.512196,110.667455,-0.000001,0,0
-0.000009,-30.512196,110.667455,-0.000001,0,0
-0.000009,-30.512196,110.667455,-0.000001,0,0
-0.000009,-30.512196,110.667455,-0.000001,0,0
-0.000009,-30.512196,110.667455,-0.000001,0,0
-0.000009,-30.512196,110.667455,-0.000001,0,0
-0.000009,-30.512196,110.667455,-0.000001,0,0
-0.000009,-30.512196,110.667455,-0.000001,0,0
-0.000009,-30.512196,110.667455,-0.000001,0,0
-0.000009,-30.512196,110.667455,-0.000001,0,0
-0.000009,-30.512196,110.667455,-0.000001,0,0
-0.000009,-30.512196,110.667455,-0.000001,0,0
-0.000009,-30.512196,110.667455,-0.000001,0,0
-0.000009,-30.512196,110.667455,-0.000001,0,0
-0.000009,-30.512196,110.667455,-0.000001,0,0
-0.000009,-30.512196,110.667455,-0.000001,0,0
-0.000009,-30.512196,110.667455,-0.000001,0,0
-0.000009,-30.512196,110.667455,-0.000001,0,0
-0.000009,-30.512196,110.667455,-0.000001,0,0
-0.000009,-30.512196,110.667455,-0.000001,0,0
-0.000009,-30.512196,110.667455,-0.000001,0,0
-0.000009,-30.512196,110.667455,-0.000001,0,0
-0.000009,-30.512196,110.667455,-0.000001,0,0
-0.000009,-30.512196,110.667455,-0.000001,0,0
-0.000009,-30.512196,110.667455,-0.000001,0,0
-0.000009,-30.512196,110.667455,-0.000001,0,0
-0.000009,-30.512196,110.667455,-0.000001,0,0
-0.000009,-30.512196,110.667455,-0.000001,0,0
-0.000009,-30.512196,110.667455,-0.000001,0,0
-0.000009,-30.512196,110.667455,-0.000001,0,0
-0.000009,-30.512196,110.667455,-0.000001,0,0
-0.000009,-30.512196,110.667455,-0.000001,0,0
-0.000009,-30.512196,110.667455,-0.000001,0,0
-0.000009,-30.512196,110.667455,-0.000001,0,0
-0.000009,-30.512196,110.667455,-0.000001,0,0
-0.000009,-30.512196,110.667455,-0.000001,0,0
-0.000009,-30.512196,110.667455,-0.000001,0,0
-0.000009,-30.512196,110.667455,-0.000001,0,0
-0.000009,-30.512196,110.667455,-0.000001,0,0
-0.000009,-30.512196,110.667455,-0.000001,0,0
-0.000009,-30.512196,110.667455,-0.000001,0,0
-0.000009,-30.512196,110.667455,-0.000001,0,0
-0.000009,-30.512196,110.667455,-0.000001,0,0
-0.000009,-30.512196,110.667455,-0.000001,0,0
-0.000009,-30.512196,110.667455,-0.000001,0,0
-0.000009,-30.512196,110.667455,-0.000001,0,0
-0.000009,-30.512196,110.667455,-0.000001,0,0
-0.000009,-30.512196,110.667455,-0.000001,0,0
-0.000009,-30.512196,110.667455,-0.000001,0,0
-0.000009,-30.512196,110.667455,-0.000001,0,0
-0.000009,-30.512196,110.667455,-0.000001,0,0
-0.000009,-30.512196,110.667455,-0.000001,0,0
-0.000009,-30.512196,110.667455,-0.000001,0,0
-0.000009,-30.512196,110.667455,-0.000001,0,0
-0.000009,-30.512196,110.667455,-0.000001,0,0
-0.000009,-30.512196,110.667455,-0.000001,0,0
-0.000009,-30.512196,110.667455,-0.000001,0,0
-0.000009,-30.512196,110.667455,-0.000001,0,0
-0.000009,-30.512196,110.667455,-0.000001,0,0
-0.000009,-30.512196,110.667455,-0.000001,0,0
-0.000009,-30.512196,110.667455,-0.000001,0,0
-0.000009,-30.512196,110.667455,-0.000001,0,0
-0.000009,-30.512196,110.667455,-0.000001,0,0
-0.000009,-30.512196,110.667455,-0.000001,0,0
-0.000009,-30.512196,110.667455,-0.000001,0,0
-0.000009,-30.512196,110.667455,-0.000001,0,0
-0.000009,-30.512196,110.667455,-0.000001,0,0
-0.000009,-30.512196,110.667455,-0.000001,0,0
-0.000009,-30.512196,110.667455,-0.000001,0,0
-0.000009,-30.512196,110.667455,-0.000001,0,0
-0.000009,-30.512196,110.667455,-0.000001,0,0
-0.000009,-30.512196,110.667455,-0.000001,0,0
-0.000009,-30.512196,110.667455,-0.000001,0,0
-0.000009,-30.512196,110.667455,-0.000001,0,0
-0.000009,-30.512196,110.667455,-0.000001,0,0
-0.000009,-30.512196,110.667455,-0.000001,0,0
-0.000009,-30.512196,110.667455,-0.000001,0,0
-0.000009,-30.512196,110.667455,-0.000001,0,0
-0.000009,-30.512196,110.667455,-0.000001,0,0
-0.000009,-30.512196,110.667455,-0.000001,0,0
-0.000009,-30.512196,110.667455,-0.000001,0,0
-0.000009,-30.512196,110.667455,-0.000001,0,0
-0.000009,-30.512196,110.667455,-0.000001,0,0
-0.000009,-30.512196,110.667455,-0.000001,0,0
-0.000009,-30.512196,110.667455,-0.000001,0,0
-0.000009,-30.512196,110.667455,-0.000001,0,0
-0.000009,-30.512196,110.667455,-0.000001,0,0
-0.000009,-30.512196,110.667455,-0.000001,0,0
-0.000009,-30.512196,110.667455,-0.000001,0,0
-0.000009,-30.512196,110.667455,-0.000001,0,0
-0.000009,-30.512196,110.667455,-0.000001,0,0
-0.000009,-30.512196,110.667455,-0.000001,0,0
-0.000009,-30.512196,110.667455,-0.000001,0,0
-0.000009,-30.512196,110.667455,-0.000001,0,0
-0.000009,-30.512196,110.667455,-0.000001,0,0
-0.000009,-30.512196,110.667455,-0.000001,0,0
-0.000009,-30.512196,110.667455,-0.000001,0,0
-0.000009,-30.512196,110.667455,-0.000001,0,0
-0.000009,-30.512196,110.667455,-0.000001,0,0
-0.000009,-30.512196,110.667455,-0.000001,0,0
-0.000009,-30.512196,110.667455,-0.000001,0,0
-0.000009,-30.512196,110.667455,-0.000001,0,0
-0.000009,-30.512196,110.667455,-0.000001,0,0
-0.000009,-30.512196,110.667455,-0.000001,0,0
-0.000009,-30.512196,110.667455,-0.000001,0,0
-0.000009,-30.512196,110.667455,-0.000001,0,0
-0.000009,-30.512196,110.667455,-0.000001,0,0
-0.000009,-30.512196,110.667455,-0.000001,0,0
-0.000009,-30.512196,110.667455,-0.000001,0,0
-0.000009,-30.512196,110.667455,-0.000001,0,0
-0.000009,-30.512196,110.667455,-0.000001,0,0
-0.000009,-30.512196,110.667455,-0.000001,0,0
-0.000009,-30.512196,110.667455,-0.000001,0,0
-0.000009,-30.512196,110.667455,-0.000001,0,0
-0.000009,-30.512196,110.667455,-0.000001,0,0
-0.000009,-30.512196,110.667455,-0.000001,0,0
-0.000009,-30.512196,110.667455,-0.000001,0,0
-0.000009,-30.512196,110.667455,-0.000001,0,0
-0.000009,-30.512196,110.667455,-0.000001,0,0
-0.000009,-30.512196,110.667455,-0.000001,0,0
-0.000009,-30.512196,110.667455,-0.000001,0,0
-0.000009,-30.512196,110.667455,-0.000001,0,0
-0.000009,-30.512196,110.667455,-0.000001,0,0
-0.000009,-30.512196,110.667455,-0.000001,0,0
-0.000009,-30.512196,110.667455,-0.000001,0,0
-0.000009,-30.512196,110.667455,-0.000001,0,0
-0.000009,-30.512196,110.667455,-0.000001,0,0
-0.000009,-30.512196,110.667455,-0.000001,0,0
-0.000009,-30.512196,110.667455,-0.000001,0,0
-0.000009,-30.512196,110.667455,-0.000001,0,0
-0.000009,-30.512196,110.667455,-0.000001,0,0
-0.000009,-30.512196,110.667455,-0.000001,0,0
-0.000009,-30.512196,110.667455,-0.000001,0,0
-0.000009,-30.512196,110.667455,-0.000001,0,0
-0.000009,-30.512196,110.667455,-0.000001,0,0
-0.000009,-30.512196,110.667455,-0.000001,0,0
-0.000009,-30.512196,110.667455,-0.000001,0,0
-0.000009,-30.512196,110.667455,-0.000001,0,0
-0.000009,-30.512196,110.667455,-0.000001,0,0
-0.000009,-30.512196,110.667455,-0.000001,0,0
-0.000009,-30.512196,110.667455,-0.000001,0,0
-0.000009,-30.512196,110.667455,-0.000001,0,0
-0.000009,-30.512196,110.667455,-0.000001,0,0
-0.000009,-30.512196,110.667455,-0.000001,0,0
-0.000009,-30.512196,110.667455,-0.000001,0,0
-0.000009,-30.512196,110.667455,-0.000001,0,0
-0.000009,-30.512196,110.667455,-0.000001,0,0
-0.000009,-30.512196,110.667455,-0.000001,0,0
-0.000009,-30.512196,110.667455,-0.000001,0,0
-0.000009,-30.512196,110.667455,-0.000001,0,0
-0.000009,-30.512196,110.667455,-0.000001,0,0
-0.000009,-30.512196,110.667455,-0.000001,0,0
-0.000009,-30.512196,110.667455,-0.000001,0,0
-0.000009,-30.512196,110.667455,-0.000001,0,0
-0.000009,-30.512196,110.667455,-0.000001,0,0
-0.000009,-30.512196,110.667455,-0.000001,0,0
-0.000009,-30.512196,110.667455,-0.000001,0,0
-0.000009,-30.512196,110.667455,-0.000001,0,0
-0.000009,-30.512196,110.667455,-0.000001,0,0
-0.000009,-30.512196,110.667455,-0.000001,0,0
-0.000009,-30.512196,110.667455,-0.000001,0,0
-0.000009,-30.512196,110.667455,-0.000001,0,0
-0.000009,-30.512196,110.667455,-0.000001,0,0
-0.000009,-30.512196,110.667455,-0.000001,0,0
-0.000009,-30.512196,110.667455,-0.000001,0,0
-0.000009,-30.512196,110.667455,-0.000001,0,0
-0.000009,-30.512196,110.667455,-0.000001,0,0
-0.000009,-30.512196,110.667455,-0.000001,0,0
-0.000009,-30.512196,110.667455,-0.000001,0,0
-0.000009,-30.512196,110.667455,-0.000001,0,0
-0.000009,-30.512196,110.667455,-0.000001,0,0
-0.000009,-30.512196,110.667455,-0.000001,0,0
-0.000009,-30.512196,110.667455,-0.000001,0,0
-0.000009,-30.512196,110.667455,-0.000001,0,0
-0.000009,-30.512196,110.667455,-0.000001,0,0
-0.000009,-30.512196,110.667455,-0.000001,0,0
-0.000009,-30.512196,110.667455,-0.000001,0,0
-0.000009,-30.512196,110.667455,-0.000001,0,0
-0.000009,-30.512196,110.667455,-0.000001,0,0
-0.000009,-30.512196,110.667455,-0.000001,0,0
-0.000009,-30.512196,110.667455,-0.000001,0,0
-0.000009,-30.512196,110.667455,-0.000001,0,0
-0.000009,-30.512196,110.667455,-0.000001,0,0
-0.000009,-30.512196,110.667455,-0.000001,0,0
-0.000009,-30.512196,110.667455,-0.000001,0,0
-0.000009,-30.512196,110.667455,-0.000001,0,0
-0.000009,-30.512196,110.667455,-0.000001,0,0
-0.000009,-30.512196,110.667455,-0.000001,0,0
-0.000009,-30.512196,110.667455,-0.000001,0,0
-0.000009,-30.512196,110.667455,-0.000001,0,0
-0.000009,-30.512196,110.667455,-0.000001,0,0
-0.000009,-30.512196,110.667455,-0.000001,0,0
-0.000009,-30.512196,110.667455,-0.000001,0,0
-0.000009,-30.512196,110.667455,-0.000001,0,0
-0.000009,-30.512196,110.667455,-0.000001,0,0
-0.000009,-30.512196,110.667455,-0.000001,0,0
-0.000009,-30.512196,110.667455,-0.000001,0,0
-0.000009,-30.512196,110.667455,-0.000001,0,0
-0.000009,-30.512196,110.667455,-0.000001,0,0
-0.000009,-30.512196,110.667455,-0.000001,0,0
-0.000009,-30.512196,110.667455,-0.000001,0,0
-0.000009,-30.512196,110.667455,-0.000001,0,0
-0.000009,-30.512196,110.667455,-0.000001,0,0
-0.000009,-30.512196,110.667455,-0.000001,0,0
-0.000009,-30.512196,110.667455,-0.000001,0,0
-0.000009,-30.512196,110.667455,-0.000001,0,0
-0.000009,-30.512196,110.667455,-0.000001,0,0
-0.000009,-30.512196,110.667455,-0.000001,0,0
-0.000009,-30.512196,110.667455,-0.000001,0,0
-0.000009,-30.512196,110.667455,-0.000001,0,0
-0.000009,-30.512196,110.667455,-0.000001,0,0
-0.000009,-30.512196,110.667455,-0.000001,0,0
-0.000009,-30.512196,110.667455,-0.000001,0,0
-0.000009,-30.512196,110.667455,-0.000001,0,0
-0.000009,-30.512196,110.667455,-0.000001,0,0
-0.000009,-30.512196,110.667455,-0.000001,0,0
-0.000009,-30.512196,110.667455,-0.000001,0,0
-0.000009,-30.512196,110.667455,-0.000001,0,0
-0.000009,-30.512196,110.667455,-0.000001,0,0
-0.000009,-30.512196,110.667455,-0.000001,0,0
-0.000009,-30.512196,110.667455,-0.000001,0,0
-0.000009,-30.512196,110.667455,-0.000001,0,0
-0.000009,-30.512196,110.667455,-0.000001,0,0
-0.000009,-30.512196,110.667455,-0.000001,0,0
-0.000009,-30.512196,110.667455,-0.000001,0,0
-0.000009,-30.512196,110.667455,-0.000001,0,0
-0.000009,-30.512196,110.667455,-0.000001,0,0
-0.000009,-30.512196,110.667455,-0.000001,0,0
-0.000009,-30.512196,110.667455,-0.000001,0,0
-0.000009,-30.512196,110.667455,-0.000001,0,0
-0.000009,-30.512196,110.667455,-0.000001,0,0
-0.000009,-30.512196,110.667455,-0.000001,0,0
-0.000009,-30.512196,110.667455,-0.000001,0,0
-0.000009,-30.512196,110.667455,-0.000001,0,0
-0.000009,-30.512196,110.667455,-0.000001,0,0
-0.000009,-30.512196,110.667455,-0.000001,0,0
-0.000009,-30.512196,110.667455,-0.000001,0,0
-0.000009,-30.512196,110.667455,-0.000001,0,0
-0.000009,-30.512196,110.667455,-0.000001,0,0
-0.000009,-30.512196,110.667455,-0.000001,0,0
-0.000009,-30.512196,110.667455,-0.000001,0,0
-0.000009,-30.512196,110.667455,-0.000001,0,0
-0.000009,-30.512196,110.667455,-0.000001,0,0
-0.000009,-30.512196,110.667455,-0.000001,0,0
-0.000009,-30.512196,110.667455,-0.000001,0,0
-0.000009,-30.512196,110.667455,-0.000001,0,0
-0.000009,-30.512196,110.667455,-0.000001,0,0
-0.000009,-30.512196,110.667455,-0.000001,0,0
-0.000009,-30.512196,110.667455,-0.000001,0,0
-0.000009,-30.512196,110.667455,-0.000001,0,0
-0.000009,-30.512196,110.667455,-0.000001,0,0
-0.000009,-30.512196,110.667455,-0.000001,0,0
-0.000009,-30.512196,110.667455,-0.000001,0,0
-0.000009,-30.512196,110.667455,-0.000001,0,0
-0.000009,-30.512196,110.667455,-0.000001,0,0
-0.000009,-30.512196,110.667455,-0.000001,0,0
-0.000009,-30.512196,110.667455,-0.000001,0,0
-0.000009,-30.512196,110.667455,-0.000001,0,0
-0.000009,-30.512196,110.667455,-0.000001,0,0
-0.000009,-30.512196,110.667455,-0.000001,0,0
-0.000009,-30.512196,110.667455,-0.000001,0,0
-0.000009,-30.512196,110.667455,-0.000001,0,0
-0.000009,-30.512196,110.667455,-0.000001,0,0
-0.000009,-30.512196,110.667455,-0.000001,0,0
-0.000009,-30.512196,110.667455,-0.000001,0,0
-0.000009,-30.512196,110.667455,-0.000001,0,0
-0.000009,-30.512196,110.667455,-0.000001,0,0
-0.000009,-30.512196,110.667455,-0.000001,0,0
-0.000009,-30.512196,110.667455,-0.000001,0,0
-0.000009,-30.512196,110.667455,-0.000001,0,0
-0.000009,-30.512196,110.667455,-0.000001,0,0
-0.000009,-30.512196,110.667455,-0.000001,0,0
-0.000009,-30.512196,110.667455,-0.000001,0,0
-0.000009,-30.512196,110.667455,-0.000001,0,0
-0.000009,-30.512196,110.667455,-0.000001,0,0
-0.000009,-30.512196,110.667455,-0.000001,0,0
-0.000009,-30.512196,110.667455,-0.000001,0,0
-0.000009,-30.512196,110.667455,-0.000001,0,0
-0.000009,-30.512196,110.667455,-0.000001,0,0
-0.000009,-30.512196,110.667455,-0.000001,0,0
-0.000009,-30.512196,110.667455,-0.000001,0,0
-0.000009,-30.512196,110.667455,-0.000001,0,0
-0.000009,-30.512196,110.667455,-0.000001,0,0
-0.000009,-30.512196,110.667455,-0.000001,0,0
-0.000009,-30.512196,110.667455,-0.000001,0,0
-0.000009,-30.512196,110.667455,-0.000001,0,0
-0.000009,-30.512196,110.667455,-0.000001,0,0
-0.000009,-30.512196,110.667455,-0.000001,0,0
-0.000009,-30.512196,110.667455,-0.000001,0,0
-0.000009,-30.512196,110.667455,-0.000001,0,0
-0.000009,-30.512196,110.667455,-0.000001,0,0
-0.000009,-30.512196,110.667455,-0.000001,0,0
-0.000009,-30.512196,110.667455,-0.000001,0,0
-0.000009,-30.512196,110.667455,-0.000001,0,0
-0.000009,-30.512196,110.667455,-0.000001,0,0
-0.000009,-30.512196,110.667455,-0.000001,0,0
-0.000009,-30.512196,110.667455,-0.000001,0,0
-0.000009,-30.512196,110.667455,-0.000001,0,0
-0.000009,-30.512196,110.667455,-0.000001,0,0
-0.000009,-30.512196,110.667455,-0.000001,0,0
-0.000009,-30.512196,110.667455,-0.000001,0,0
-0.000009,-30.512196,110.667455,-0.000001,0,0
-0.000009,-30.512196,110.667455,-0.000001,0,0
-0.000009,-30.512196,110.667455,-0.000001,0,0
-0.000009,-30.512196,110.667455,-0.000001,0,0
-0.000009,-30.512196,110.667455,-0.000001,0,0
-0.000009,-30.512196,110.667455,-0.000001,0,0
-0.000009,-30.512196,110.667455,-0.000001,0,0
-0.000009,-30.512196,110.667455,-0.000001,0,0
-0.000009,-30.512196,110.667455,-0.000001,0,0
-0.000009,-30.512196,110.667455,-0.000001,0,0
-0.000009,-30.512196,110.667455,-0.000001,0,0
-0.000009,-30.512196,110.667455,-0.000001,0,0
-0.000009,-30.512196,110.667455,-0.000001,0,0
-0.000009,-30.512196,110.667455,-0.000001,0,0
-0.000009,-30.512196,110.667455,-0.000001,0,0
-0.000009,-30.512196,110.667455,-0.000001,0,0
-0.000009,-30.512196,110.667455,-0.000001,0,0
-0.000009,-30.512196,110.667455,-0.000001,0,0
-0.000009,-30.512196,110.667455,-0.000001,0,0
-0.000009,-30.512196,110.667455,-0.000001,0,0
-0.000009,-30.512196,110.667455,-0.000001,0,0
-0.000009,-30.512196,110.667455,-0.000001,0,0
-0.000009,-30.512196,110.667455,-0.000001,0,0
-0.000009,-30.512196,110.667455,-0.000001,0,0
-0.000009,-30.512196,110.667455,-0.000001,0,0
-0.000009,-30.512196,110.667455,-0.000001,0,0
-0.000009,-30.512196,110.667455,-0.000001,0,0
-0.000009,-30.512196,110.667455,-0.000001,0,0
-0.000009,-30.512196,110.667455,-0.000001,0,0
-0.000009,-30.512196,110.667455,-0.000001,0,0
-0.000009,-30.512196,110.667455,-0.000001,0,0
-0.000009,-30.512196,110.667455,-0.000001,0,0
-0.000009,-30.512196,110.667455,-0.000001,0,0
-0.000009,-30.512196,110.667455,-0.000001,0,0
-0.000009,-30.512196,110.667455,-0.000001,0,0
-0.000009,-30.512196,110.667455,-0.000001,0,0
-0.000009,-30.512196,110.667455,-0.000001,0,0
-0.000009,-30.512196,110.667455,-0.000001,0,0
-0.000009,-30.512196,110.667455,-0.000001,0,0
-0.000009,-30.512196,110.667455,-0.000001,0,0
-0.000009,-30.512196,110.667455,-0.000001,0,0
-0.000009,-30.512196,110.667455,-0.000001,0,0
-0.000009,-30.512196,110.667455,-0.000001,0,0
-0.000009,-30.512196,110.667455,-0.000001,0,0
-0.000009,-30.512196,110.667455,-0.000001,0,0
-0.000009,-30.512196,110.667455,-0.000001,0,0
-0.000009,-30.512196,110.667455,-0.000001,0,0
-0.000009,-30.512196,110.667455,-0.000001,0,0
-0.000009,-30.512196,110.667455,-0.000001,0,0
-0.000009,-30.512196,110.667455,-0.000001,0,0
-0.000009,-30.512196,110.667455,-0.000001,0,0
-0.000009,-30.512196,110.667455,-0.000001,0,0
-0.000009,-30.512196,110.667455,-0.000001,0,0
-0.000009,-30.512196,110.667455,-0.000001,0,0
-0.000009,-30.512196,110.667455,-0.000001,0,0
-0.000009,-30.512196,110.667455,-0.000001,0,0
-0.000009,-30.512196,110.667455,-0.000001,0,0
-0.000009,-30.512196,110.667455,-0.000001,0,0
-0.000009,-30.512196,110.667455,-0.000001,0,0
-0.000009,-30.512196,110.667455,-0.000001,0,0
-0.000009,-30.512196,110.667455,-0.000001,0,0
-0.000009,-30.512196,110.667455,-0.000001,0,0
-0.000009,-30.512196,110.667455,-0.000001,0,0
-0.000009,-30.512196,110.667455,-0.000001,0,0
-0.000009,-30.512196,110.667455,-0.000001,0,0
-0.000009,-30.512196,110.667455,-0.000001,0,0
-0.000009,-30.512196,110.667455,-0.000001,0,0
-0.000009,-30.512196,110.667455,-0.000001,0,0
-0.000009,-30.512196,110.667455,-0.000001,0,0
-0.000009,-30.512196,110.667455,-0.000001,0,0
-0.000009,-30.512196,110.667455,-0.000001,0,0
-0.000009,-30.512196,110.667455,-0.000001,0,0
-0.000009,-30.512196,110.667455,-0.000001,0,0
-0.000009,-30.512196,110.667455,-0.000001,0,0
-0.000009,-30.512196,110.667455,-0.000001,0,0
-0.000009,-30.512196,110.667455,-0.000001,0,0
-0.000009,-30.512196,110.667455,-0.000001,0,0
-0.000009,-30.512196,110.667455,-0.000001,0,0
-0.000009,-30.512196,110.667455,-0.000001,0,0
-0.000009,-30.512196,110.667455,-0.000001,0,0
-0.000009,-30.512196,110.667455,-0.000001,0,0
-0.000009,-30.512196,110.667455,-0.000001,0,0
-0.000009,-30.512196,110.667455,-0.000001,0,0
-0.000009,-30.512196,110.667455,-0.000001,0,0
-0.000009,-30.512196,110.667455,-0.000001,0,0
-0.000009,-30.512196,110.667455,-0.000001,0,0
-0.000009,-30.512196,110.667455,-0.000001,0,0
-0.000009,-30.512196,110.667455,-0.000001,0,0
-0.000009,-30.512196,110.667455,-0.000001,0,0
-0.000009,-30.512196,110.667455,-0.000001,0,0
-0.000009,-30.512196,110.667455,-0.000001,0,0
-0.000009,-30.512196,110.667455,-0.000001,0,0
-0.000009,-30.512196,110.667455,-0.000001,0,0
-0.000009,-30.512196,110.667455,-0.000001,0,0
-0.000009,-30.512196,110.667455,-0.000001,0,0
-0.000009,-30.512196,110.667455,-0.000001,0,0
-0.000009,-30.512196,110.667455,-0.000001,0,0
-0.000009,-30.512196,110.667455,-0.000001,0,0
-0.000009,-30.512196,110.667455,-0.000001,0,0
-0.000009,-30.512196,110.667455,-0.000001,0,0
-0.000009,-30.512196,110.667455,-0.000001,0,0
-0.000009,-30.512196,110.667455,-0.000001,0,0
-0.000009,-30.512196,110.667455,-0.000001,0,0
-0.000009,-30.512196,110.667455,-0.000001,0,0
-0.000009,-30.512196,110.667455,-0.000001,0,0
-0.000009,-30.512196,110.667455,-0.000001,0,0
-0.000009,-30.512196,110.667455,-0.000001,0,0
-0.000009,-30.512196,110.667455,-0.000001,0,0
-0.000009,-30.512196,110.667455,-0.000001,0,0
-0.000009,-30.512196,110.667455,-0.000001,0,0
-0.000009,-30.512196,110.667455,-0.000001,0,0
-0.000009,-30.512196,110.667455,-0.000001,0,0
-0.000009,-30.512196,110.667455,-0.000001,0,0
-0.000009,-30.512196,110.667455,-0.000001,0,0
-0.000009,-30.512196,110.667455,-0.000001,0,0
-0.000009,-30.512196,110.667455,-0.000001,0,0
-0.000009,-30.512196,110.667455,-0.000001,0,0
-0.000009,-30.512196,110.667455,-0.000001,0,0
-0.000009,-30.512196,110.667455,-0.000001,0,0
-0.000009,-30.512196,110.667455,-0.000001,0,0
-0.000009,-30.512196,110.667455,-0.000001,0,0
-0.000009,-30.512196,110.667455,-0.000001,0,0
-0.000009,-30.512196,110.667455,-0.000001,0,0
-0.000009,-30.512196,110.667455,-0.000001,0,0
-0.000009,-30.512196,110.667455,-0.000001,0,0
-0.000009,-30.512196,110.667455,-0.000001,0,0
-0.000009,-30.512196,110.667455,-0.000001,0,0
-0.000009,-30.512196,110.667455,-0.000001,0,0
-0.000009,-30.512196,110.667455,-0.000001,0,0
-0.000009,-30.512196,110.667455,-0.000001,0,0
-0.000009,-30.512196,110.667455,-0.000001,0,0
-0.000009,-30.512196,110.667455,-0.000001,0,0
-0.000009,-30.512196,110.667455,-0.000001,0,0
-0.000009,-30.512196,110.667455,-0.000001,0,0
-0.000009,-30.512196,110.667455,-0.000001,0,0
-0.000009,-30.512196,110.667455,-0.000001,0,0
-0.000009,-30.512196,110.667455,-0.000001,0,0
-0.000009,-30.512196,110.667455,-0.000001,0,0
-0.000009,-30.512196,110.667455,-0.000001,0,0
-0.000009,-30.512196,110.667455,-0.000001,0,0
-0.000009,-30.512196,110.667455,-0.000001,0,0
-0.000009,-30.512196,110.667455,-0.000001,0,0
-0.000009,-30.512196,110.667455,-0.000001,0,0
-0.000009,-30.512196,110.667455,-0.000001,0,0
-0.000009,-30.512196,110.667455,-0.000001,0,0
-0.000009,-30.512196,110.667455,-0.000001,0,0
-0.000009,-30.512196,110.667455,-0.000001,0,0
-0.000009,-30.512196,110.667455,-0.000001,0,0
-0.000009,-30.512196,110.667455,-0.000001,0,0
-0.000009,-30.512196,110.667455,-0.000001,0,0
-0.000009,-30.512196,110.667455,-0.000001,0,0
-0.000009,-30.512196,110.667455,-0.000001,0,0
-0.000009,-30.512196,110.667455,-0.000001,0,0
-0.000009,-30.512196,110.667455,-0.000001,0,0
-0.000009,-30.512196,110.667455,-0.000001,0,0
-0.000009,-30.512196,110.667455,-0.000001,0,0
-0.000009,-30.512196,110.667455,-0.000001,0,0
-0.000009,-30.512196,110.667455,-0.000001,0,0
-0.000009,-30.512196,110.667455,-0.000001,0,0
-0.000009,-30.512196,110.667455,-0.000001,0,0
-0.000009,-30.512196,110.667455,-0.000001,0,0
-0.000009,-30.512196,110.667455,-0.000001,0,0
-0.000009,-30.512196,110.667455,-0.000001,0,0
-0.000009,-30.512196,110.667455,-0.000001,0,0
-0.000009,-30.512196,110.667455,-0.000001,0,0
-0.000009,-30.512196,110.667455,-0.000001,0,0
-0.000009,-30.512196,110.667455,-0.000001,0,0
-0.000009,-30.512196,110.667455,-0.000001,0,0
-0.000009,-30.512196,110.667455,-0.000001,0,0
-0.000009,-30.512196,110.667455,-0.000001,0,0
-0.000009,-30.512196,110.667455,-0.000001,0,0
-0.000009,-30.512196,110.667455,-0.000001,0,0
-0.000009,-30.512196,110.667455,-0.000001,0,0
-0.000009,-30.512196,110.667455,-0.000001,0,0
-0.000009,-30.512196,110.667455,-0.000001,0,0
-0.000009,-30.512196,110.667455,-0.000001,0,0
-0.000009,-30.512196,110.667455,-0.000001,0,0
-0.000009,-30.512196,110.667455,-0.000001,0,0
-0.000009,-30.512196,110.667455,-0.000001,0,0
-0.000009,-30.512196,110.667455,-0.000001,0,0
-0.000009,-30.512196,110.667455,-0.000001,0,0
-0.000009,-30.512196,110.667455,-0.000001,0,0
-0.000009,-30.512196,110.667455,-0.000001,0,0
-0.000009,-30.512196,110.667455,-0.000001,0,0
-0.000009,-30.512196,110.667455,-0.000001,0,0
-0.000009,-30.512196,110.667455,-0.000001,0,0
-0.000009,-30.512196,110.667455,-0.000001,0,0
-0.000009,-30.512196,110.667455,-0.000001,0,0
-0.000009,-30.512196,110.667455,-0.000001,0,0
-0.000009,-30.512196,110.667455,-0.000001,0,0
-0.000009,-30.512196,110.667455,-0.000001,0,0
-0.000009,-30.512196,110.667455,-0.000001,0,0
-0.000009,-30.512196,110.667455,-0.000001,0,0
-0.000009,-30.512196,110.667455,-0.000001,0,0
-0.000009,-30.512196,110.667455,-0.000001,0,0
-0.000009,-30.512196,110.667455,-0.000001,0,0
-0.000009,-30.512196,110.667455,-0.000001,0,0
-0.000009,-30.512196,110.667455,-0.000001,0,0
-0.000009,-30.512196,110.667455,-0.000001,0,0
-0.000009,-30.512196,110.667455,-0.000001,0,0
-0.000009,-30.512196,110.667455,-0.000001,0,0
-0.000009,-30.512196,110.667455,-0.000001,0,0
-0.000009,-30.512196,110.667455,-0.000001,0,0
-0.000009,-30.512196,110.667455,-0.000001,0,0
-0.000009,-30.512196,110.667455,-0.000001,0,0
-0.000009,-30.512196,110.667455,-0.000001,0,0
-0.000009,-30.512196,110.667455,-0.000001,0,0
-0.000009,-30.512196,110.667455,-0.000001,0,0
-0.000009,-30.512196,110.667455,-0.000001,0,0
-0.000009,-30.512196,110.667455,-0.000001,0,0
-0.000009,-30.512196,110.667455,-0.000001,0,0
-0.000009,-30.512196,110.667455,-0.000001,0,0
-0.000009,-30.512196,110.667455,-0.000001,0,0
-0.000009,-30.512196,110.667455,-0.000001,0,0
-0.000009,-30.512196,110.667455,-0.000001,0,0
-0.000009,-30.512196,110.667455,-0.000001,0,0
-0.000009,-30.512196,110.667455,-0.000001,0,0
-0.000009,-30.512196,110.667455,-0.000001,0,0
-0.000009,-30.512196,110.667455,-0.000001,0,0
-0.000009,-30.512196,110.667455,-0.000001,0,0
-0.000009,-30.512196,110.667455,-0.000001,0,0
-0.000009,-30.512196,110.667455,-0.000001,0,0
-0.000009,-30.512196,110.667455,-0.000001,0,0
-0.000009,-30.512196,110.667455,-0.000001,0,0
-0.000009,-30.512196,110.667455,-0.000001,0,0
-0.000009,-30.512196,110.667455,-0.000001,0,0
-0.000009,-30.512196,110.667455,-0.000001,0,0
-0.000009,-30.512196,110.667455,-0.000001,0,0
-0.000009,-30.512196,110.667455,-0.000001,0,0
-0.000009,-30.512196,110.667455,-0.000001,0,0
-0.000009,-30.512196,110.667455,-0.000001,0,0
-0.000009,-30.512196,110.667455,-0.000001,0,0
-0.000009,-30.512196,110.667455,-0.000001,0,0
-0.000009,-30.512196,110.667455,-0.000001,0,0
-0.000009,-30.512196,110.667455,-0.000001,0,0
-0.000009,-30.512196,110.667455,-0.000001,0,0
-0.000009,-30.512196,110.667455,-0.000001,0,0
-0.000009,-30.512196,110.667455,-0.000001,0,0
-0.000009,-30.512196,110.667455,-0.000001,0,0
-0.000009,-30.512196,110.667455,-0.000001,0,0
-0.000009,-30.512196,110.667455,-0.000001,0,0
-0.000009,-30.512196,110.667455,-0.000001,0,0
-0.000009,-30.512196,110.667455,-0.000001,0,0
-0.000009,-30.512196,110.667455,-0.000001,0,0
-0.000009,-30.512196,110.667455,-0.000001,0,0
-0.000009,-30.512196,110.667455,-0.000001,0,0
-0.000009,-30.512196,110.667455,-0.000001,0,0
-0.000009,-30.512196,110.667455,-0.000001,0,0
-0.000009,-30.512196,110.667455,-0.000001,0,0
-0.000009,-30.512196,110.667455,-0.000001,0,0
-0.000009,-30.512196,110.667455,-0.000001,0,0
-0.000009,-30.512196,110.667455,-0.000001,0,0
-0.000009,-30.512196,110.667455,-0.000001,0,0
-0.000009,-30.512196,110.667455,-0.000001,0,0
-0.000009,-30.512196,110.667455,-0.000001,0,0
-0.000009,-30.512196,110.667455,-0.000001,0,0
-0.000009,-30.512196,110.667455,-0.000001,0,0
-0.000009,-30.512196,110.667455,-0.000001,0,0
-0.000009,-30.512196,110.667455,-0.000001,0,0
-0.000009,-30.512196,110.667455,-0.000001,0,0
-0.000009,-30.512196,110.667455,-0.000001,0,0
-0.000009,-30.512196,110.667455,-0.000001,0,0
-0.000009,-30.512196,110.667455,-0.000001,0,0
-0.000009,-30.512196,110.667455,-0.000001,0,0
-0.000009,-30.512196,110.667455,-0.000001,0,0
-0.000009,-30.512196,110.667455,-0.000001,0,0
-0.000009,-30.512196,110.667455,-0.000001,0,0
-0.000009,-30.512196,110.667455,-0.000001,0,0
-0.000009,-30.512196,110.667455,-0.000001,0,0
-0.000009,-30.512196,110.667455,-0.000001,0,0
-0.000009,-30.512196,110.667455,-0.000001,0,0
-0.000009,-30.512196,110.667455,-0.000001,0,0
-0.000009,-30.512196,110.667455,-0.000001,0,0
-0.000009,-30.512196,110.667455,-0.000001,0,0
-0.000009,-30.512196,110.667455,-0.000001,0,0
-0.000009,-30.512196,110.667455,-0.000001,0,0
-0.000009,-30.512196,110.667455,-0.000001,0,0
-0.000009,-30.512196,110.667455,-0.000001,0,0
-0.000009,-30.512196,110.667455,-0.000001,0,0
-0.000009,-30.512196,110.667455,-0.000001,0,0
-0.000009,-30.512196,110.667455,-0.000001,0,0
-0.000009,-30.512196,110.667455,-0.000001,0,0
-0.000009,-30.512196,110.667455,-0.000001,0,0
-0.000009,-30.512196,110.667455,-0.000001,0,0
-0.000009,-30.512196,110.667455,-0.000001,0,0
-0.000009,-30.512196,110.667455,-0.000001,0,0
-0.000009,-30.512196,110.667455,-0.000001,0,0
-0.000009,-30.512196,110.667455,-0.000001,0,0
-0.000009,-30.512196,110.667455,-0.000001,0,0
-0.000009,-30.512196,110.667455,-0.000001,0,0
-0.000009,-30.512196,110.667455,-0.000001,0,0
-0.000009,-30.512196,110.667455,-0.000001,0,0
-0.000009,-30.512196,110.667455,-0.000001,0,0
-0.000009,-30.512196,110.667455,-0.000001,0,0
-0.000009,-30.512196,110.667455,-0.000001,0,0
-0.000009,-30.512196,110.667455,-0.000001,0,0
-0.000009,-30.512196,110.667455,-0.000001,0,0
-0.000009,-30.512196,110.667455,-0.000001,0,0
-0.000009,-30.512196,110.667455,-0.000001,0,0
-0.000009,-30.512196,110.667455,-0.000001,0,0
-0.000009,-30.512196,110.667455,-0.000001,0,0
-0.000009,-30.512196,110.667455,-0.000001,0,0
-0.000009,-30.512196,110.667455,-0.000001,0,0
-0.000009,-30.512196,110.667455,-0.000001,0,0
-0.000009,-30.512196,110.667455,-0.000001,0,0
-0.000009,-30.512196,110.667455,-0.000001,0,0
-0.000009,-30.512196,110.667455,-0.000001,0,0
-0.000009,-30.512196,110.667455,-0.000001,0,0
-0.000009,-30.512196,110.667455,-0.000001,0,0
-0.000009,-30.512196,110.667455,-0.000001,0,0
-0.000009,-30.512196,110.667455,-0.000001,0,0
-0.000009,-30.512196,110.667455,-0.000001,0,0
-0.000009,-30.512196,110.667455,-0.000001,0,0
-0.000009,-30.512196,110.667455,-0.000001,0,0
-0.000009,-30.512196,110.667455,-0.000001,0,0
-0.000009,-30.512196,110.667455,-0.000001,0,0
-0.000009,-30.512196,110.667455,-0.000001,0,0
-0.000009,-30.512196,110.667455,-0.000001,0,0
-0.000009,-30.512196,110.667455,-0.000001,0,0
-0.000009,-30.512196,110.667455,-0.000001,0,0
-0.000009,-30.512196,110.667455,-0.000001,0,0
-0.000009,-30.512196,110.667455,-0.000001,0,0
-0.000009,-30.512196,110.667455,-0.000001,0,0
-0.000009,-30.512196,110.667455,-0.000001,0,0
-0.000009,-30.512196,110.667455,-0.000001,0,0
-0.000009,-30.512196,110.667455,-0.000001,0,0
-0.000009,-30.512196,110.667455,-0.000001,0,0
-0.000009,-30.512196,110.667455,-0.000001,0,0
-0.000009,-30.512196,110.667455,-0.000001,0,0
-0.000009,-30.512196,110.667455,-0.000001,0,0
-0.000009,-30.512196,110.667455,-0.000001,0,0
-0.000009,-30.512196,110.667455,-0.000001,0,0
-0.000009,-30.512196,110.667455,-0.000001,0,0
-0.000009,-30.512196,110.667455,-0.000001,0,0
-0.000009,-30.512196,110.667455,-0.000001,0,0
-0.000009,-30.512196,110.667455,-0.000001,0,0
-0.000009,-30.512196,110.667455,-0.000001,0,0
-0.000009,-30.512196,110.667455,-0.000001,0,0
-0.000009,-30.512196,110.667455,-0.000001,0,0
-0.000009,-30.512196,110.667455,-0.000001,0,0
-0.000009,-30.512196,110.667455,-0.000001,0,0
-0.000009,-30.512196,110.667455,-0.000001,0,0
-0.000009,-30.512196,110.667455,-0.000001,0,0
-0.000009,-30.512196,110.667455,-0.000001,0,0
-0.000009,-30.512196,110.667455,-0.000001,0,0
-0.000009,-30.512196,110.667455,-0.000001,0,0
-0.000009,-30.512196,110.667455,-0.000001,0,0
-0.000009,-30.512196,110.667455,-0.000001,0,0
-0.000009,-30.512196,110.667455,-0.000001,0,0
-0.000009,-30.512196,110.667455,-0.000001,0,0
-0.000009,-30.512196,110.667455,-0.000001,0,0
-0.000009,-30.512196,110.667455,-0.000001,0,0
-0.000009,-30.512196,110.667455,-0.000001,0,0
-0.000009,-30.512196,110.667455,-0.000001,0,0
-0.000009,-30.512196,110.667455,-0.000001,0,0
-0.000009,-30.512196,110.667455,-0.000001,0,0
-0.000009,-30.512196,110.667455,-0.000001,0,0
-0.000009,-30.512196,110.667455,-0.000001,0,0
-0.000009,-30.512196,110.667455,-0.000001,0,0
-0.000009,-30.512196,110.667455,-0.000001,0,0
-0.000009,-30.512196,110.667455,-0.000001,0,0
-0.000009,-30.512196,110.667455,-0.000001,0,0
-0.000009,-30.512196,110.667455,-0.000001,0,0
-0.000009,-30.512196,110.667455,-0.000001,0,0
-0.000009,-30.512196,110.667455,-0.000001,0,0
-0.000009,-30.512196,110.667455,-0.000001,0,0
-0.000009,-30.512196,110.667455,-0.000001,0,0
-0.000009,-30.512196,110.667455,-0.000001,0,0
-0.000009,-30.512196,110.667455,-0.000001,0,0
-0.000009,-30.512196,110.667455,-0.000001,0,0
-0.000009,-30.512196,110.667455,-0.000001,0,0
-0.000009,-30.512196,110.667455,-0.000001,0,0
-0.000009,-30.512196,110.667455,-0.000001,0,0
-0.000009,-30.512196,110.667455,-0.000001,0,0
-0.000009,-30.512196,110.667455,-0.000001,0,0
-0.000009,-30.512196,110.667455,-0.000001,0,0
-0.000009,-30.512196,110.667455,-0.000001,0,0
-0.000009,-30.512196,110.667455,-0.000001,0,0
-0.000009,-30.512196,110.667455,-0.000001,0,0
-0.000009,-30.512196,110.667455,-0.000001,0,0
-0.000009,-30.512196,110.667455,-0.000001,0,0
-0.000009,-30.512196,110.667455,-0.000001,0,0
-0.000009,-30.512196,110.667455,-0.000001,0,0
-0.000009,-30.512196,110.667455,-0.000001,0,0
-0.000009,-30.512196,110.667455,-0.000001,0,0
-0.000009,-30.512196,110.667455,-0.000001,0,0
-0.000009,-30.512196,110.667455,-0.000001,0,0
-0.000009,-30.512196,110.667455,-0.000001,0,0
-0.000009,-30.512196,110.667455,-0.000001,0,0
-0.000009,-30.512196,110.667455,-0.000001,0,0
-0.000009,-30.512196,110.667455,-0.000001,0,0
-0.000009,-30.512196,110.667455,-0.000001,0,0
-0.000009,-30.512196,110.667455,-0.000001,0,0
-0.000009,-30.512196,110.667455,-0.000001,0,0
-0.000009,-30.512196,110.667455,-0.000001,0,0
-0.000009,-30.512196,110.667455,-0.000001,0,0
-0.000009,-30.512196,110.667455,-0.000001,0,0
-0.000009,-30.512196,110.667455,-0.000001,0,0
-0.000009,-30.512196,110.667455,-0.000001,0,0
-0.000009,-30.512196,110.667455,-0.000001,0,0
-0.000009,-30.512196,110.667455,-0.000001,0,0
-0.000009,-30.512196,110.667455,-0.000001,0,0
-0.000009,-30.512196,110.667455,-0.000001,0,0
-0.000009,-30.512196,110.667455,-0.000001,0,0
-0.000009,-30.512196,110.667455,-0.000001,0,0
-0.000009,-30.512196,110.667455,-0.000001,0,0
-0.000009,-30.512196,110.667455,-0.000001,0,0
-0.000009,-30.512196,110.667455,-0.000001,0,0
-0.000009,-30.512196,110.667455,-0.000001,0,0
-0.000009,-30.512196,110.667455,-0.000001,0,0
-0.000009,-30.512196,110.667455,-0.000001,0,0
-0.000009,-30.512196,110.667455,-0.000001,0,0
-0.000009,-30.512196,110.667455,-0.000001,0,0
-0.000009,-30.512196,110.667455,-0.000001,0,0
-0.000009,-30.512196,110.667455,-0.000001,0,0
-0.000009,-30.512196,110.667455,-0.000001,0,0
-0.000009,-30.512196,110.667455,-0.000001,0,0
-0.000009,-30.512196,110.667455,-0.000001,0,0
-0.000009,-30.512196,110.667455,-0.000001,0,0
-0.000009,-30.512196,110.667455,-0.000001,0,0
-0.000009,-30.512196,110.667455,-0.000001,0,0
-0.000009,-30.512196,110.667455,-0.000001,0,0
-0.000009,-30.512196,110.667455,-0.000001,0,0
-0.000009,-30.512196,110.667455,-0.000001,0,0
-0.000009,-30.512196,110.667455,-0.000001,0,0
-0.000009,-30.512196,110.667455,-0.000001,0,0
-0.000009,-30.512196,110.667455,-0.000001,0,0
-0.000009,-30.512196,110.667455,-0.000001,0,0
-0.000009,-30.512196,110.667455,-0.000001,0,0
-0.000009,-30.512196,110.667455,-0.000001,0,0
-0.000009,-30.512196,110.667455,-0.000001,0,0
-0.000009,-30.512196,110.667455,-0.000001,0,0
-0.000009,-30.512196,110.667455,-0.000001,0,0
-0.000009,-30.512196,110.667455,-0.000001,0,0
-0.000009,-30.512196,110.667455,-0.000001,0,0
-0.000009,-30.512196,110.667455,-0.000001,0,0
-0.000009,-30.512196,110.667455,-0.000001,0,0
-0.000009,-30.512196,110.667455,-0.000001,0,0
-0.000009,-30.512196,110.667455,-0.000001,0,0
-0.000009,-30.512196,110.667455,-0.000001,0,0
-0.000009,-30.512196,110.667455,-0.000001,0,0
-0.000009,-30.512196,110.667455,-0.000001,0,0
-0.000009,-30.512196,110.667455,-0.000001,0,0
-0.000009,-30.512196,110.667455,-0.000001,0,0
-0.000009,-30.512196,110.667455,-0.000001,0,0
-0.000009,-30.512196,110.667455,-0.000001,0,0
-0.000009,-30.512196,110.667455,-0.000001,0,0
-0.000009,-30.512196,110.667455,-0.000001,0,0
-0.000009,-30.512196,110.667455,-0.000001,0,0
-0.000009,-30.512196,110.667455,-0.000001,0,0
-0.000009,-30.512196,110.667455,-0.000001,0,0
-0.000009,-30.512196,110.667455,-0.000001,0,0
-0.000009,-30.512196,110.667455,-0.000001,0,0
-0.000009,-30.512196,110.667455,-0.000001,0,0
-0.000009,-30.512196,110.667455,-0.000001,0,0
-0.000009,-30.512196,110.667455,-0.000001,0,0
-0.000009,-30.512196,110.667455,-0.000001,0,0
-0.000009,-30.512196,110.667455,-0.000001,0,0
-0.000009,-30.512196,110.667455,-0.000001,0,0
-0.000009,-30.512196,110.667455,-0.000001,0,0
-0.000009,-30.512196,110.667455,-0.000001,0,0
-0.000009,-30.512196,110.667455,-0.000001,0,0
-0.000009,-30.512196,110.667455,-0.000001,0,0
-0.000009,-30.512196,110.667455,-0.000001,0,0
-0.000009,-30.512196,110.667455,-0.000001,0,0
-0.000009,-30.512196,110.667455,-0.000001,0,0
-0.000009,-30.512196,110.667455,-0.000001,0,0
-0.000009,-30.512196,110.667455,-0.000001,0,0
-0.000009,-30.512196,110.667455,-0.000001,0,0
-0.000009,-30.512196,110.667455,-0.000001,0,0
-0.000009,-30.512196,110.667455,-0.000001,0,0
-0.000009,-30.512196,110.667455,-0.000001,0,0
-0.000009,-30.512196,110.667455,-0.000001,0,0
-0.000009,-30.512196,110.667455,-0.000001,0,0
-0.000009,-30.512196,110.667455,-0.000001,0,0
-0.000009,-30.512196,110.667455,-0.000001,0,0
-0.000009,-30.512196,110.667455,-0.000001,0,0
-0.000009,-30.512196,110.667455,-0.000001,0,0
-0.000009,-30.512196,110.667455,-0.000001,0,0
-0.000009,-30.512196,110.667455,-0.000001,0,0
-0.000009,-30.512196,110.667455,-0.000001,0,0
-0.000009,-30.512196,110.667455,-0.000001,0,0
-0.000009,-30.512196,110.667455,-0.000001,0,0
-0.000009,-30.512196,110.667455,-0.000001,0,0
-0.000009,-30.512196,110.667455,-0.000001,0,0
-0.000009,-30.512196,110.667455,-0.000001,0,0
-0.000009,-30.512196,110.667455,-0.000001,0,0
-0.000009,-30.512196,110.667455,-0.000001,0,0
-0.000009,-30.512196,110.667455,-0.000001,0,0
-0.000009,-30.512196,110.667455,-0.000001,0,0
-0.000009,-30.512196,110.667455,-0.000001,0,0
-0.000009,-30.512196,110.667455,-0.000001,0,0
-0.000009,-30.512196,110.667455,-0.000001,0,0
-0.000009,-30.512196,110.667455,-0.000001,0,0
-0.000009,-30.512196,110.667455,-0.000001,0,0
-0.000009,-30.512196,110.667455,-0.000001,0,0
-0.000009,-30.512196,110.667455,-0.000001,0,0
-0.000009,-30.512196,110.667455,-0.000001,0,0
-0.000009,-30.512196,110.667455,-0.000001,0,0
-0.000009,-30.512196,110.667455,-0.000001,0,0
-0.000009,-30.512196,110.667455,-0.000001,0,0
-0.000009,-30.512196,110.667455,-0.000001,0,0
-0.000009,-30.512196,110.667455,-0.000001,0,0
-0.000009,-30.512196,110.667455,-0.000001,0,0
-0.000009,-30.512196,110.667455,-0.000001,0,0
-0.000009,-30.512196,110.667455,-0.000001,0,0
-0.000009,-30.512196,110.667455,-0.000001,0,0
-0.000009,-30.512196,110.667455,-0.000001,0,0
-0.000009,-30.512196,110.667455,-0.000001,0,0
-0.000009,-30.512196,110.667455,-0.000001,0,0
-0.000009,-30.512196,110.667455,-0.000001,0,0
-0.000009,-30.512196,110.667455,-0.000001,0,0
-0.000009,-30.512196,110.667455,-0.000001,0,0
-0.000009,-30.512196,110.667455,-0.000001,0,0
-0.000009,-30.512196,110.667455,-0.000001,0,0
-0.000009,-30.512196,110.667455,-0.000001,0,0
-0.000009,-30.512196,110.667455,-0.000001,0,0
-0.000009,-30.512196,110.667455,-0.000001,0,0
-0.000009,-30.512196,110.667455,-0.000001,0,0
-0.000009,-30.512196,110.667455,-0.000001,0,0
-0.000009,-30.512196,110.667455,-0.000001,0,0
-0.000009,-30.512196,110.667455,-0.000001,0,0
-0.000009,-30.512196,110.667455,-0.000001,0,0
-0.000009,-30.512196,110.667455,-0.000001,0,0
-0.000009,-30.512196,110.667455,-0.000001,0,0
-0.000009,-30.512196,110.667455,-0.000001,0,0
-0.000009,-30.512196,110.667455,-0.000001,0,0
-0.000009,-30.512196,110.667455,-0.000001,0,0
-0.000009,-30.512196,110.667455,-0.000001,0,0
-0.000009,-30.512196,110.667455,-0.000001,0,0
-0.000009,-30.512196,110.667455,-0.000001,0,0
-0.000009,-30.512196,110.667455,-0.000001,0,0
-0.000009,-30.512196,110.667455,-0.000001,0,0
-0.000009,-30.512196,110.667455,-0.000001,0,0
-0.000009,-30.512196,110.667455,-0.000001,0,0
-0.000009,-30.512196,110.667455,-0.000001,0,0
-0.000009,-30.512196,110.667455,-0.000001,0,0
-0.000009,-30.512196,110.667455,-0.000001,0,0
-0.000009,-30.512196,110.667455,-0.000001,0,0
-0.000009,-30.512196,110.667455,-0.000001,0,0
-0.000009,-30.512196,110.667455,-0.000001,0,0
-0.000009,-30.512196,110.667455,-0.000001,0,0
-0.000009,-30.512196,110.667455,-0.000001,0,0
-0.000009,-30.512196,110.667455,-0.000001,0,0
-0.000009,-30.512196,110.667455,-0.000001,0,0
-0.000009,-30.512196,110.667455,-0.000001,0,0
-0.000009,-30.512196,110.667455,-0.000001,0,0
-0.000009,-30.512196,110.667455,-0.000001,0,0
-0.000009,-30.512196,110.667455,-0.000001,0,0
-0.000009,-30.512196,110.667455,-0.000001,0,0
-0.000009,-30.512196,110.667455,-0.000001,0,0
-0.000009,-30.512196,110.667455,-0.000001,0,0
-0.000009,-30.512196,110.667455,-0.000001,0,0
-0.000009,-30.512196,110.667455,-0.000001,0,0
-0.000009,-30.512196,110.667455,-0.000001,0,0
-0.000009,-30.512196,110.667455,-0.000001,0,0
-0.000009,-30.512196,110.667455,-0.000001,0,0
-0.000009,-30.512196,110.667455,-0.000001,0,0
-0.000009,-30.512196,110.667455,-0.000001,0,0
-0.000009,-30.512196,110.667455,-0.000001,0,0
-0.000009,-30.512196,110.667455,-0.000001,0,0
-0.000009,-30.512196,110.667455,-0.000001,0,0
-0.000009,-30.512196,110.667455,-0.000001,0,0
-0.000009,-30.512196,110.667455,-0.000001,0,0
-0.000009,-30.512196,110.667455,-0.000001,0,0
-0.000009,-30.512196,110.667455,-0.000001,0,0
-0.000009,-30.512196,110.667455,-0.000001,0,0
-0.000009,-30.512196,110.667455,-0.000001,0,0
-0.000009,-30.512196,110.667455,-0.000001,0,0
-0.000009,-30.512196,110.667455,-0.000001,0,0
-0.000009,-30.512196,110.667455,-0.000001,0,0
-0.000009,-30.512196,110.667455,-0.000001,0,0
-0.000009,-30.512196,110.667455,-0.000001,0,0
-0.000009,-30.512196,110.667455,-0.000001,0,0
-0.000009,-30.512196,110.667455,-0.000001,0,0
-0.000009,-30.512196,110.667455,-0.000001,0,0
-0.000009,-30.512196,110.667455,-0.000001,0,0
-0.000009,-30.512196,110.667455,-0.000001,0,0
-0.000009,-30.512196,110.667455,-0.000001,0,0
-0.000009,-30.512196,110.667455,-0.000001,0,0
-0.000009,-30.512196,110.667455,-0.000001,0,0
-0.000009,-30.512196,110.667455,-0.000001,0,0
-0.000009,-30.512196,110.667455,-0.000001,0,0
-0.000009,-30.512196,110.667455,-0.000001,0,0
-0.000009,-30.512196,110.667455,-0.000001,0,0
-0.000009,-30.512196,110.667455,-0.000001,0,0
-0.000009,-30.512196,110.667455,-0.000001,0,0
-0.000009,-30.512196,110.667455,-0.000001,0,0
-0.000009,-30.512196,110.667455,-0.000001,0,0
-0.000009,-30.512196,110.667455,-0.000001,0,0
-0.000009,-30.512196,110.667455,-0.000001,0,0
-0.000009,-30.512196,110.667455,-0.000001,0,0
-0.000009,-30.512196,110.667455,-0.000001,0,0
-0.000009,-30.512196,110.667455,-0.000001,0,0
-0.000009,-30.512196,110.667455,-0.000001,0,0
-0.000009,-30.512196,110.667455,-0.000001,0,0
-0.000009,-30.512196,110.667455,-0.000001,0,0
-0.000009,-30.512196,110.667455,-0.000001,0,0
-0.000009,-30.512196,110.667455,-0.000001,0,0
-0.000009,-30.512196,110.667455,-0.000001,0,0
-0.000009,-30.512196,110.667455,-0.000001,0,0
-0.000009,-30.512196,110.667455,-0.000001,0,0
-0.000009,-30.512196,110.667455,-0.000001,0,0
-0.000009,-30.512196,110.667455,-0.000001,0,0
-0.000009,-30.512196,110.667455,-0.000001,0,0
-0.000009,-30.512196,110.667455,-0.000001,0,0
-0.000009,-30.512196,110.667455,-0.000001,0,0
-0.000009,-30.512196,110.667455,-0.000001,0,0
-0.000009,-30.512196,110.667455,-0.000001,0,0
-0.000009,-30.512196,110.667455,-0.000001,0,0
-0.000009,-30.512196,110.667455,-0.000001,0,0
-0.000009,-30.512196,110.667455,-0.000001,0,0
-0.000009,-30.512196,110.667455,-0.000001,0,0
-0.000009,-30.512196,110.667455,-0.000001,0,0
-0.000009,-30.512196,110.667455,-0.000001,0,0
-0.000009,-30.512196,110.667455,-0.000001,0,0
-0.000009,-30.512196,110.667455,-0.000001,0,0
-0.000009,-30.512196,110.667455,-0.000001,0,0
-0.000009,-30.512196,110.667455,-0.000001,0,0
-0.000009,-30.512196,110.667455,-0.000001,0,0
-0.000009,-30.512196,110.667455,-0.000001,0,0
-0.000009,-30.512196,110.667455,-0.000001,0,0
-0.000009,-30.512196,110.667455,-0.000001,0,0
-0.000009,-30.512196,110.667455,-0.000001,0,0
-0.000009,-30.512196,110.667455,-0.000001,0,0
-0.000009,-30.512196,110.667455,-0.000001,0,0
-0.000009,-30.512196,110.667455,-0.000001,0,0
-0.000009,-30.512196,110.667455,-0.000001,0,0
-0.000009,-30.512196,110.667455,-0.000001,0,0
-0.000009,-30.512196,110.667455,-0.000001,0,0
-0.000009,-30.512196,110.667455,-0.000001,0,0
-0.000009,-30.512196,110.667455,-0.000001,0,0
-0.000009,-30.512196,110.667455,-0.000001,0,0
-0.000009,-30.512196,110.667455,-0.000001,0,0
-0.000009,-30.512196,110.667455,-0.000001,0,0
-0.000009,-30.512196,110.667455,-0.000001,0,0
-0.000009,-30.512196,110.667455,-0.000001,0,0
-0.000009,-30.512196,110.667455,-0.000001,0,0
-0.000009,-30.512196,110.667455,-0.000001,0,0
-0.000009,-30.512196,110.667455,-0.000001,0,0
-0.000009,-30.512196,110.667455,-0.000001,0,0
-0.000009,-30.512196,110.667455,-0.000001,0,0
-0.000009,-30.512196,110.667455,-0.000001,0,0
-0.000009,-30.512196,110.667455,-0.000001,0,0
-0.000009,-30.512196,110.667455,-0.000001,0,0
-0.000009,-30.512196,110.667455,-0.000001,0,0
-0.000009,-30.512196,110.667455,-0.000001,0,0
-0.000009,-30.512196,110.667455,-0.000001,0,0
-0.000009,-30.512196,110.667455,-0.000001,0,0
-0.000009,-30.512196,110.667455,-0.000001,0,0
-0.000009,-30.512196,110.667455,-0.000001,0,0
-0.000009,-30.512196,110.667455,-0.000001,0,0
-0.000009,-30.512196,110.667455,-0.000001,0,0
-0.000009,-30.512196,110.667455,-0.000001,0,0
-0.000009,-30.512196,110.667455,-0.000001,0,0
-0.000009,-30.512196,110.667455,-0.000001,0,0
-0.000009,-30.512196,110.667455,-0.000001,0,0
-0.000009,-30.512196,110.667455,-0.000001,0,0
-0.000009,-30.512196,110.667455,-0.000001,0,0
-0.000009,-30.512196,110.667455,-0.000001,0,0
-0.000009,-30.512196,110.667455,-0.000001,0,0
-0.000009,-30.512196,110.667455,-0.000001,0,0
-0.000009,-30.512196,110.667455,-0.000001,0,0
-0.000009,-30.512196,110.667455,-0.000001,0,0
-0.000009,-30.512196,110.667455,-0.000001,0,0
-0.000009,-30.512196,110.667455,-0.000001,0,0
-0.000009,-30.512196,110.667455,-0.000001,0,0
-0.000009,-30.512196,110.667455,-0.000001,0,0
-0.000009,-30.512196,110.667455,-0.000001,0,0
-0.000009,-30.512196,110.667455,-0.000001,0,0
-0.000009,-30.512196,110.667455,-0.000001,0,0
-0.000009,-30.512196,110.667455,-0.000001,0,0
-0.000009,-30.512196,110.667455,-0.000001,0,0
-0.000009,-30.512196,110.667455,-0.000001,0,0
-0.000009,-30.512196,110.667455,-0.000001,0,0
-0.000009,-30.512196,110.667455,-0.000001,0,0
-0.000009,-30.512196,110.667455,-0.000001,0,0
-0.000009,-30.512196,110.667455,-0.000001,0,0
-0.000009,-30.512196,110.667455,-0.000001,0,0
-0.000009,-30.512196,110.667455,-0.000001,0,0
-0.000009,-30.512196,110.667455,-0.000001,0,0
-0.000009,-30.512196,110.667455,-0.000001,0,0
-0.000009,-30.512196,110.667455,-0.000001,0,0
-0.000009,-30.512196,110.667455,-0.000001,0,0
-0.000009,-30.512196,110.667455,-0.000001,0,0
-0.000009,-30.512196,110.667455,-0.000001,0,0
-0.000009,-30.512196,110.667455,-0.000001,0,0
-0.000009,-30.512196,110.667455,-0.000001,0,0
-0.000009,-30.512196,110.667455,-0.000001,0,0
-0.000009,-30.512196,110.667455,-0.000001,0,0
-0.000009,-30.512196,110.667455,-0.000001,0,0
-0.000009,-30.512196,110.667455,-0.000001,0,0
-0.000009,-30.512196,110.667455,-0.000001,0,0
-0.000009,-30.512196,110.667455,-0.000001,0,0
-0.000009,-30.512196,110.667455,-0.000001,0,0
-0.000009,-30.512196,110.667455,-0.000001,0,0
-0.000009,-30.512196,110.667455,-0.000001,0,0
-0.000009,-30.512196,110.667455,-0.000001,0,0
-0.000009,-30.512196,110.667455,-0.000001,0,0
-0.000009,-30.512196,110.667455,-0.000001,0,0
-0.000009,-30.512196,110.667455,-0.000001,0,0
-0.000009,-30.512196,110.667455,-0.000001,0,0
-0.000009,-30.512196,110.667455,-0.000001,0,0
-0.000009,-30.512196,110.667455,-0.000001,0,0
-0.000009,-30.512196,110.667455,-0.000001,0,0
-0.000009,-30.512196,110.667455,-0.000001,0,0
-0.000009,-30.512196,110.667455,-0.000001,0,0
-0.000009,-30.512196,110.667455,-0.000001,0,0
-0.000009,-30.512196,110.667455,-0.000001,0,0
-0.000009,-30.512196,110.667455,-0.000001,0,0
-0.000009,-30.512196,110.667455,-0.000001,0,0
-0.000009,-30.512196,110.667455,-0.000001,0,0
-0.000009,-30.512196,110.667455,-0.000001,0,0
-0.000009,-30.512196,110.667455,-0.000001,0,0
-0.000009,-30.512196,110.667455,-0.000001,0,0
-0.000009,-30.512196,110.667455,-0.000001,0,0
-0.000009,-30.512196,110.667455,-0.000001,0,0
-0.000009,-30.512196,110.667455,-0.000001,0,0
-0.000009,-30.512196,110.667455,-0.000001,0,0
-0.000009,-30.512196,110.667455,-0.000001,0,0
-0.000009,-30.512196,110.667455,-0.000001,0,0
-0.000009,-30.512196,110.667455,-0.000001,0,0
-0.000009,-30.512196,110.667455,-0.000001,0,0
-0.000009,-30.512196,110.667455,-0.000001,0,0
-0.000009,-30.512196,110.667455,-0.000001,0,0
-0.000009,-30.512196,110.667455,-0.000001,0,0
-0.000009,-30.512196,110.667455,-0.000001,0,0
-0.000009,-30.512196,110.667455,-0.000001,0,0
-0.000009,-30.512196,110.667455,-0.000001,0,0
-0.000009,-30.512196,110.667455,-0.000001,0,0
-0.000009,-30.512196,110.667455,-0.000001,0,0
-0.000009,-30.512196,110.667455,-0.000001,0,0
-0.000009,-30.512196,110.667455,-0.000001,0,0
-0.000009,-30.512196,110.667455,-0.000001,0,0
-0.000009,-30.512196,110.667455,-0.000001,0,0
-0.000009,-30.512196,110.667455,-0.000001,0,0
-0.000009,-30.512196,110.667455,-0.000001,0,0
-0.000009,-30.512196,110.667455,-0.000001,0,0
-0.000009,-30.512196,110.667455,-0.000001,0,0
-0.000009,-30.512196,110.667455,-0.000001,0,0
-0.000009,-30.512196,110.667455,-0.000001,0,0
-0.000009,-30.512196,110.667455,-0.000001,0,0
-0.000009,-30.512196,110.667455,-0.000001,0,0
-0.000009,-30.512196,110.667455,-0.000001,0,0
-0.000009,-30.512196,110.667455,-0.000001,0,0
-0.000009,-30.512196,110.667455,-0.000001,0,0
-0.000009,-30.512196,110.667455,-0.000001,0,0
-0.000009,-30.512196,110.667455,-0.000001,0,0
-0.000009,-30.512196,110.667455,-0.000001,0,0
-0.000009,-30.512196,110.667455,-0.000001,0,0
-0.000009,-30.512196,110.667455,-0.000001,0,0
-0.000009,-30.512196,110.667455,-0.000001,0,0
-0.000009,-30.512196,110.667455,-0.000001,0,0
-0.000009,-30.512196,110.667455,-0.000001,0,0
-0.000009,-30.512196,110.667455,-0.000001,0,0
-0.000009,-30.512196,110.667455,-0.000001,0,0
-0.000009,-30.512196,110.667455,-0.000001,0,0
-0.000009,-30.512196,110.667455,-0.000001,0,0
-0.000009,-30.512196,110.667455,-0.000001,0,0
-0.000009,-30.512196,110.667455,-0.000001,0,0
-0.000009,-30.512196,110.667455,-0.000001,0,0
-0.000009,-30.512196,110.667455,-0.000001,0,0
-0.000009,-30.512196,110.667455,-0.000001,0,0
-0.000009,-30.512196,110.667455,-0.000001,0,0
-0.000009,-30.512196,110.667455,-0.000001,0,0
-0.000009,-30.512196,110.667455,-0.000001,0,0
-0.000009,-30.512196,110.667455,-0.000001,0,0
-0.000009,-30.512196,110.667455,-0.000001,0,0
-0.000009,-30.512196,110.667455,-0.000001,0,0
-0.000009,-30.512196,110.667455,-0.000001,0,0
-0.000009,-30.512196,110.667455,-0.000001,0,0
-0.000009,-30.512196,110.667455,-0.000001,0,0
-0.000009,-30.512196,110.667455,-0.000001,0,0
-0.000009,-30.512196,110.667455,-0.000001,0,0
-0.000009,-30.512196,110.667455,-0.000001,0,0
-0.000009,-30.512196,110.667455,-0.000001,0,0
-0.000009,-30.512196,110.667455,-0.000001,0,0
-0.000009,-30.512196,110.667455,-0.000001,0,0
-0.000009,-30.512196,110.667455,-0.000001,0,0
-0.000009,-30.512196,110.667455,-0.000001,0,0
-0.000009,-30.512196,110.667455,-0.000001,0,0
-0.000009,-30.512196,110.667455,-0.000001,0,0
-0.000009,-30.512196,110.667455,-0.000001,0,0
-0.000009,-30.512196,110.667455,-0.000001,0,0
-0.000009,-30.512196,110.667455,-0.000001,0,0
-0.000009,-30.512196,110.667455,-0.000001,0,0
-0.000009,-30.512196,110.667455,-0.000001,0,0
-0.000009,-30.512196,110.667455,-0.000001,0,0
-0.000009,-30.512196,110.667455,-0.000001,0,0
-0.000009,-30.512196,110.667455,-0.000001,0,0
-0.000009,-30.512196,110.667455,-0.000001,0,0
-0.000009,-30.512196,110.667455,-0.000001,0,0
-0.000009,-30.512196,110.667455,-0.000001,0,0
-0.000009,-30.512196,110.667455,-0.000001,0,0
-0.000009,-30.512196,110.667455,-0.000001,0,0
-0.000009,-30.512196,110.667455,-0.000001,0,0
-0.000009,-30.512196,110.667455,-0.000001,0,0
-0.000009,-30.512196,110.667455,-0.000001,0,0
-0.000009,-30.512196,110.667455,-0.000001,0,0
-0.000009,-30.512196,110.667455,-0.000001,0,0
-0.000009,-30.512196,110.667455,-0.000001,0,0
-0.000009,-30.512196,110.667455,-0.000001,0,0
-0.000009,-30.512196,110.667455,-0.000001,0,0
-0.000009,-30.512196,110.667455,-0.000001,0,0
-0.000009,-30.512196,110.667455,-0.000001,0,0
-0.000009,-30.512196,110.667455,-0.000001,0,0
-0.000009,-30.512196,110.667455,-0.000001,0,0
-0.000009,-30.512196,110.667455,-0.000001,0,0
-0.000009,-30.512196,110.667455,-0.000001,0,0
-0.000009,-30.512196,110.667455,-0.000001,0,0
-0.000009,-30.512196,110.667455,-0.000001,0,0
-0.000009,-30.512196,110.667455,-0.000001,0,0
-0.000009,-30.512196,110.667455,-0.000001,0,0
-0.000009,-30.512196,110.667455,-0.000001,0,0
-0.000009,-30.512196,110.667455,-0.000001,0,0
-0.000009,-30.512196,110.667455,-0.000001,0,0
-0.000009,-30.512196,110.667455,-0.000001,0,0
-0.000009,-30.512196,110.667455,-0.000001,0,0
-0.000009,-30.512196,110.667455,-0.000001,0,0
-0.000009,-30.512196,110.667455,-0.000001,0,0
-0.000009,-30.512196,110.667455,-0.000001,0,0
-0.000009,-30.512196,110.667455,-0.000001,0,0
-0.000009,-30.512196,110.667455,-0.000001,0,0
-0.000009,-30.512196,110.667455,-0.000001,0,0
-0.000009,-30.512196,110.667455,-0.000001,0,0
-0.000009,-30.512196,110.667455,-0.000001,0,0
-0.000009,-30.512196,110.667455,-0.000001,0,0
-0.000009,-30.512196,110.667455,-0.000001,0,0
-0.000009,-30.512196,110.667455,-0.000001,0,0
-0.000009,-30.512196,110.667455,-0.000001,0,0
-0.000009,-30.512196,110.667455,-0.000001,0,0
-0.000009,-30.512196,110.667455,-0.000001,0,0
-0.000009,-30.512196,110.667455,-0.000001,0,0
-0.000009,-30.512196,110.667455,-0.000001,0,0
-0.000009,-30.512196,110.667455,-0.000001,0,0
-0.000009,-30.512196,110.667455,-0.000001,0,0
-0.000009,-30.512196,110.667455,-0.000001,0,0
-0.000009,-30.512196,110.667455,-0.000001,0,0
-0.000009,-30.512196,110.667455,-0.000001,0,0
-0.000009,-30.512196,110.667455,-0.000001,0,0
-0.000009,-30.512196,110.667455,-0.000001,0,0
-0.000009,-30.512196,110.667455,-0.000001,0,0
-0.000009,-30.512196,110.667455,-0.000001,0,0
-0.000009,-30.512196,110.667455,-0.000001,0,0
-0.000009,-30.512196,110.667455,-0.000001,0,0
-0.000009,-30.512196,110.667455,-0.000001,0,0
-0.000009,-30.512196,110.667455,-0.000001,0,0
-0.000009,-30.512196,110.667455,-0.000001,0,0
-0.000009,-30.512196,110.667455,-0.000001,0,0
-0.000009,-30.512196,110.667455,-0.000001,0,0
-0.000009,-30.512196,110.667455,-0.000001,0,0
-0.000009,-30.512196,110.667455,-0.000001,0,0
-0.000009,-30.512196,110.667455,-0.000001,0,0
-0.000009,-30.512196,110.667455,-0.000001,0,0
-0.000009,-30.512196,110.667455,-0.000001,0,0
-0.000009,-30.512196,110.667455,-0.000001,0,0
-0.000009,-30.512196,110.667455,-0.000001,0,0
-0.000009,-30.512196,110.667455,-0.000001,0,0
-0.000009,-30.512196,110.667455,-0.000001,0,0
-0.000009,-30.512196,110.667455,-0.000001,0,0
-0.000009,-30.512196,110.667455,-0.000001,0,0
-0.000009,-30.512196,110.667455,-0.000001,0,0
-0.000009,-30.512196,110.667455,-0.000001,0,0
-0.000009,-30.512196,110.667455,-0.000001,0,0
-0.000009,-30.512196,110.667455,-0.000001,0,0
-0.000009,-30.512196,110.667455,-0.000001,0,0
-0.000009,-30.512196,110.667455,-0.000001,0,0
-0.000009,-30.512196,110.667455,-0.000001,0,0
-0.000009,-30.512196,110.667455,-0.000001,0,0
-0.000009,-30.512196,110.667455,-0.000001,0,0
-0.000009,-30.512196,110.667455,-0.000001,0,0
-0.000009,-30.512196,110.667455,-0.000001,0,0
-0.000009,-30.512196,110.667455,-0.000001,0,0
-0.000009,-30.512196,110.667455,-0.000001,0,0
-0.000009,-30.512196,110.667455,-0.000001,0,0
-0.000009,-30.512196,110.667455,-0.000001,0,0
-0.000009,-30.512196,110.667455,-0.000001,0,0
-0.000009,-30.512196,110.667455,-0.000001,0,0
-0.000009,-30.512196,110.667455,-0.000001,0,0
-0.000009,-30.512196,110.667455,-0.000001,0,0
-0.000009,-30.512196,110.667455,-0.000001,0,0
-0.000009,-30.512196,110.667455,-0.000001,0,0
-0.000009,-30.512196,110.667455,-0.000001,0,0
-0.000009,-30.512196,110.667455,-0.000001,0,0
-0.000009,-30.512196,110.667455,-0.000001,0,0
-0.000009,-30.512196,110.667455,-0.000001,0,0
-0.000009,-30.512196,110.667455,-0.000001,0,0
-0.000009,-30.512196,110.667455,-0.000001,0,0
-0.000009,-30.512196,110.667455,-0.000001,0,0
-0.000009,-30.512196,110.667455,-0.000001,0,0
-0.000009,-30.512196,110.667455,-0.000001,0,0
-0.000009,-30.512196,110.667455,-0.000001,0,0
-0.000009,-30.512196,110.667455,-0.000001,0,0
-0.000009,-30.512196,110.667455,-0.000001,0,0
-0.000009,-30.512196,110.667455,-0.000001,0,0
-0.000009,-30.512196,110.667455,-0.000001,0,0
-0.000009,-30.512196,110.667455,-0.000001,0,0
-0.000009,-30.512196,110.667455,-0.000001,0,0
-0.000009,-30.512196,110.667455,-0.000001,0,0
-0.000009,-30.512196,110.667455,-0.000001,0,0
-0.000009,-30.512196,110.667455,-0.000001,0,0
-0.000009,-30.512196,110.667455,-0.000001,0,0
-0.000009,-30.512196,110.667455,-0.000001,0,0
-0.000009,-30.512196,110.667455,-0.000001,0,0
-0.000009,-30.512196,110.667455,-0.000001,0,0
-0.000009,-30.512196,110.667455,-0.000001,0,0
-0.000009,-30.512196,110.667455,-0.000001,0,0
-0.000009,-30.512196,110.667455,-0.000001,0,0
-0.000009,-30.512196,110.667455,-0.000001,0,0
-0.000009,-30.512196,110.667455,-0.000001,0,0
-0.000009,-30.512196,110.667455,-0.000001,0,0
-0.000009,-30.512196,110.667455,-0.000001,0,0
-0.000009,-30.512196,110.667455,-0.000001,0,0
-0.000009,-30.512196,110.667455,-0.000001,0,0
-0.000009,-30.512196,110.667455,-0.000001,0,0
-0.000009,-30.512196,110.667455,-0.000001,0,0
-0.000009,-30.512196,110.667455,-0.000001,0,0
-0.000009,-30.512196,110.667455,-0.000001,0,0
-0.000009,-30.512196,110.667455,-0.000001,0,0
-0.000009,-30.512196,110.667455,-0.000001,0,0
-0.000009,-30.512196,110.667455,-0.000001,0,0
-0.000009,-30.512196,110.667455,-0.000001,0,0
-0.000009,-30.512196,110.667455,-0.000001,0,0
-0.000009,-30.512196,110.667455,-0.000001,0,0
-0.000009,-30.512196,110.667455,-0.000001,0,0
-0.000009,-30.512196,110.667455,-0.000001,0,0
-0.000009,-30.512196,110.667455,-0.000001,0,0
-0.000009,-30.512196,110.667455,-0.000001,0,0
-0.000009,-30.512196,110.667455,-0.000001,0,0
-0.000009,-30.512196,110.667455,-0.000001,0,0
-0.000009,-30.512196,110.667455,-0.000001,0,0
-0.000009,-30.512196,110.667455,-0.000001,0,0
-0.000009,-30.512196,110.667455,-0.000001,0,0
-0.000009,-30.512196,110.667455,-0.000001,0,0
-0.000009,-30.512196,110.667455,-0.000001,0,0
-0.000009,-30.512196,110.667455,-0.000001,0,0
-0.000009,-30.512196,110.667455,-0.000001,0,0
-0.000009,-30.512196,110.667455,-0.000001,0,0
-0.000009,-30.512196,110.667455,-0.000001,0,0
-0.000009,-30.512196,110.667455,-0.000001,0,0
-0.000009,-30.512196,110.667455,-0.000001,0,0
-0.000009,-30.512196,110.667455,-0.000001,0,0
-0.000009,-30.512196,110.667455,-0.000001,0,0
-0.000009,-30.512196,110.667455,-0.000001,0,0
-0.000009,-30.512196,110.667455,-0.000001,0,0
-0.000009,-30.512196,110.667455,-0.000001,0,0
-0.000009,-30.512196,110.667455,-0.000001,0,0
-0.000009,-30.512196,110.667455,-0.000001,0,0
-0.000009,-30.512196,110.667455,-0.000001,0,0
-0.000009,-30.512196,110.667455,-0.000001,0,0
-0.000009,-30.512196,110.667455,-0.000001,0,0
-0.000009,-30.512196,110.667455,-0.000001,0,0
-0.000009,-30.512196,110.667455,-0.000001,0,0
-0.000009,-30.512196,110.667455,-0.000001,0,0
-0.000009,-30.512196,110.667455,-0.000001,0,0
-0.000009,-30.512196,110.667455,-0.000001,0,0
-0.000009,-30.512196,110.667455,-0.000001,0,0
-0.000009,-30.512196,110.667455,-0.000001,0,0
-0.000009,-30.512196,110.667455,-0.000001,0,0
-0.000009,-30.512196,110.667455,-0.000001,0,0
-0.000009,-30.512196,110.667455,-0.000001,0,0
-0.000009,-30.512196,110.667455,-0.000001,0,0
-0.000009,-30.512196,110.667455,-0.000001,0,0
-0.000009,-30.512196,110.667455,-0.000001,0,0
-0.000009,-30.512196,110.667455,-0.000001,0,0
-0.000009,-30.512196,110.667455,-0.000001,0,0
-0.000009,-30.512196,110.667455,-0.000001,0,0
-0.000009,-30.512196,110.667455,-0.000001,0,0
-0.000009,-30.512196,110.667455,-0.000001,0,0
-0.000009,-30.512196,110.667455,-0.000001,0,0
-0.000009,-30.512196,110.667455,-0.000001,0,0
-0.000009,-30.512196,110.667455,-0.000001,0,0
-0.000009,-30.512196,110.667455,-0.000001,0,0
-0.000009,-30.512196,110.667455,-0.000001,0,0
-0.000009,-30.512196,110.667455,-0.000001,0,0
-0.000009,-30.512196,110.667455,-0.000001,0,0
-0.000009,-30.512196,110.667455,-0.000001,0,0
-0.000009,-30.512196,110.667455,-0.000001,0,0
-0.000009,-30.512196,110.667455,-0.000001,0,0
-0.000009,-30.512196,110.667455,-0.000001,0,0
-0.000009,-30.512196,110.667455,-0.000001,0,0
-0.000009,-30.512196,110.667455,-0.000001,0,0
-0.000009,-30.512196,110.667455,-0.000001,0,0
-0.000009,-30.512196,110.667455,-0.000001,0,0
-0.000009,-30.512196,110.667455,-0.000001,0,0
-0.000009,-30.512196,110.667455,-0.000001,0,0
-0.000009,-30.512196,110.667455,-0.000001,0,0
-0.000009,-30.512196,110.667455,-0.000001,0,0
-0.000009,-30.512196,110.667455,-0.000001,0,0
-0.000009,-30.512196,110.667455,-0.000001,0,0
-0.000009,-30.512196,110.667455,-0.000001,0,0
-0.000009,-30.512196,110.667455,-0.000001,0,0
-0.000009,-30.512196,110.667455,-0.000001,0,0
-0.000009,-30.512196,110.667455,-0.000001,0,0
-0.000009,-30.512196,110.667455,-0.000001,0,0
-0.000009,-30.512196,110.667455,-0.000001,0,0
-0.000009,-30.512196,110.667455,-0.000001,0,0
-0.000009,-30.512196,110.667455,-0.000001,0,0
-0.000009,-30.512196,110.667455,-0.000001,0,0
-0.000009,-30.512196,110.667455,-0.000001,0,0
-0.000009,-30.512196,110.667455,-0.000001,0,0
-0.000009,-30.512196,110.667455,-0.000001,0,0
-0.000009,-30.512196,110.667455,-0.000001,0,0
-0.000009,-30.512196,110.667455,-0.000001,0,0
-0.000009,-30.512196,110.667455,-0.000001,0,0
-0.000009,-30.512196,110.667455,-0.000001,0,0
-0.000009,-30.512196,110.667455,-0.000001,0,0
-0.000009,-30.512196,110.667455,-0.000001,0,0
-0.000009,-30.512196,110.667455,-0.000001,0,0
-0.000009,-30.512196,110.667455,-0.000001,0,0
-0.000009,-30.512196,110.667455,-0.000001,0,0
-0.000009,-30.512196,110.667455,-0.000001,0,0
-0.000009,-30.512196,110.667455,-0.000001,0,0
-0.000009,-30.512196,110.667455,-0.000001,0,0
-0.000009,-30.512196,110.667455,-0.000001,0,0
-0.000009,-30.512196,110.667455,-0.000001,0,0
-0.000009,-30.512196,110.667455,-0.000001,0,0
-0.000009,-30.512196,110.667455,-0.000001,0,0
-0.000009,-30.512196,110.667455,-0.000001,0,0
-0.000009,-30.512196,110.667455,-0.000001,0,0
-0.000009,-30.512196,110.667455,-0.000001,0,0
-0.000009,-30.512196,110.667455,-0.000001,0,0
-0.000009,-30.512196,110.667455,-0.000001,0,0
-0.000009,-30.512196,110.667455,-0.000001,0,0
-0.000009,-30.512196,110.667455,-0.000001,0,0
-0.000009,-30.512196,110.667455,-0.000001,0,0
-0.000009,-30.512196,110.667455,-0.000001,0,0
-0.000009,-30.512196,110.667455,-0.000001,0,0
-0.000009,-30.512196,110.667455,-0.000001,0,0
-0.000009,-30.512196,110.667455,-0.000001,0,0
-0.000009,-30.512196,110.667455,-0.000001,0,0
-0.000009,-30.512196,110.667455,-0.000001,0,0
-0.000009,-30.512196,110.667455,-0.000001,0,0
-0.000009,-30.512196,110.667455,-0.000001,0,0
-0.000009,-30.512196,110.667455,-0.000001,0,0
-0.000009,-30.512196,110.667455,-0.000001,0,0
-0.000009,-30.512196,110.667455,-0.000001,0,0
-0.000009,-30.512196,110.667455,-0.000001,0,0
-0.000009,-30.512196,110.667455,-0.000001,0,0
-0.000009,-30.512196,110.667455,-0.000001,0,0
-0.000009,-30.512196,110.667455,-0.000001,0,0
-0.000009,-30.512196,110.667455,-0.000001,0,0
-0.000009,-30.512196,110.667455,-0.000001,0,0
-0.000009,-30.512196,110.667455,-0.000001,0,0
-0.000009,-30.512196,110.667455,-0.000001,0,0
-0.000009,-30.512196,110.667455,-0.000001,0,0
-0.000009,-30.512196,110.667455,-0.000001,0,0
-0.000009,-30.512196,110.667455,-0.000001,0,0
-0.000009,-30.512196,110.667455,-0.000001,0,0
-0.000009,-30.512196,110.667455,-0.000001,0,0
-0.000009,-30.512196,110.667455,-0.000001,0,0
-0.000009,-30.512196,110.667455,-0.000001,0,0
-0.000009,-30.512196,110.667455,-0.000001,0,0
-0.000009,-30.512196,110.667455,-0.000001,0,0
-0.000009,-30.512196,110.667455,-0.000001,0,0
-0.000009,-30.512196,110.667455,-0.000001,0,0
-0.000009,-30.512196,110.667455,-0.000001,0,0
-0.000009,-30.512196,110.667455,-0.000001,0,0
-0.000009,-30.512196,110.667455,-0.000001,0,0
-0.000009,-30.512196,110.667455,-0.000001,0,0
-0.000009,-30.512196,110.667455,-0.000001,0,0
-0.000009,-30.512196,110.667455,-0.000001,0,0
-0.000009,-30.512196,110.667455,-0.000001,0,0
-0.000009,-30.512196,110.667455,-0.000001,0,0
-0.000009,-30.512196,110.667455,-0.000001,0,0
-0.000009,-30.512196,110.667455,-0.000001,0,0
-0.000009,-30.512196,110.667455,-0.000001,0,0
-0.000009,-30.512196,110.667455,-0.000001,0,0
-0.000009,-30.512196,110.667455,-0.000001,0,0
-0.000009,-30.512196,110.667455,-0.000001,0,0
-0.000009,-30.512196,110.667455,-0.000001,0,0
-0.000009,-30.512196,110.667455,-0.000001,0,0
-0.000009,-30.512196,110.667455,-0.000001,0,0
-0.000009,-30.512196,110.667455,-0.000001,0,0
-0.000009,-30.512196,110.667455,-0.000001,0,0
-0.000009,-30.512196,110.667455,-0.000001,0,0
-0.000009,-30.512196,110.667455,-0.000001,0,0
-0.000009,-30.512196,110.667455,-0.000001,0,0
-0.000009,-30.512196,110.667455,-0.000001,0,0
-0.000009,-30.512196,110.667455,-0.000001,0,0
-0.000009,-30.512196,110.667455,-0.000001,0,0
-0.000009,-30.512196,110.667455,-0.000001,0,0
-0.000009,-30.512196,110.667455,-0.000001,0,0
-0.000009,-30.512196,110.667455,-0.000001,0,0
-0.000009,-30.512196,110.667455,-0.000001,0,0
-0.000009,-30.512196,110.667455,-0.000001,0,0
-0.000009,-30.512196,110.667455,-0.000001,0,0
-0.000009,-30.512196,110.667455,-0.000001,0,0
-0.000009,-30.512196,110.667455,-0.000001,0,0
-0.000009,-30.512196,110.667455,-0.000001,0,0
-0.000009,-30.512196,110.667455,-0.000001,0,0
-0.000009,-30.512196,110.667455,-0.000001,0,0
-0.000009,-30.512196,110.667455,-0.000001,0,0
-0.000009,-30.512196,110.667455,-0.000001,0,0
-0.000009,-30.512196,110.667455,-0.000001,0,0
-0.000009,-30.512196,110.667455,-0.000001,0,0
-0.000009,-30.512196,110.667455,-0.000001,0,0
-0.000009,-30.512196,110.667455,-0.000001,0,0
-0.000009,-30.512196,110.667455,-0.000001,0,0
-0.000009,-30.512196,110.667455,-0.000001,0,0
-0.000009,-30.512196,110.667455,-0.000001,0,0
-0.000009,-30.512196,110.667455,-0.000001,0,0
-0.000009,-30.512196,110.667455,-0.000001,0,0
-0.000009,-30.512196,110.667455,-0.000001,0,0
-0.000009,-30.512196,110.667455,-0.000001,0,0
-0.000009,-30.512196,110.667455,-0.000001,0,0
-0.000009,-30.512196,110.667455,-0.000001,0,0
-0.000009,-30.512196,110.667455,-0.000001,0,0
-0.000009,-30.512196,110.667455,-0.000001,0,0
-0.000009,-30.512196,110.667455,-0.000001,0,0
-0.000009,-30.512196,110.667455,-0.000001,0,0
-0.000009,-30.512196,110.667455,-0.000001,0,0
-0.000009,-30.512196,110.667455,-0.000001,0,0
-0.000009,-30.512196,110.667455,-0.000001,0,0
-0.000009,-30.512196,110.667455,-0.000001,0,0
-0.000009,-30.512196,110.667455,-0.000001,0,0
-0.000009,-30.512196,110.667455,-0.000001,0,0
-0.000009,-30.512196,110.667455,-0.000001,0,0
-0.000009,-30.512196,110.667455,-0.000001,0,0
-0.000009,-30.512196,110.667455,-0.000001,0,0
-0.000009,-30.512196,110.667455,-0.000001,0,0
-0.000009,-30.512196,110.667455,-0.000001,0,0
-0.000009,-30.512196,110.667455,-0.000001,0,0
-0.000009,-30.512196,110.667455,-0.000001,0,0
-0.000009,-30.512196,110.667455,-0.000001,0,0
-0.000009,-30.512196,110.667455,-0.000001,0,0
-0.000009,-30.512196,110.667455,-0.000001,0,0
-0.000009,-30.512196,110.667455,-0.000001,0,0
-0.000009,-30.512196,110.667455,-0.000001,0,0
-0.000009,-30.512196,110.667455,-0.000001,0,0
-0.000009,-30.512196,110.667455,-0.000001,0,0
-0.000009,-30.512196,110.667455,-0.000001,0,0
-0.000009,-30.512196,110.667455,-0.000001,0,0
-0.000009,-30.512196,110.667455,-0.000001,0,0
-0.000009,-30.512196,110.667455,-0.000001,0,0
-0.000009,-30.512196,110.667455,-0.000001,0,0
-0.000009,-30.512196,110.667455,-0.000001,0,0
-0.000009,-30.512196,110.667455,-0.000001,0,0
-0.000009,-30.512196,110.667455,-0.000001,0,0
-0.000009,-30.512196,110.667455,-0.000001,0,0
-0.000009,-30.512196,110.667455,-0.000001,0,0
-0.000009,-30.512196,110.667455,-0.000001,0,0
-0.000009,-30.512196,110.667455,-0.000001,0,0
-0.000009,-30.512196,110.667455,-0.000001,0,0
-0.000009,-30.512196,110.667455,-0.000001,0,0
-0.000009,-30.512196,110.667455,-0.000001,0,0
-0.000009,-30.512196,110.667455,-0.000001,0,0
-0.000009,-30.512196,110.667455,-0.000001,0,0
-0.000009,-30.512196,110.667455,-0.000001,0,0
-0.000009,-30.512196,110.667455,-0.000001,0,0
-0.000009,-30.512196,110.667455,-0.000001,0,0
-0.000009,-30.512196,110.667455,-0.000001,0,0
-0.000009,-30.512196,110.667455,-0.000001,0,0
-0.000009,-30.512196,110.667455,-0.000001,0,0
-0.000009,-30.512196,110.667455,-0.000001,0,0
-0.000009,-30.512196,110.667455,-0.000001,0,0
-0.000009,-30.512196,110.667455,-0.000001,0,0
-0.000009,-30.512196,110.667455,-0.000001,0,0
-0.000009,-30.512196,110.667455,-0.000001,0,0
-0.000009,-30.512196,110.667455,-0.000001,0,0
-0.000009,-30.512196,110.667455,-0.000001,0,0
-0.000009,-30.512196,110.667455,-0.000001,0,0
-0.000009,-30.512196,110.667455,-0.000001,0,0
-0.000009,-30.512196,110.667455,-0.000001,0,0
-0.000009,-30.512196,110.667455,-0.000001,0,0
-0.000009,-30.512196,110.667455,-0.000001,0,0
-0.000009,-30.512196,110.667455,-0.000001,0,0
-0.000009,-30.512196,110.667455,-0.000001,0,0
-0.000009,-30.512196,110.667455,-0.000001,0,0
-0.000009,-30.512196,110.667455,-0.000001,0,0
-0.000009,-30.512196,110.667455,-0.000001,0,0
-0.000009,-30.512196,110.667455,-0.000001,0,0
-0.000009,-30.512196,110.667455,-0.000001,0,0
-0.000009,-30.512196,110.667455,-0.000001,0,0
-0.000009,-30.512196,110.667455,-0.000001,0,0
-0.000009,-30.512196,110.667455,-0.000001,0,0
-0.000009,-30.512196,110.667455,-0.000001,0,0
-0.000009,-30.512196,110.667455,-0.000001,0,0
-0.000009,-30.512196,110.667455,-0.000001,0,0
-0.000009,-30.512196,110.667455,-0.000001,0,0
-0.000009,-30.512196,110.667455,-0.000001,0,0
-0.000009,-30.512196,110.667455,-0.000001,0,0
-0.000009,-30.512196,110.667455,-0.000001,0,0
-0.000009,-30.512196,110.667455,-0.000001,0,0
-0.000009,-30.512196,110.667455,-0.000001,0,0
-0.000009,-30.512196,110.667455,-0.000001,0,0
-0.000009,-30.512196,110.667455,-0.000001,0,0
-0.000009,-30.512196,110.667455,-0.000001,0,0
-0.000009,-30.512196,110.667455,-0.000001,0,0
-0.000009,-30.512196,110.667455,-0.000001,0,0
-0.000009,-30.512196,110.667455,-0.000001,0,0
-0.000009,-30.512196,110.667455,-0.000001,0,0
-0.000009,-30.512196,110.667455,-0.000001,0,0
-0.000009,-30.512196,110.667455,-0.000001,0,0
-0.000009,-30.512196,110.667455,-0.000001,0,0
-0.000009,-30.512196,110.667455,-0.000001,0,0
-0.000009,-30.512196,110.667455,-0.000001,0,0
-0.000009,-30.512196,110.667455,-0.000001,0,0
-0.000009,-30.512196,110.667455,-0.000001,0,0
-0.000009,-30.512196,110.667455,-0.000001,0,0
-0.000009,-30.512196,110.667455,-0.000001,0,0
-0.000009,-30.512196,110.667455,-0.000001,0,0
-0.000009,-30.512196,110.667455,-0.000001,0,0
-0.000009,-30.512196,110.667455,-0.000001,0,0
-0.000009,-30.512196,110.667455,-0.000001,0,0
-0.000009,-30.512196,110.667455,-0.000001,0,0
-0.000009,-30.512196,110.667455,-0.000001,0,0
-0.000009,-30.512196,110.667455,-0.000001,0,0
-0.000009,-30.512196,110.667455,-0.000001,0,0
-0.000009,-30.512196,110.667455,-0.000001,0,0
-0.000009,-30.512196,110.667455,-0.000001,0,0
-0.000009,-30.512196,110.667455,-0.000001,0,0
-0.000009,-30.512196,110.667455,-0.000001,0,0
-0.000009,-30.512196,110.667455,-0.000001,0,0
-0.000009,-30.512196,110.667455,-0.000001,0,0
-0.000009,-30.512196,110.667455,-0.000001,0,0
-0.000009,-30.512196,110.667455,-0.000001,0,0
-0.000009,-30.512196,110.667455,-0.000001,0,0
-0.000009,-30.512196,110.667455,-0.000001,0,0
-0.000009,-30.512196,110.667455,-0.000001,0,0
-0.000009,-30.512196,110.667455,-0.000001,0,0
-0.000009,-30.512196,110.667455,-0.000001,0,0
-0.000009,-30.512196,110.667455,-0.000001,0,0
-0.000009,-30.512196,110.667455,-0.000001,0,0
-0.000009,-30.512196,110.667455,-0.000001,0,0
-0.000009,-30.512196,110.667455,-0.000001,0,0
-0.000009,-30.512196,110.667455,-0.000001,0,0
-0.000009,-30.512196,110.667455,-0.000001,0,0
-0.000009,-30.512196,110.667455,-0.000001,0,0
-0.000009,-30.512196,110.667455,-0.000001,0,0
-0.000009,-30.512196,110.667455,-0.000001,0,0
-0.000009,-30.512196,110.667455,-0.000001,0,0
-0.000009,-30.512196,110.667455,-0.000001,0,0
-0.000009,-30.512196,110.667455,-0.000001,0,0
-0.000009,-30.512196,110.667455,-0.000001,0,0
-0.000009,-30.512196,110.667455,-0.000001,0,0
-0.000009,-30.512196,110.667455,-0.000001,0,0
-0.000009,-30.512196,110.667455,-0.000001,0,0
-0.000009,-30.512196,110.667455,-0.000001,0,0
-0.000009,-30.512196,110.667455,-0.000001,0,0
-0.000009,-30.512196,110.667455,-0.000001,0,0
-0.000009,-30.512196,110.667455,-0.000001,0,0
-0.000009,-30.512196,110.667455,-0.000001,0,0
-0.000009,-30.512196,110.667455,-0.000001,0,0
-0.000009,-30.512196,110.667455,-0.000001,0,0
-0.000009,-30.512196,110.667455,-0.000001,0,0
-0.000009,-30.512196,110.667455,-0.000001,0,0
-0.000009,-30.512196,110.667455,-0.000001,0,0
-0.000009,-30.512196,110.667455,-0.000001,0,0
-0.000009,-30.512196,110.667455,-0.000001,0,0
-0.000009,-30.512196,110.667455,-0.000001,0,0
-0.000009,-30.512196,110.667455,-0.000001,0,0
-0.000009,-30.512196,110.667455,-0.000001,0,0
-0.000009,-30.512196,110.667455,-0.000001,0,0
-0.000009,-30.512196,110.667455,-0.000001,0,0
-0.000009,-30.512196,110.667455,-0.000001,0,0
-0.000009,-30.512196,110.667455,-0.000001,0,0
-0.000009,-30.512196,110.667455,-0.000001,0,0
-0.000009,-30.512196,110.667455,-0.000001,0,0
-0.000009,-30.512196,110.667455,-0.000001,0,0
-0.000009,-30.512196,110.667455,-0.000001,0,0
-0.000009,-30.512196,110.667455,-0.000001,0,0
-0.000009,-30.512196,110.667455,-0.000001,0,0
-0.000009,-30.512196,110.667455,-0.000001,0,0
-0.000009,-30.512196,110.667455,-0.000001,0,0
-0.000009,-30.512196,110.667455,-0.000001,0,0
-0.000009,-30.512196,110.667455,-0.000001,0,0
-0.000009,-30.512196,110.667455,-0.000001,0,0
-0.000009,-30.512196,110.667455,-0.000001,0,0
-0.000009,-30.512196,110.667455,-0.000001,0,0
-0.000009,-30.512196,110.667455,-0.000001,0,0
-0.000009,-30.512196,110.667455,-0.000001,0,0
-0.000009,-30.512196,110.667455,-0.000001,0,0
-0.000009,-30.512196,110.667455,-0.000001,0,0
-0.000009,-30.512196,110.667455,-0.000001,0,0
-0.000009,-30.512196,110.667455,-0.000001,0,0
-0.000009,-30.512196,110.667455,-0.000001,0,0
-0.000009,-30.512196,110.667455,-0.000001,0,0
-0.000009,-30.512196,110.667455,-0.000001,0,0
-0.000009,-30.512196,110.667455,-0.000001,0,0
-0.000009,-30.512196,110.667455,-0.000001,0,0
-0.000009,-30.512196,110.667455,-0.000001,0,0
-0.000009,-30.512196,110.667455,-0.000001,0,0
-0.000009,-30.512196,110.667455,-0.000001,0,0
-0.000009,-30.512196,110.667455,-0.000001,0,0
-0.000009,-30.512196,110.667455,-0.000001,0,0
-0.000009,-30.512196,110.667455,-0.000001,0,0
-0.000009,-30.512196,110.667455,-0.000001,0,0
-0.000009,-30.512196,110.667455,-0.000001,0,0
-0.000009,-30.512196,110.667455,-0.000001,0,0
-0.000009,-30.512196,110.667455,-0.000001,0,0
-0.000009,-30.512196,110.667455,-0.000001,0,0
-0.000009,-30.512196,110.667455,-0.000001,0,0
-0.000009,-30.512196,110.667455,-0.000001,0,0
-0.000009,-30.512196,110.667455,-0.000001,0,0
-0.000009,-30.512196,110.667455,-0.000001,0,0
-0.000009,-30.512196,110.667455,-0.000001,0,0
-0.000009,-30.512196,110.667455,-0.000001,0,0
-0.000009,-30.512196,110.667455,-0.000001,0,0
-0.000009,-30.512196,110.667455,-0.000001,0,0
-0.000009,-30.512196,110.667455,-0.000001,0,0
-0.000009,-30.512196,110.667455,-0.000001,0,0
-0.000009,-30.512196,110.667455,-0.000001,0,0
-0.000009,-30.512196,110.667455,-0.000001,0,0
-0.000009,-30.512196,110.667455,-0.000001,0,0
-0.000009,-30.512196,110.667455,-0.000001,0,0
-0.000009,-30.512196,110.667455,-0.000001,0,0
-0.000009,-30.512196,110.667455,-0.000001,0,0
-0.000009,-30.512196,110.667455,-0.000001,0,0
-0.000009,-30.512196,110.667455,-0.000001,0,0
-0.000009,-30.512196,110.667455,-0.000001,0,0
-0.000009,-30.512196,110.667455,-0.000001,0,0
-0.000009,-30.512196,110.667455,-0.000001,0,0
-0.000009,-30.512196,110.667455,-0.000001,0,0
-0.000009,-30.512196,110.667455,-0.000001,0,0
-0.000009,-30.512196,110.667455,-0.000001,0,0
-0.000009,-30.512196,110.667455,-0.000001,0,0
-0.000009,-30.512196,110.667455,-0.000001,0,0
-0.000009,-30.512196,110.667455,-0.000001,0,0
-0.000009,-30.512196,110.667455,-0.000001,0,0
-0.000009,-30.512196,110.667455,-0.000001,0,0
-0.000009,-30.512196,110.667455,-0.000001,0,0
-0.000009,-30.512196,110.667455,-0.000001,0,0
-0.000009,-30.512196,110.667455,-0.000001,0,0
-0.000009,-30.512196,110.667455,-0.000001,0,0
-0.000009,-30.512196,110.667455,-0.000001,0,0
-0.000009,-30.512196,110.667455,-0.000001,0,0
-0.000009,-30.512196,110.667455,-0.000001,0,0
-0.000009,-30.512196,110.667455,-0.000001,0,0
-0.000009,-30.512196,110.667455,-0.000001,0,0
-0.000009,-30.512196,110.667455,-0.000001,0,0
-0.000009,-30.512196,110.667455,-0.000001,0,0
-0.000009,-30.512196,110.667455,-0.000001,0,0
-0.000009,-30.512196,110.667455,-0.000001,0,0
-0.000009,-30.512196,110.667455,-0.000001,0,0
-0.000009,-30.512196,110.667455,-0.000001,0,0
-0.000009,-30.512196,110.667455,-0.000001,0,0
-0.000009,-30.512196,110.667455,-0.000001,0,0
-0.000009,-30.512196,110.667455,-0.000001,0,0
-0.000009,-30.512196,110.667455,-0.000001,0,0
-0.000009,-30.512196,110.667455,-0.000001,0,0
-0.000009,-30.512196,110.667455,-0.000001,0,0
-0.000009,-30.512196,110.667455,-0.000001,0,0
-0.000009,-30.512196,110.667455,-0.000001,0,0
-0.000009,-30.512196,110.667455,-0.000001,0,0
-0.000009,-30.512196,110.667455,-0.000001,0,0
-0.000009,-30.512196,110.667455,-0.000001,0,0
-0.000009,-30.512196,110.667455,-0.000001,0,0
-0.000009,-30.512196,110.667455,-0.000001,0,0
-0.000009,-30.512196,110.667455,-0.000001,0,0
-0.000009,-30.512196,110.667455,-0.000001,0,0
-0.000009,-30.512196,110.667455,-0.000001,0,0
-0.000009,-30.512196,110.667455,-0.000001,0,0
-0.000009,-30.512196,110.667455,-0.000001,0,0
-0.000009,-30.512196,110.667455,-0.000001,0,0
-0.000009,-30.512196,110.667455,-0.000001,0,0
-0.000009,-30.512196,110.667455,-0.000001,0,0
-0.000009,-30.512196,110.667455,-0.000001,0,0
-0.000009,-30.512196,110.667455,-0.000001,0,0
-0.000009,-30.512196,110.667455,-0.000001,0,0
-0.000009,-30.512196,110.667455,-0.000001,0,0
-0.000009,-30.512196,110.667455,-0.000001,0,0
-0.000009,-30.512196,110.667455,-0.000001,0,0
-0.000009,-30.512196,110.667455,-0.000001,0,0
-0.000009,-30.512196,110.667455,-0.000001,0,0
-0.000009,-30.512196,110.667455,-0.000001,0,0
-0.000009,-30.512196,110.667455,-0.000001,0,0
-0.000009,-30.512196,110.667455,-0.000001,0,0
-0.000009,-30.512196,110.667455,-0.000001,0,0
-0.000009,-30.512196,110.667455,-0.000001,0,0
-0.000009,-30.512196,110.667455,-0.000001,0,0
-0.000009,-30.512196,110.667455,-0.000001,0,0
-0.000009,-30.512196,110.667455,-0.000001,0,0
-0.000009,-30.512196,110.667455,-0.000001,0,0
-0.000009,-30.512196,110.667455,-0.000001,0,0
-0.000009,-30.512196,110.667455,-0.000001,0,0
-0.000009,-30.512196,110.667455,-0.000001,0,0
-0.000009,-30.512196,110.667455,-0.000001,0,0
-0.000009,-30.512196,110.667455,-0.000001,0,0
-0.000009,-30.512196,110.667455,-0.000001,0,0
-0.000009,-30.512196,110.667455,-0.000001,0,0
-0.000009,-30.512196,110.667455,-0.000001,0,0
-0.000009,-30.512196,110.667455,-0.000001,0,0
-0.000009,-30.512196,110.667455,-0.000001,0,0
-0.000009,-30.512196,110.667455,-0.000001,0,0
-0.000009,-30.512196,110.667455,-0.000001,0,0
-0.000009,-30.512196,110.667455,-0.000001,0,0
-0.000009,-30.512196,110.667455,-0.000001,0,0
-0.000009,-30.512196,110.667455,-0.000001,0,0
-0.000009,-30.512196,110.667455,-0.000001,0,0
-0.000009,-30.512196,110.667455,-0.000001,0,0
-0.000009,-30.512196,110.667455,-0.000001,0,0
-0.000009,-30.512196,110.667455,-0.000001,0,0
-0.000009,-30.512196,110.667455,-0.000001,0,0
-0.000009,-30.512196,110.667455,-0.000001,0,0
-0.000009,-30.512196,110.667455,-0.000001,0,0
-0.000009,-30.512196,110.667455,-0.000001,0,0
-0.000009,-30.512196,110.667455,-0.000001,0,0
-0.000009,-30.512196,110.667455,-0.000001,0,0
-0.000009,-30.512196,110.667455,-0.000001,0,0
-0.000009,-30.512196,110.667455,-0.000001,0,0
-0.000009,-30.512196,110.667455,-0.000001,0,0
-0.000009,-30.512196,110.667455,-0.000001,0,0
-0.000009,-30.512196,110.667455,-0.000001,0,0
-0.000009,-30.512196,110.667455,-0.000001,0,0
-0.000009,-30.512196,110.667455,-0.000001,0,0
-0.000009,-30.512196,110.667455,-0.000001,0,0
-0.000009,-30.512196,110.667455,-0.000001,0,0
-0.000009,-30.512196,110.667455,-0.000001,0,0
-0.000009,-30.512196,110.667455,-0.000001,0,0
-0.000009,-30.512196,110.667455,-0.000001,0,0
-0.000009,-30.512196,110.667455,-0.000001,0,0
-0.000009,-30.512196,110.667455,-0.000001,0,0
-0.000009,-30.512196,110.667455,-0.000001,0,0
-0.000009,-30.512196,110.667455,-0.000001,0,0
-0.000009,-30.512196,110.667455,-0.000001,0,0
-0.000009,-30.512196,110.667455,-0.000001,0,0
-0.000009,-30.512196,110.667455,-0.000001,0,0
-0.000009,-30.512196,110.667455,-0.000001,0,0
-0.000009,-30.512196,110.667455,-0.000001,0,0
-0.000009,-30.512196,110.667455,-0.000001,0,0
-0.000009,-30.512196,110.667455,-0.000001,0,0
-0.000009,-30.512196,110.667455,-0.000001,0,0
-0.000009,-30.512196,110.667455,-0.000001,0,0
-0.000009,-30.512196,110.667455,-0.000001,0,0
-0.000009,-30.512196,110.667455,-0.000001,0,0
-0.000009,-30.512196,110.667455,-0.000001,0,0
-0.000009,-30.512196,110.667455,-0.000001,0,0
-0.000009,-30.512196,110.667455,-0.000001,0,0
-0.000009,-30.512196,110.667455,-0.000001,0,0
-0.000009,-30.512196,110.667455,-0.000001,0,0
-0.000009,-30.512196,110.667455,-0.000001,0,0
-0.000009,-30.512196,110.667455,-0.000001,0,0
-0.000009,-30.512196,110.667455,-0.000001,0,0
-0.000009,-30.512196,110.667455,-0.000001,0,0
-0.000009,-30.512196,110.667455,-0.000001,0,0
-0.000009,-30.512196,110.667455,-0.000001,0,0
-0.000009,-30.512196,110.667455,-0.000001,0,0
-0.000009,-30.512196,110.667455,-0.000001,0,0
-0.000009,-30.512196,110.667455,-0.000001,0,0
-0.000009,-30.512196,110.667455,-0.000001,0,0
-0.000009,-30.512196,110.667455,-0.000001,0,0
-0.000009,-30.512196,110.667455,-0.000001,0,0
-0.000009,-30.512196,110.667455,-0.000001,0,0
-0.000009,-30.512196,110.667455,-0.000001,0,0
-0.000009,-30.512196,110.667455,-0.000001,0,0
-0.000009,-30.512196,110.667455,-0.000001,0,0
-0.000009,-30.512196,110.667455,-0.000001,0,0
-0.000009,-30.512196,110.667455,-0.000001,0,0
-0.000009,-30.512196,110.667455,-0.000001,0,0
-0.000009,-30.512196,110.667455,-0.000001,0,0
-0.000009,-30.512196,110.667455,-0.000001,0,0
-0.000009,-30.512196,110.667455,-0.000001,0,0
-0.000009,-30.512196,110.667455,-0.000001,0,0
-0.000009,-30.512196,110.667455,-0.000001,0,0
-0.000009,-30.512196,110.667455,-0.000001,0,0
-0.000009,-30.512196,110.667455,-0.000001,0,0
-0.000009,-30.512196,110.667455,-0.000001,0,0
-0.000009,-30.512196,110.667455,-0.000001,0,0
-0.000009,-30.512196,110.667455,-0.000001,0,0
-0.000009,-30.512196,110.667455,-0.000001,0,0
-0.000009,-30.512196,110.667455,-0.000001,0,0
-0.000009,-30.512196,110.667455,-0.000001,0,0
-0.000009,-30.512196,110.667455,-0.000001,0,0
-0.000009,-30.512196,110.667455,-0.000001,0,0
-0.000009,-30.512196,110.667455,-0.000001,0,0
-0.000009,-30.512196,110.667455,-0.000001,0,0
-0.000009,-30.512196,110.667455,-0.000001,0,0
-0.000009,-30.512196,110.667455,-0.000001,0,0
-0.000009,-30.512196,110.667455,-0.000001,0,0
-0.000009,-30.512196,110.667455,-0.000001,0,0
-0.000009,-30.512196,110.667455,-0.000001,0,0
-0.000009,-30.512196,110.667455,-0.000001,0,0
-0.000009,-30.512196,110.667455,-0.000001,0,0
-0.000009,-30.512196,110.667455,-0.000001,0,0
-0.000009,-30.512196,110.667455,-0.000001,0,0
-0.000009,-30.512196,110.667455,-0.000001,0,0
-0.000009,-30.512196,110.667455,-0.000001,0,0
-0.000009,-30.512196,110.667455,-0.000001,0,0
-0.000009,-30.512196,110.667455,-0.000001,0,0
-0.000009,-30.512196,110.667455,-0.000001,0,0
-0.000009,-30.512196,110.667455,-0.000001,0,0
-0.000009,-30.512196,110.667455,-0.000001,0,0
-0.000009,-30.512196,110.667455,-0.000001,0,0
-0.000009,-30.512196,110.667455,-0.000001,0,0
-0.000009,-30.512196,110.667455,-0.000001,0,0
-0.000009,-30.512196,110.667455,-0.000001,0,0
-0.000009,-30.512196,110.667455,-0.000001,0,0
-0.000009,-30.512196,110.667455,-0.000001,0,0
-0.000009,-30.512196,110.667455,-0.000001,0,0
-0.000009,-30.512196,110.667455,-0.000001,0,0
-0.000009,-30.512196,110.667455,-0.000001,0,0
-0.000009,-30.512196,110.667455,-0.000001,0,0
-0.000009,-30.512196,110.667455,-0.000001,0,0
-0.000009,-30.512196,110.667455,-0.000001,0,0
-0.000009,-30.512196,110.667455,-0.000001,0,0
-0.000009,-30.512196,110.667455,-0.000001,0,0
-0.000009,-30.512196,110.667455,-0.000001,0,0
-0.000009,-30.512196,110.667455,-0.000001,0,0
-0.000009,-30.512196,110.667455,-0.000001,0,0
-0.000009,-30.512196,110.667455,-0.000001,0,0
-0.000009,-30.512196,110.667455,-0.000001,0,0
-0.000009,-30.512196,110.667455,-0.000001,0,0
-0.000009,-30.512196,110.667455,-0.000001,0,0
-0.000009,-30.512196,110.667455,-0.000001,0,0
-0.000009,-30.512196,110.667455,-0.000001,0,0
-0.000009,-30.512196,110.667455,-0.000001,0,0
-0.000009,-30.512196,110.667455,-0.000001,0,0
-0.000009,-30.512196,110.667455,-0.000001,0,0
-0.000009,-30.512196,110.667455,-0.000001,0,0
-0.000009,-30.512196,110.667455,-0.000001,0,0
-0.000009,-30.512196,110.667455,-0.000001,0,0
-0.000009,-30.512196,110.667455,-0.000001,0,0
-0.000009,-30.512196,110.667455,-0.000001,0,0
-0.000009,-30.512196,110.667455,-0.000001,0,0
-0.000009,-30.512196,110.667455,-0.000001,0,0
-0.000009,-30.512196,110.667455,-0.000001,0,0
-0.000009,-30.512196,110.667455,-0.000001,0,0
-0.000009,-30.512196,110.667455,-0.000001,0,0
-0.000009,-30.512196,110.667455,-0.000001,0,0
-0.000009,-30.512196,110.667455,-0.000001,0,0
-0.000009,-30.512196,110.667455,-0.000001,0,0
-0.000009,-30.512196,110.667455,-0.000001,0,0
-0.000009,-30.512196,110.667455,-0.000001,0,0
-0.000009,-30.512196,110.667455,-0.000001,0,0
-0.000009,-30.512196,110.667455,-0.000001,0,0
-0.000009,-30.512196,110.667455,-0.000001,0,0
-0.000009,-30.512196,110.667455,-0.000001,0,0
-0.000009,-30.512196,110.667455,-0.000001,0,0
-0.000009,-30.512196,110.667455,-0.000001,0,0
-0.000009,-30.512196,110.667455,-0.000001,0,0
-0.000009,-30.512196,110.667455,-0.000001,0,0
-0.000009,-30.512196,110.667455,-0.000001,0,0
-0.000009,-30.512196,110.667455,-0.000001,0,0
-0.000009,-30.512196,110.667455,-0.000001,0,0
-0.000009,-30.512196,110.667455,-0.000001,0,0
-0.000009,-30.512196,110.667455,-0.000001,0,0
-0.000009,-30.512196,110.667455,-0.000001,0,0
-0.000009,-30.512196,110.667455,-0.000001,0,0
-0.000009,-30.512196,110.667455,-0.000001,0,0
-0.000009,-30.512196,110.667455,-0.000001,0,0
-0.000009,-30.512196,110.667455,-0.000001,0,0
-0.000009,-30.512196,110.667455,-0.000001,0,0
-0.000009,-30.512196,110.667455,-0.000001,0,0
-0.000009,-30.512196,110.667455,-0.000001,0,0
-0.000009,-30.512196,110.667455,-0.000001,0,0
-0.000009,-30.512196,110.667455,-0.000001,0,0
-0.000009,-30.512196,110.667455,-0.000001,0,0
-0.000009,-30.512196,110.667455,-0.000001,0,0
-0.000009,-30.512196,110.667455,-0.000001,0,0
-0.000009,-30.512196,110.667455,-0.000001,0,0
-0.000009,-30.512196,110.667455,-0.000001,0,0
-0.000009,-30.512196,110.667455,-0.000001,0,0
-0.000009,-30.512196,110.667455,-0.000001,0,0
-0.000009,-30.512196,110.667455,-0.000001,0,0
-0.000009,-30.512196,110.667455,-0.000001,0,0
-0.000009,-30.512196,110.667455,-0.000001,0,0
-0.000009,-30.512196,110.667455,-0.000001,0,0
-0.000009,-30.512196,110.667455,-0.000001,0,0
-0.000009,-30.512196,110.667455,-0.000001,0,0
-0.000009,-30.512196,110.667455,-0.000001,0,0
-0.000009,-30.512196,110.667455,-0.000001,0,0
-0.000009,-30.512196,110.667455,-0.000001,0,0
-0.000009,-30.512196,110.667455,-0.000001,0,0
-0.000009,-30.512196,110.667455,-0.000001,0,0
-0.000009,-30.512196,110.667455,-0.000001,0,0
-0.000009,-30.512196,110.667455,-0.000001,0,0
-0.000009,-30.512196,110.667455,-0.000001,0,0
-0.000009,-30.512196,110.667455,-0.000001,0,0
-0.000009,-30.512196,110.667455,-0.000001,0,0
-0.000009,-30.512196,110.667455,-0.000001,0,0
-0.000009,-30.512196,110.667455,-0.000001,0,0
-0.000009,-30.512196,110.667455,-0.000001,0,0
-0.000009,-30.512196,110.667455,-0.000001,0,0
-0.000009,-30.512196,110.667455,-0.000001,0,0
-0.000009,-30.512196,110.667455,-0.000001,0,0
-0.000009,-30.512196,110.667455,-0.000001,0,0
-0.000009,-30.512196,110.667455,-0.000001,0,0
-0.000009,-30.512196,110.667455,-0.000001,0,0
-0.000009,-30.512196,110.667455,-0.000001,0,0
-0.000009,-30.512196,110.667455,-0.000001,0,0
-0.000009,-30.512196,110.667455,-0.000001,0,0
-0.000009,-30.512196,110.667455,-0.000001,0,0
-0.000009,-30.512196,110.667455,-0.000001,0,0
-0.000009,-30.512196,110.667455,-0.000001,0,0
-0.000009,-30.512196,110.667455,-0.000001,0,0
-0.000009,-30.512196,110.667455,-0.000001,0,0
-0.000009,-30.512196,110.667455,-0.000001,0,0
-0.000009,-30.512196,110.667455,-0.000001,0,0
-0.000009,-30.512196,110.667455,-0.000001,0,0
-0.000009,-30.512196,110.667455,-0.000001,0,0
-0.000009,-30.512196,110.667455,-0.000001,0,0
-0.000009,-30.512196,110.667455,-0.000001,0,0
-0.000009,-30.512196,110.667455,-0.000001,0,0
-0.000009,-30.512196,110.667455,-0.000001,0,0
-0.000009,-30.512196,110.667455,-0.000001,0,0
-0.000009,-30.512196,110.667455,-0.000001,0,0
-0.000009,-30.512196,110.667455,-0.000001,0,0
-0.000009,-30.512196,110.667455,-0.000001,0,0
-0.000009,-30.512196,110.667455,-0.000001,0,0
-0.000009,-30.512196,110.667455,-0.000001,0,0
-0.000009,-30.512196,110.667455,-0.000001,0,0
-0.000009,-30.512196,110.667455,-0.000001,0,0
-0.000009,-30.512196,110.667455,-0.000001,0,0
-0.000009,-30.512196,110.667455,-0.000001,0,0
-0.000009,-30.512196,110.667455,-0.000001,0,0
-0.000009,-30.512196,110.667455,-0.000001,0,0
-0.000009,-30.512196,110.667455,-0.000001,0,0
-0.000009,-30.512196,110.667455,-0.000001,0,0
-0.000009,-30.512196,110.667455,-0.000001,0,0
-0.000009,-30.512196,110.667455,-0.000001,0,0
-0.000009,-30.512196,110.667455,-0.000001,0,0
-0.000009,-30.512196,110.667455,-0.000001,0,0
-0.000009,-30.512196,110.667455,-0.000001,0,0
-0.000009,-30.512196,110.667455,-0.000001,0,0
-0.000009,-30.512196,110.667455,-0.000001,0,0
-0.000009,-30.512196,110.667455,-0.000001,0,0
-0.000009,-30.512196,110.667455,-0.000001,0,0
-0.000009,-30.512196,110.667455,-0.000001,0,0
-0.000009,-30.512196,110.667455,-0.000001,0,0
-0.000009,-30.512196,110.667455,-0.000001,0,0
-0.000009,-30.512196,110.667455,-0.000001,0,0
-0.000009,-30.512196,110.667455,-0.000001,0,0
-0.000009,-30.512196,110.667455,-0.000001,0,0
-0.000009,-30.512196,110.667455,-0.000001,0,0
-0.000009,-30.512196,110.667455,-0.000001,0,0
-0.000009,-30.512196,110.667455,-0.000001,0,0
-0.000009,-30.512196,110.667455,-0.000001,0,0
-0.000009,-30.512196,110.667455,-0.000001,0,0
-0.000009,-30.512196,110.667455,-0.000001,0,0
-0.000009,-30.512196,110.667455,-0.000001,0,0
-0.000009,-30.512196,110.667455,-0.000001,0,0
-0.000009,-30.512196,110.667455,-0.000001,0,0
-0.000009,-30.512196,110.667455,-0.000001,0,0
-0.000009,-30.512196,110.667455,-0.000001,0,0
-0.000009,-30.512196,110.667455,-0.000001,0,0
-0.000009,-30.512196,110.667455,-0.000001,0,0
-0.000009,-30.512196,110.667455,-0.000001,0,0
-0.000009,-30.512196,110.667455,-0.000001,0,0
-0.000009,-30.512196,110.667455,-0.000001,0,0
-0.000009,-30.512196,110.667455,-0.000001,0,0
-0.000009,-30.512196,110.667455,-0.000001,0,0
-0.000009,-30.512196,110.667455,-0.000001,0,0
-0.000009,-30.512196,110.667455,-0.000001,0,0
-0.000009,-30.512196,110.667455,-0.000001,0,0
-0.000009,-30.512196,110.667455,-0.000001,0,0
-0.000009,-30.512196,110.667455,-0.000001,0,0
-0.000009,-30.512196,110.667455,-0.000001,0,0
-0.000009,-30.512196,110.667455,-0.000001,0,0
-0.000009,-30.512196,110.667455,-0.000001,0,0
-0.000009,-30.512196,110.667455,-0.000001,0,0
-0.000009,-30.512196,110.667455,-0.000001,0,0
-0.000009,-30.512196,110.667455,-0.000001,0,0
-0.000009,-30.512196,110.667455,-0.000001,0,0
-0.000009,-30.512196,110.667455,-0.000001,0,0
-0.000009,-30.512196,110.667455,-0.000001,0,0
-0.000009,-30.512196,110.667455,-0.000001,0,0
-0.000009,-30.512196,110.667455,-0.000001,0,0
-0.000009,-30.512196,110.667455,-0.000001,0,0
-0.000009,-30.512196,110.667455,-0.000001,0,0
-0.000009,-30.512196,110.667455,-0.000001,0,0
-0.000009,-30.512196,110.667455,-0.000001,0,0
-0.000009,-30.512196,110.667455,-0.000001,0,0
-0.000009,-30.512196,110.667455,-0.000001,0,0
-0.000009,-30.512196,110.667455,-0.000001,0,0
-0.000009,-30.512196,110.667455,-0.000001,0,0
-0.000009,-30.512196,110.667455,-0.000001,0,0
-0.000009,-30.512196,110.667455,-0.000001,0,0
-0.000009,-30.512196,110.667455,-0.000001,0,0
-0.000009,-30.512196,110.667455,-0.000001,0,0
-0.000009,-30.512196,110.667455,-0.000001,0,0
-0.000009,-30.512196,110.667455,-0.000001,0,0
-0.000009,-30.512196,110.667455,-0.000001,0,0
-0.000009,-30.512196,110.667455,-0.000001,0,0
-0.000009,-30.512196,110.667455,-0.000001,0,0
-0.000009,-30.512196,110.667455,-0.000001,0,0
-0.000009,-30.512196,110.667455,-0.000001,0,0
-0.000009,-30.512196,110.667455,-0.000001,0,0
-0.000009,-30.512196,110.667455,-0.000001,0,0
-0.000009,-30.512196,110.667455,-0.000001,0,0
-0.000009,-30.512196,110.667455,-0.000001,0,0
-0.000009,-30.512196,110.667455,-0.000001,0,0
-0.000009,-30.512196,110.667455,-0.000001,0,0
-0.000009,-30.512196,110.667455,-0.000001,0,0
-0.000009,-30.512196,110.667455,-0.000001,0,0
-0.000009,-30.512196,110.667455,-0.000001,0,0
-0.000009,-30.512196,110.667455,-0.000001,0,0
-0.000009,-30.512196,110.667455,-0.000001,0,0
-0.000009,-30.512196,110.667455,-0.000001,0,0
-0.000009,-30.512196,110.667455,-0.000001,0,0
-0.000009,-30.512196,110.667455,-0.000001,0,0
-0.000009,-30.512196,110.667455,-0.000001,0,0
-0.000009,-30.512196,110.667455,-0.000001,0,0
-0.000009,-30.512196,110.667455,-0.000001,0,0
-0.000009,-30.512196,110.667455,-0.000001,0,0
-0.000009,-30.512196,110.667455,-0.000001,0,0
-0.000009,-30.512196,110.667455,-0.000001,0,0
-0.000009,-30.512196,110.667455,-0.000001,0,0
-0.000009,-30.512196,110.667455,-0.000001,0,0
-0.000009,-30.512196,110.667455,-0.000001,0,0
-0.000009,-30.512196,110.667455,-0.000001,0,0
-0.000009,-30.512196,110.667455,-0.000001,0,0
-0.000009,-30.512196,110.667455,-0.000001,0,0
-0.000009,-30.512196,110.667455,-0.000001,0,0
-0.000009,-30.512196,110.667455,-0.000001,0,0
-0.000009,-30.512196,110.667455,-0.000001,0,0
-0.000009,-30.512196,110.667455,-0.000001,0,0
-0.000009,-30.512196,110.667455,-0.000001,0,0
-0.000009,-30.512196,110.667455,-0.000001,0,0
-0.000009,-30.512196,110.667455,-0.000001,0,0
-0.000009,-30.512196,110.667455,-0.000001,0,0
-0.000009,-30.512196,110.667455,-0.000001,0,0
-0.000009,-30.512196,110.667455,-0.000001,0,0
-0.000009,-30.512196,110.667455,-0.000001,0,0
-0.000009,-30.512196,110.667455,-0.000001,0,0
-0.000009,-30.512196,110.667455,-0.000001,0,0
-0.000009,-30.512196,110.667455,-0.000001,0,0
-0.000009,-30.512196,110.667455,-0.000001,0,0
-0.000009,-30.512196,110.667455,-0.000001,0,0
-0.000009,-30.512196,110.667455,-0.000001,0,0
-0.000009,-30.512196,110.667455,-0.000001,0,0
-0.000009,-30.512196,110.667455,-0.000001,0,0
-0.000009,-30.512196,110.667455,-0.000001,0,0
-0.000009,-30.512196,110.667455,-0.000001,0,0
-0.000009,-30.512196,110.667455,-0.000001,0,0
-0.000009,-30.512196,110.667455,-0.000001,0,0
-0.000009,-30.512196,110.667455,-0.000001,0,0
-0.000009,-30.512196,110.667455,-0.000001,0,0
-0.000009,-30.512196,110.667455,-0.000001,0,0
-0.000009,-30.512196,110.667455,-0.000001,0,0
-0.000009,-30.512196,110.667455,-0.000001,0,0
-0.000009,-30.512196,110.667455,-0.000001,0,0
-0.000009,-30.512196,110.667455,-0.000001,0,0
-0.000009,-30.512196,110.667455,-0.000001,0,0
-0.000009,-30.512196,110.667455,-0.000001,0,0
-0.000009,-30.512196,110.667455,-0.000001,0,0
-0.000009,-30.512196,110.667455,-0.000001,0,0
-0.000009,-30.512196,110.667455,-0.000001,0,0
-0.000009,-30.512196,110.667455,-0.000001,0,0
-0.000009,-30.512196,110.667455,-0.000001,0,0
-0.000009,-30.512196,110.667455,-0.000001,0,0
-0.000009,-30.512196,110.667455,-0.000001,0,0
-0.000009,-30.512196,110.667455,-0.000001,0,0
-0.000009,-30.512196,110.667455,-0.000001,0,0
-0.000009,-30.512196,110.667455,-0.000001,0,0
-0.000009,-30.512196,110.667455,-0.000001,0,0
-0.000009,-30.512196,110.667455,-0.000001,0,0
-0.000009,-30.512196,110.667455,-0.000001,0,0
-0.000009,-30.512196,110.667455,-0.000001,0,0
-0.000009,-30.512196,110.667455,-0.000001,0,0
-0.000009,-30.512196,110.667455,-0.000001,0,0
-0.000009,-30.512196,110.667455,-0.000001,0,0
-0.000009,-30.512196,110.667455,-0.000001,0,0
-0.000009,-30.512196,110.667455,-0.000001,0,0
-0.000009,-30.512196,110.667455,-0.000001,0,0
-0.000009,-30.512196,110.667455,-0.000001,0,0
-0.000009,-30.512196,110.667455,-0.000001,0,0
-0.000009,-30.512196,110.667455,-0.000001,0,0
-0.000009,-30.512196,110.667455,-0.000001,0,0
-0.000009,-30.512196,110.667455,-0.000001,0,0
-0.000009,-30.512196,110.667455,-0.000001,0,0
-0.000009,-30.512196,110.667455,-0.000001,0,0
-0.000009,-30.512196,110.667455,-0.000001,0,0
-0.000009,-30.512196,110.667455,-0.000001,0,0
-0.000009,-30.512196,110.667455,-0.000001,0,0
-0.000009,-30.512196,110.667455,-0.000001,0,0
-0.000009,-30.512196,110.667455,-0.000001,0,0
-0.000009,-30.512196,110.667455,-0.000001,0,0
-0.000009,-30.512196,110.667455,-0.000001,0,0
-0.000009,-30.512196,110.667455,-0.000001,0,0
-0.000009,-30.512196,110.667455,-0.000001,0,0
-0.000009,-30.512196,110.667455,-0.000001,0,0
-0.000009,-30.512196,110.667455,-0.000001,0,0
-0.000009,-30.512196,110.667455,-0.000001,0,0
-0.000009,-30.512196,110.667455,-0.000001,0,0
-0.000009,-30.512196,110.667455,-0.000001,0,0
-0.000009,-30.512196,110.667455,-0.000001,0,0
-0.000009,-30.512196,110.667455,-0.000001,0,0
-0.000009,-30.512196,110.667455,-0.000001,0,0
-0.000009,-30.512196,110.667455,-0.000001,0,0
-0.000009,-30.512196,110.667455,-0.000001,0,0
-0.000009,-30.512196,110.667455,-0.000001,0,0
-0.000009,-30.512196,110.667455,-0.000001,0,0
-0.000009,-30.512196,110.667455,-0.000001,0,0
-0.000009,-30.512196,110.667455,-0.000001,0,0
-0.000009,-30.512196,110.667455,-0.000001,0,0
-0.000009,-30.512196,110.667455,-0.000001,0,0
-0.000009,-30.512196,110.667455,-0.000001,0,0
-0.000009,-30.512196,110.667455,-0.000001,0,0
-0.000009,-30.512196,110.667455,-0.000001,0,0
-0.000009,-30.512196,110.667455,-0.000001,0,0
-0.000009,-30.512196,110.667455,-0.000001,0,0
-0.000009,-30.512196,110.667455,-0.000001,0,0
-0.000009,-30.512196,110.667455,-0.000001,0,0
-0.000009,-30.512196,110.667455,-0.000001,0,0
-0.000009,-30.512196,110.667455,-0.000001,0,0
-0.000009,-30.512196,110.667455,-0.000001,0,0
-0.000009,-30.512196,110.667455,-0.000001,0,0
-0.000009,-30.512196,110.667455,-0.000001,0,0
-0.000009,-30.512196,110.667455,-0.000001,0,0
-0.000009,-30.512196,110.667455,-0.000001,0,0
-0.000009,-30.512196,110.667455,-0.000001,0,0
-0.000009,-30.512196,110.667455,-0.000001,0,0
-0.000009,-30.512196,110.667455,-0.000001,0,0
-0.000009,-30.512196,110.667455,-0.000001,0,0
-0.000009,-30.512196,110.667455,-0.000001,0,0
-0.000009,-30.512196,110.667455,-0.000001,0,0
-0.000009,-30.512196,110.667455,-0.000001,0,0
-0.000009,-30.512196,110.667455,-0.000001,0,0
-0.000009,-30.512196,110.667455,-0.000001,0,0
-0.000009,-30.512196,110.667455,-0.000001,0,0
-0.000009,-30.512196,110.667455,-0.000001,0,0
-0.000009,-30.512196,110.667455,-0.000001,0,0
-0.000009,-30.512196,110.667455,-0.000001,0,0
-0.000009,-30.512196,110.667455,-0.000001,0,0
-0.000009,-30.512196,110.667455,-0.000001,0,0
-0.000009,-30.512196,110.667455,-0.000001,0,0
-0.000009,-30.512196,110.667455,-0.000001,0,0
-0.000009,-30.512196,110.667455,-0.000001,0,0
-0.000009,-30.512196,110.667455,-0.000001,0,0
-0.000009,-30.512196,110.667455,-0.000001,0,0
-0.000009,-30.512196,110.667455,-0.000001,0,0
-0.000009,-30.512196,110.667455,-0.000001,0,0
-0.000009,-30.512196,110.667455,-0.000001,0,0
-0.000009,-30.512196,110.667455,-0.000001,0,0
-0.000009,-30.512196,110.667455,-0.000001,0,0
-0.000009,-30.512196,110.667455,-0.000001,0,0
-0.000009,-30.512196,110.667455,-0.000001,0,0
-0.000009,-30.512196,110.667455,-0.000001,0,0
-0.000009,-30.512196,110.667455,-0.000001,0,0
-0.000009,-30.512196,110.667455,-0.000001,0,0
-0.000009,-30.512196,110.667455,-0.000001,0,0
-0.000009,-30.512196,110.667455,-0.000001,0,0
-0.000009,-30.512196,110.667455,-0.000001,0,0
-0.000009,-30.512196,110.667455,-0.000001,0,0
-0.000009,-30.512196,110.667455,-0.000001,0,0
-0.000009,-30.512196,110.667455,-0.000001,0,0
-0.000009,-30.512196,110.667455,-0.000001,0,0
-0.000009,-30.512196,110.667455,-0.000001,0,0
-0.000009,-30.512196,110.667455,-0.000001,0,0
-0.000009,-30.512196,110.667455,-0.000001,0,0
-0.000009,-30.512196,110.667455,-0.000001,0,0
-0.000009,-30.512196,110.667455,-0.000001,0,0
-0.000009,-30.512196,110.667455,-0.000001,0,0
-0.000009,-30.512196,110.667455,-0.000001,0,0
-0.000009,-30.512196,110.667455,-0.000001,0,0
-0.000009,-30.512196,110.667455,-0.000001,0,0
-0.000009,-30.512196,110.667455,-0.000001,0,0
-0.000009,-30.512196,110.667455,-0.000001,0,0
-0.000009,-30.512196,110.667455,-0.000001,0,0
-0.000009,-30.512196,110.667455,-0.000001,0,0
-0.000009,-30.512196,110.667455,-0.000001,0,0
-0.000009,-30.512196,110.667455,-0.000001,0,0
-0.000009,-30.512196,110.667455,-0.000001,0,0
-0.000009,-30.512196,110.667455,-0.000001,0,0
-0.000009,-30.512196,110.667455,-0.000001,0,0
-0.000009,-30.512196,110.667455,-0.000001,0,0
-0.000009,-30.512196,110.667455,-0.000001,0,0
-0.000009,-30.512196,110.667455,-0.000001,0,0
-0.000009,-30.512196,110.667455,-0.000001,0,0
-0.000009,-30.512196,110.667455,-0.000001,0,0
-0.000009,-30.512196,110.667455,-0.000001,0,0
-0.000009,-30.512196,110.667455,-0.000001,0,0
-0.000009,-30.512196,110.667455,-0.000001,0,0
-0.000009,-30.512196,110.667455,-0.000001,0,0
-0.000009,-30.512196,110.667455,-0.000001,0,0
-0.000009,-30.512196,110.667455,-0.000001,0,0
-0.000009,-30.512196,110.667455,-0.000001,0,0
-0.000009,-30.512196,110.667455,-0.000001,0,0
-0.000009,-30.512196,110.667455,-0.000001,0,0
-0.000009,-30.512196,110.667455,-0.000001,0,0
-0.000009,-30.512196,110.667455,-0.000001,0,0
-0.000009,-30.512196,110.667455,-0.000001,0,0
-0.000009,-30.512196,110.667455,-0.000001,0,0
-0.000009,-30.512196,110.667455,-0.000001,0,0
-0.000009,-30.512196,110.667455,-0.000001,0,0
-0.000009,-30.512196,110.667455,-0.000001,0,0
-0.000009,-30.512196,110.667455,-0.000001,0,0
-0.000009,-30.512196,110.667455,-0.000001,0,0
-0.000009,-30.512196,110.667455,-0.000001,0,0
-0.000009,-30.512196,110.667455,-0.000001,0,0
-0.000009,-30.512196,110.667455,-0.000001,0,0
-0.000009,-30.512196,110.667455,-0.000001,0,0
-0.000009,-30.512196,110.667455,-0.000001,0,0
-0.000009,-30.512196,110.667455,-0.000001,0,0
-0.000009,-30.512196,110.667455,-0.000001,0,0
-0.000009,-30.512196,110.667455,-0.000001,0,0
-0.000009,-30.512196,110.667455,-0.000001,0,0
-0.000009,-30.512196,110.667455,-0.000001,0,0
-0.000009,-30.512196,110.667455,-0.000001,0,0
-0.000009,-30.512196,110.667455,-0.000001,0,0
-0.000009,-30.512196,110.667455,-0.000001,0,0
-0.000009,-30.512196,110.667455,-0.000001,0,0
-0.000009,-30.512196,110.667455,-0.000001,0,0
-0.000009,-30.512196,110.667455,-0.000001,0,0
-0.000009,-30.512196,110.667455,-0.000001,0,0
-0.000009,-30.512196,110.667455,-0.000001,0,0
-0.000009,-30.512196,110.667455,-0.000001,0,0
-0.000009,-30.512196,110.667455,-0.000001,0,0
-0.000009,-30.512196,110.667455,-0.000001,0,0
-0.000009,-30.512196,110.667455,-0.000001,0,0
-0.000009,-30.512196,110.667455,-0.000001,0,0
-0.000009,-30.512196,110.667455,-0.000001,0,0
-0.000009,-30.512196,110.667455,-0.000001,0,0
-0.000009,-30.512196,110.667455,-0.000001,0,0
-0.000009,-30.512196,110.667455,-0.000001,0,0
-0.000009,-30.512196,110.667455,-0.000001,0,0
-0.000009,-30.512196,110.667455,-0.000001,0,0
-0.000009,-30.512196,110.667455,-0.000001,0,0
-0.000009,-30.512196,110.667455,-0.000001,0,0
-0.000009,-30.512196,110.667455,-0.000001,0,0
-0.000009,-30.512196,110.667455,-0.000001,0,0
-0.000009,-30.512196,110.667455,-0.000001,0,0
-0.000009,-30.512196,110.667455,-0.000001,0,0
-0.000009,-30.512196,110.667455,-0.000001,0,0
-0.000009,-30.512196,110.667455,-0.000001,0,0
-0.000009,-30.512196,110.667455,-0.000001,0,0
-0.000009,-30.512196,110.667455,-0.000001,0,0
-0.000009,-30.512196,110.667455,-0.000001,0,0
-0.000009,-30.512196,110.667455,-0.000001,0,0
-0.000009,-30.512196,110.667455,-0.000001,0,0
-0.000009,-30.512196,110.667455,-0.000001,0,0
-0.000009,-30.512196,110.667455,-0.000001,0,0
-0.000009,-30.512196,110.667455,-0.000001,0,0
-0.000009,-30.512196,110.667455,-0.000001,0,0
-0.000009,-30.512196,110.667455,-0.000001,0,0
-0.000009,-30.512196,110.667455,-0.000001,0,0
-0.000009,-30.512196,110.667455,-0.000001,0,0
-0.000009,-30.512196,110.667455,-0.000001,0,0
-0.000009,-30.512196,110.667455,-0.000001,0,0
-0.000009,-30.512196,110.667455,-0.000001,0,0
-0.000009,-30.512196,110.667455,-0.000001,0,0
-0.000009,-30.512196,110.667455,-0.000001,0,0
-0.000009,-30.512196,110.667455,-0.000001,0,0
-0.000009,-30.512196,110.667455,-0.000001,0,0
-0.000009,-30.512196,110.667455,-0.000001,0,0
-0.000009,-30.512196,110.667455,-0.000001,0,0
-0.000009,-30.512196,110.667455,-0.000001,0,0
-0.000009,-30.512196,110.667455,-0.000001,0,0
-0.000009,-30.512196,110.667455,-0.000001,0,0
-0.000009,-30.512196,110.667455,-0.000001,0,0
-0.000009,-30.512196,110.667455,-0.000001,0,0
-0.000009,-30.512196,110.667455,-0.000001,0,0
-0.000009,-30.512196,110.667455,-0.000001,0,0
-0.000009,-30.512196,110.667455,-0.000001,0,0
-0.000009,-30.512196,110.667455,-0.000001,0,0
-0.000009,-30.512196,110.667455,-0.000001,0,0
-0.000009,-30.512196,110.667455,-0.000001,0,0
-0.000009,-30.512196,110.667455,-0.000001,0,0
-0.000009,-30.512196,110.667455,-0.000001,0,0
-0.000009,-30.512196,110.667455,-0.000001,0,0
-0.000009,-30.512196,110.667455,-0.000001,0,0
-0.000009,-30.512196,110.667455,-0.000001,0,0
-0.000009,-30.512196,110.667455,-0.000001,0,0
-0.000009,-30.512196,110.667455,-0.000001,0,0
-0.000009,-30.512196,110.667455,-0.000001,0,0
-0.000009,-30.512196,110.667455,-0.000001,0,0
-0.000009,-30.512196,110.667455,-0.000001,0,0
-0.000009,-30.512196,110.667455,-0.000001,0,0
-0.000009,-30.512196,110.667455,-0.000001,0,0
-0.000009,-30.512196,110.667455,-0.000001,0,0
-0.000009,-30.512196,110.667455,-0.000001,0,0
-0.000009,-30.512196,110.667455,-0.000001,0,0
-0.000009,-30.512196,110.667455,-0.000001,0,0
-0.000009,-30.512196,110.667455,-0.000001,0,0
-0.000009,-30.512196,110.667455,-0.000001,0,0
-0.000009,-30.512196,110.667455,-0.000001,0,0
-0.000009,-30.512196,110.667455,-0.000001,0,0
-0.000009,-30.512196,110.667455,-0.000001,0,0
-0.000009,-30.512196,110.667455,-0.000001,0,0
-0.000009,-30.512196,110.667455,-0.000001,0,0
-0.000009,-30.512196,110.667455,-0.000001,0,0
-0.000009,-30.512196,110.667455,-0.000001,0,0
-0.000009,-30.512196,110.667455,-0.000001,0,0
-0.000009,-30.512196,110.667455,-0.000001,0,0
-0.000009,-30.512196,110.667455,-0.000001,0,0
-0.000009,-30.512196,110.667455,-0.000001,0,0
-0.000009,-30.512196,110.667455,-0.000001,0,0
-0.000009,-30.512196,110.667455,-0.000001,0,0
-0.000009,-30.512196,110.667455,-0.000001,0,0
-0.000009,-30.512196,110.667455,-0.000001,0,0
-0.000009,-30.512196,110.667455,-0.000001,0,0
-0.000009,-30.512196,110.667455,-0.000001,0,0
-0.000009,-30.512196,110.667455,-0.000001,0,0
-0.000009,-30.512196,110.667455,-0.000001,0,0
-0.000009,-30.512196,110.667455,-0.000001,0,0
-0.000009,-30.512196,110.667455,-0.000001,0,0
-0.000009,-30.512196,110.667455,-0.000001,0,0
-0.000009,-30.512196,110.667455,-0.000001,0,0
-0.000009,-30.512196,110.667455,-0.000001,0,0
-0.000009,-30.512196,110.667455,-0.000001,0,0
-0.000009,-30.512196,110.667455,-0.000001,0,0
-0.000009,-30.512196,110.667455,-0.000001,0,0
-0.000009,-30.512196,110.667455,-0.000001,0,0
-0.000009,-30.512196,110.667455,-0.000001,0,0
-0.000009,-30.512196,110.667455,-0.000001,0,0
-0.000009,-30.512196,110.667455,-0.000001,0,0
-0.000009,-30.512196,110.667455,-0.000001,0,0
-0.000009,-30.512196,110.667455,-0.000001,0,0
-0.000009,-30.512196,110.667455,-0.000001,0,0
-0.000009,-30.512196,110.667455,-0.000001,0,0
-0.000009,-30.512196,110.667455,-0.000001,0,0
-0.000009,-30.512196,110.667455,-0.000001,0,0
-0.000009,-30.512196,110.667455,-0.000001,0,0
-0.000009,-30.512196,110.667455,-0.000001,0,0
-0.000009,-30.512196,110.667455,-0.000001,0,0
-0.000009,-30.512196,110.667455,-0.000001,0,0
-0.000009,-30.512196,110.667455,-0.000001,0,0
-0.000009,-30.512196,110.667455,-0.000001,0,0
-0.000009,-30.512196,110.667455,-0.000001,0,0
-0.000009,-30.512196,110.667455,-0.000001,0,0
-0.000009,-30.512196,110.667455,-0.000001,0,0
-0.000009,-30.512196,110.667455,-0.000001,0,0
-0.000009,-30.512196,110.667455,-0.000001,0,0
-0.000009,-30.512196,110.667455,-0.000001,0,0
-0.000009,-30.512196,110.667455,-0.000001,0,0
-0.000009,-30.512196,110.667455,-0.000001,0,0
-0.000009,-30.512196,110.667455,-0.000001,0,0
-0.000009,-30.512196,110.667455,-0.000001,0,0
-0.000009,-30.512196,110.667455,-0.000001,0,0
-0.000009,-30.512196,110.667455,-0.000001,0,0
-0.000009,-30.512196,110.667455,-0.000001,0,0
-0.000009,-30.512196,110.667455,-0.000001,0,0
-0.000009,-30.512196,110.667455,-0.000001,0,0
-0.000009,-30.512196,110.667455,-0.000001,0,0
-0.000009,-30.512196,110.667455,-0.000001,0,0
-0.000009,-30.512196,110.667455,-0.000001,0,0
-0.000009,-30.512196,110.667455,-0.000001,0,0
-0.000009,-30.512196,110.667455,-0.000001,0,0
-0.000009,-30.512196,110.667455,-0.000001,0,0
-0.000009,-30.512196,110.667455,-0.000001,0,0
-0.000009,-30.512196,110.667455,-0.000001,0,0
-0.000009,-30.512196,110.667455,-0.000001,0,0
-0.000009,-30.512196,110.667455,-0.000001,0,0
-0.000009,-30.512196,110.667455,-0.000001,0,0
-0.000009,-30.512196,110.667455,-0.000001,0,0
-0.000009,-30.512196,110.667455,-0.000001,0,0
-0.000009,-30.512196,110.667455,-0.000001,0,0
-0.000009,-30.512196,110.667455,-0.000001,0,0
-0.000009,-30.512196,110.667455,-0.000001,0,0
-0.000009,-30.512196,110.667455,-0.000001,0,0
-0.000009,-30.512196,110.667455,-0.000001,0,0
-0.000009,-30.512196,110.667455,-0.000001,0,0
-0.000009,-30.512196,110.667455,-0.000001,0,0
-0.000009,-30.512196,110.667455,-0.000001,0,0
-0.000009,-30.512196,110.667455,-0.000001,0,0
-0.000009,-30.512196,110.667455,-0.000001,0,0
-0.000009,-30.512196,110.667455,-0.000001,0,0
-0.000009,-30.512196,110.667455,-0.000001,0,0
-0.000009,-30.512196,110.667455,-0.000001,0,0
-0.000009,-30.512196,110.667455,-0.000001,0,0
-0.000009,-30.512196,110.667455,-0.000001,0,0
-0.000009,-30.512196,110.667455,-0.000001,0,0
-0.000009,-30.512196,110.667455,-0.000001,0,0
-0.000009,-30.512196,110.667455,-0.000001,0,0
-0.000009,-30.512196,110.667455,-0.000001,0,0
-0.000009,-30.512196,110.667455,-0.000001,0,0
-0.000009,-30.512196,110.667455,-0.000001,0,0
-0.000009,-30.512196,110.667455,-0.000001,0,0
-0.000009,-30.512196,110.667455,-0.000001,0,0
-0.000009,-30.512196,110.667455,-0.000001,0,0
-0.000009,-30.512196,110.667455,-0.000001,0,0
-0.000009,-30.512196,110.667455,-0.000001,0,0
-0.000009,-30.512196,110.667455,-0.000001,0,0
-0.000009,-30.512196,110.667455,-0.000001,0,0
-0.000009,-30.512196,110.667455,-0.000001,0,0
-0.000009,-30.512196,110.667455,-0.000001,0,0
-0.000009,-30.512196,110.667455,-0.000001,0,0
-0.000009,-30.512196,110.667455,-0.000001,0,0
-0.000009,-30.512196,110.667455,-0.000001,0,0
-0.000009,-30.512196,110.667455,-0.000001,0,0
-0.000009,-30.512196,110.667455,-0.000001,0,0
-0.000009,-30.512196,110.667455,-0.000001,0,0
-0.000009,-30.512196,110.667455,-0.000001,0,0
-0.000009,-30.512196,110.667455,-0.000001,0,0
-0.000009,-30.512196,110.667455,-0.000001,0,0
-0.000009,-30.512196,110.667455,-0.000001,0,0
-0.000009,-30.512196,110.667455,-0.000001,0,0
-0.000009,-30.512196,110.667455,-0.000001,0,0
-0.000009,-30.512196,110.667455,-0.000001,0,0
-0.000009,-30.512196,110.667455,-0.000001,0,0
-0.000009,-30.512196,110.667455,-0.000001,0,0
-0.000009,-30.512196,110.667455,-0.000001,0,0
-0.000009,-30.512196,110.667455,-0.000001,0,0
-0.000009,-30.512196,110.667455,-0.000001,0,0
-0.000009,-30.512196,110.667455,-0.000001,0,0
-0.000009,-30.512196,110.667455,-0.000001,0,0
-0.000009,-30.512196,110.667455,-0.000001,0,0
-0.000009,-30.512196,110.667455,-0.000001,0,0
-0.000009,-30.512196,110.667455,-0.000001,0,0
-0.000009,-30.512196,110.667455,-0.000001,0,0
-0.000009,-30.512196,110.667455,-0.000001,0,0
-0.000009,-30.512196,110.667455,-0.000001,0,0
-0.000009,-30.512196,110.667455,-0.000001,0,0
-0.000009,-30.512196,110.667455,-0.000001,0,0
-0.000009,-30.512196,110.667455,-0.000001,0,0
-0.000009,-30.512196,110.667455,-0.000001,0,0
-0.000009,-30.512196,110.667455,-0.000001,0,0
-0.000009,-30.512196,110.667455,-0.000001,0,0
-0.000009,-30.512196,110.667455,-0.000001,0,0
-0.000009,-30.512196,110.667455,-0.000001,0,0
-0.000009,-30.512196,110.667455,-0.000001,0,0
-0.000009,-30.512196,110.667455,-0.000001,0,0
-0.000009,-30.512196,110.667455,-0.000001,0,0
-0.000009,-30.512196,110.667455,-0.000001,0,0
-0.000009,-30.512196,110.667455,-0.000001,0,0
-0.000009,-30.512196,110.667455,-0.000001,0,0
-0.000009,-30.512196,110.667455,-0.000001,0,0
-0.000009,-30.512196,110.667455,-0.000001,0,0
-0.000009,-30.512196,110.667455,-0.000001,0,0
-0.000009,-30.512196,110.667455,-0.000001,0,0
-0.000009,-30.512196,110.667455,-0.000001,0,0
-0.000009,-30.512196,110.667455,-0.000001,0,0
-0.000009,-30.512196,110.667455,-0.000001,0,0
-0.000009,-30.512196,110.667455,-0.000001,0,0
-0.000009,-30.512196,110.667455,-0.000001,0,0
-0.000009,-30.512196,110.667455,-0.000001,0,0
-0.000009,-30.512196,110.667455,-0.000001,0,0
-0.000009,-30.512196,110.667455,-0.000001,0,0
-0.000009,-30.512196,110.667455,-0.000001,0,0
-0.000009,-30.512196,110.667455,-0.000001,0,0
-0.000009,-30.512196,110.667455,-0.000001,0,0
-0.000009,-30.512196,110.667455,-0.000001,0,0
-0.000009,-30.512196,110.667455,-0.000001,0,0
-0.000009,-30.512196,110.667455,-0.000001,0,0
-0.000009,-30.512196,110.667455,-0.000001,0,0
-0.000009,-30.512196,110.667455,-0.000001,0,0
-0.000009,-30.512196,110.667455,-0.000001,0,0
-0.000009,-30.512196,110.667455,-0.000001,0,0
-0.000009,-30.512196,110.667455,-0.000001,0,0
-0.000009,-30.512196,110.667455,-0.000001,0,0
-0.000009,-30.512196,110.667455,-0.000001,0,0
-0.000009,-30.512196,110.667455,-0.000001,0,0
-0.000009,-30.512196,110.667455,-0.000001,0,0
-0.000009,-30.512196,110.667455,-0.000001,0,0
-0.000009,-30.512196,110.667455,-0.000001,0,0
-0.000009,-30.512196,110.667455,-0.000001,0,0
-0.000009,-30.512196,110.667455,-0.000001,0,0
-0.000009,-30.512196,110.667455,-0.000001,0,0
-0.000009,-30.512196,110.667455,-0.000001,0,0
-0.000009,-30.512196,110.667455,-0.000001,0,0
-0.000009,-30.512196,110.667455,-0.000001,0,0
-0.000009,-30.512196,110.667455,-0.000001,0,0
-0.000009,-30.512196,110.667455,-0.000001,0,0
-0.000009,-30.512196,110.667455,-0.000001,0,0
-0.000009,-30.512196,110.667455,-0.000001,0,0
-0.000009,-30.512196,110.667455,-0.000001,0,0
-0.000009,-30.512196,110.667455,-0.000001,0,0
-0.000009,-30.512196,110.667455,-0.000001,0,0
-0.000009,-30.512196,110.667455,-0.000001,0,0
-0.000009,-30.512196,110.667455,-0.000001,0,0
-0.000009,-30.512196,110.667455,-0.000001,0,0
-0.000009,-30.512196,110.667455,-0.000001,0,0
-0.000009,-30.512196,110.667455,-0.000001,0,0
-0.000009,-30.512196,110.667455,-0.000001,0,0
-0.000009,-30.512196,110.667455,-0.000001,0,0
-0.000009,-30.512196,110.667455,-0.000001,0,0
-0.000009,-30.512196,110.667455,-0.000001,0,0
-0.000009,-30.512196,110.667455,-0.000001,0,0
-0.000009,-30.512196,110.667455,-0.000001,0,0
-0.000009,-30.512196,110.667455,-0.000001,0,0
-0.000009,-30.512196,110.667455,-0.000001,0,0
-0.000009,-30.512196,110.667455,-0.000001,0,0
-0.000009,-30.512196,110.667455,-0.000001,0,0
-0.000009,-30.512196,110.667455,-0.000001,0,0
-0.000009,-30.512196,110.667455,-0.000001,0,0
-0.000009,-30.512196,110.667455,-0.000001,0,0
-0.000009,-30.512196,110.667455,-0.000001,0,0
-0.000009,-30.512196,110.667455,-0.000001,0,0
-0.000009,-30.512196,110.667455,-0.000001,0,0
-0.000009,-30.512196,110.667455,-0.000001,0,0
-0.000009,-30.512196,110.667455,-0.000001,0,0
-0.000009,-30.512196,110.667455,-0.000001,0,0
-0.000009,-30.512196,110.667455,-0.000001,0,0
-0.000009,-30.512196,110.667455,-0.000001,0,0
-0.000009,-30.512196,110.667455,-0.000001,0,0
-0.000009,-30.512196,110.667455,-0.000001,0,0
-0.000009,-30.512196,110.667455,-0.000001,0,0
-0.000009,-30.512196,110.667455,-0.000001,0,0
-0.000009,-30.512196,110.667455,-0.000001,0,0
-0.000009,-30.512196,110.667455,-0.000001,0,0
-0.000009,-30.512196,110.667455,-0.000001,0,0
-0.000009,-30.512196,110.667455,-0.000001,0,0
-0.000009,-30.512196,110.667455,-0.000001,0,0
-0.000009,-30.512196,110.667455,-0.000001,0,0
-0.000009,-30.512196,110.667455,-0.000001,0,0
-0.000009,-30.512196,110.667455,-0.000001,0,0
-0.000009,-30.512196,110.667455,-0.000001,0,0
-0.000009,-30.512196,110.667455,-0.000001,0,0
-0.000009,-30.512196,110.667455,-0.000001,0,0
-0.000009,-30.512196,110.667455,-0.000001,0,0
-0.000009,-30.512196,110.667455,-0.000001,0,0
-0.000009,-30.512196,110.667455,-0.000001,0,0
-0.000009,-30.512196,110.667455,-0.000001,0,0
-0.000009,-30.512196,110.667455,-0.000001,0,0
-0.000009,-30.512196,110.667455,-0.000001,0,0
-0.000009,-30.512196,110.667455,-0.000001,0,0
-0.000009,-30.512196,110.667455,-0.000001,0,0
-0.000009,-30.512196,110.667455,-0.000001,0,0
-0.000009,-30.512196,110.667455,-0.000001,0,0
-0.000009,-30.512196,110.667455,-0.000001,0,0
-0.000009,-30.512196,110.667455,-0.000001,0,0
-0.000009,-30.512196,110.667455,-0.000001,0,0
-0.000009,-30.512196,110.667455,-0.000001,0,0
-0.000009,-30.512196,110.667455,-0.000001,0,0
-0.000009,-30.512196,110.667455,-0.000001,0,0
-0.000009,-30.512196,110.667455,-0.000001,0,0
-0.000009,-30.512196,110.667455,-0.000001,0,0
-0.000009,-30.512196,110.667455,-0.000001,0,0
-0.000009,-30.512196,110.667455,-0.000001,0,0
-0.000009,-30.512196,110.667455,-0.000001,0,0
-0.000009,-30.512196,110.667455,-0.000001,0,0
-0.000009,-30.512196,110.667455,-0.000001,0,0
-0.000009,-30.512196,110.667455,-0.000001,0,0
-0.000009,-30.512196,110.667455,-0.000001,0,0
-0.000009,-30.512196,110.667455,-0.000001,0,0
-0.000009,-30.512196,110.667455,-0.000001,0,0
-0.000009,-30.512196,110.667455,-0.000001,0,0
-0.000009,-30.512196,110.667455,-0.000001,0,0
-0.000009,-30.512196,110.667455,-0.000001,0,0
-0.000009,-30.512196,110.667455,-0.000001,0,0
-0.000009,-30.512196,110.667455,-0.000001,0,0
-0.000009,-30.512196,110.667455,-0.000001,0,0
-0.000009,-30.512196,110.667455,-0.000001,0,0
-0.000009,-30.512196,110.667455,-0.000001,0,0
-0.000009,-30.512196,110.667455,-0.000001,0,0
-0.000009,-30.512196,110.667455,-0.000001,0,0
-0.000009,-30.512196,110.667455,-0.000001,0,0
-0.000009,-30.512196,110.667455,-0.000001,0,0
-0.000009,-30.512196,110.667455,-0.000001,0,0
-0.000009,-30.512196,110.667455,-0.000001,0,0
-0.000009,-30.512196,110.667455,-0.000001,0,0
-0.000009,-30.512196,110.667455,-0.000001,0,0
-0.000009,-30.512196,110.667455,-0.000001,0,0
-0.000009,-30.512196,110.667455,-0.000001,0,0
-0.000009,-30.512196,110.667455,-0.000001,0,0
-0.000009,-30.512196,110.667455,-0.000001,0,0
-0.000009,-30.512196,110.667455,-0.000001,0,0
-0.000009,-30.512196,110.667455,-0.000001,0,0
-0.000009,-30.512196,110.667455,-0.000001,0,0
-0.000009,-30.512196,110.667455,-0.000001,0,0
-0.000009,-30.512196,110.667455,-0.000001,0,0
-0.000009,-30.512196,110.667455,-0.000001,0,0
-0.000009,-30.512196,110.667455,-0.000001,0,0
-0.000009,-30.512196,110.667455,-0.000001,0,0
-0.000009,-30.512196,110.667455,-0.000001,0,0
-0.000009,-30.512196,110.667455,-0.000001,0,0
-0.000009,-30.512196,110.667455,-0.000001,0,0
-0.000009,-30.512196,110.667455,-0.000001,0,0
-0.000009,-30.512196,110.667455,-0.000001,0,0
-0.000009,-30.512196,110.667455,-0.000001,0,0
-0.000009,-30.512196,110.667455,-0.000001,0,0
-0.000009,-30.512196,110.667455,-0.000001,0,0
-0.000009,-30.512196,110.667455,-0.000001,0,0
-0.000009,-30.512196,110.667455,-0.000001,0,0
-0.000009,-30.512196,110.667455,-0.000001,0,0
-0.000009,-30.512196,110.667455,-0.000001,0,0
-0.000009,-30.512196,110.667455,-0.000001,0,0
-0.000009,-30.512196,110.667455,-0.000001,0,0
-0.000009,-30.512196,110.667455,-0.000001,0,0
-0.000009,-30.512196,110.667455,-0.000001,0,0
-0.000009,-30.512196,110.667455,-0.000001,0,0
-0.000009,-30.512196,110.667455,-0.000001,0,0
-0.000009,-30.512196,110.667455,-0.000001,0,0
-0.000009,-30.512196,110.667455,-0.000001,0,0
-0.000009,-30.512196,110.667455,-0.000001,0,0
-0.000009,-30.512196,110.667455,-0.000001,0,0
-0.000009,-30.512196,110.667455,-0.000001,0,0
-0.000009,-30.512196,110.667455,-0.000001,0,0
-0.000009,-30.512196,110.667455,-0.000001,0,0
-0.000009,-30.512196,110.667455,-0.000001,0,0
-0.000009,-30.512196,110.667455,-0.000001,0,0
-0.000009,-30.512196,110.667455,-0.000001,0,0
-0.000009,-30.512196,110.667455,-0.000001,0,0
-0.000009,-30.512196,110.667455,-0.000001,0,0
-0.000009,-30.512196,110.667455,-0.000001,0,0
-0.000009,-30.512196,110.667455,-0.000001,0,0
-0.000009,-30.512196,110.667455,-0.000001,0,0
-0.000009,-30.512196,110.667455,-0.000001,0,0
-0.000009,-30.512196,110.667455,-0.000001,0,0
-0.000009,-30.512196,110.667455,-0.000001,0,0
-0.000009,-30.512196,110.667455,-0.000001,0,0
-0.000009,-30.512196,110.667455,-0.000001,0,0
-0.000009,-30.512196,110.667455,-0.000001,0,0
-0.000009,-30.512196,110.667455,-0.000001,0,0
-0.000009,-30.512196,110.667455,-0.000001,0,0
-0.000009,-30.512196,110.667455,-0.000001,0,0
-0.000009,-30.512196,110.667455,-0.000001,0,0
-0.000009,-30.512196,110.667455,-0.000001,0,0
-0.000009,-30.512196,110.667455,-0.000001,0,0
-0.000009,-30.512196,110.667455,-0.000001,0,0
-0.000009,-30.512196,110.667455,-0.000001,0,0
-0.000009,-30.512196,110.667455,-0.000001,0,0
-0.000009,-30.512196,110.667455,-0.000001,0,0
-0.000009,-30.512196,110.667455,-0.000001,0,0
-0.000009,-30.512196,110.667455,-0.000001,0,0
-0.000009,-30.512196,110.667455,-0.000001,0,0
-0.000009,-30.512196,110.667455,-0.000001,0,0
-0.000009,-30.512196,110.667455,-0.000001,0,0
-0.000009,-30.512196,110.667455,-0.000001,0,0
-0.000009,-30.512196,110.667455,-0.000001,0,0
-0.000009,-30.512196,110.667455,-0.000001,0,0
-0.000009,-30.512196,110.667455,-0.000001,0,0
-0.000009,-30.512196,110.667455,-0.000001,0,0
-0.000009,-30.512196,110.667455,-0.000001,0,0
-0.000009,-30.512196,110.667455,-0.000001,0,0
-0.000009,-30.512196,110.667455,-0.000001,0,0
-0.000009,-30.512196,110.667455,-0.000001,0,0
-0.000009,-30.512196,110.667455,-0.000001,0,0
-0.000009,-30.512196,110.667455,-0.000001,0,0
-0.000009,-30.512196,110.667455,-0.000001,0,0
-0.000009,-30.512196,110.667455,-0.000001,0,0
-0.000009,-30.512196,110.667455,-0.000001,0,0
-0.000009,-30.512196,110.667455,-0.000001,0,0
-0.000009,-30.512196,110.667455,-0.000001,0,0
-0.000009,-30.512196,110.667455,-0.000001,0,0
-0.000009,-30.512196,110.667455,-0.000001,0,0
-0.000009,-30.512196,110.667455,-0.000001,0,0
-0.000009,-30.512196,110.667455,-0.000001,0,0
-0.000009,-30.512196,110.667455,-0.000001,0,0
-0.000009,-30.512196,110.667455,-0.000001,0,0
-0.000009,-30.512196,110.667455,-0.000001,0,0
-0.000009,-30.512196,110.667455,-0.000001,0,0
-0.000009,-30.512196,110.667455,-0.000001,0,0
-0.000009,-30.512196,110.667455,-0.000001,0,0
-0.000009,-30.512196,110.667455,-0.000001,0,0
-0.000009,-30.512196,110.667455,-0.000001,0,0
-0.000009,-30.512196,110.667455,-0.000001,0,0
-0.000009,-30.512196,110.667455,-0.000001,0,0
-0.000009,-30.512196,110.667455,-0.000001,0,0
-0.000009,-30.512196,110.667455,-0.000001,0,0
-0.000009,-30.512196,110.667455,-0.000001,0,0
-0.000009,-30.512196,110.667455,-0.000001,0,0
-0.000009,-30.512196,110.667455,-0.000001,0,0
-0.000009,-30.512196,110.667455,-0.000001,0,0
-0.000009,-30.512196,110.667455,-0.000001,0,0
-0.000009,-30.512196,110.667455,-0.000001,0,0
-0.000009,-30.512196,110.667455,-0.000001,0,0
-0.000009,-30.512196,110.667455,-0.000001,0,0
-0.000009,-30.512196,110.667455,-0.000001,0,0
-0.000009,-30.512196,110.667455,-0.000001,0,0
-0.000009,-30.512196,110.667455,-0.000001,0,0
-0.000009,-30.512196,110.667455,-0.000001,0,0
-0.000009,-30.512196,110.667455,-0.000001,0,0
-0.000009,-30.512196,110.667455,-0.000001,0,0
-0.000009,-30.512196,110.667455,-0.000001,0,0
-0.000009,-30.512196,110.667455,-0.000001,0,0
-0.000009,-30.512196,110.667455,-0.000001,0,0
-0.000009,-30.512196,110.667455,-0.000001,0,0
-0.000009,-30.512196,110.667455,-0.000001,0,0
-0.000009,-30.512196,110.667455,-0.000001,0,0
-0.000009,-30.512196,110.667455,-0.000001,0,0
-0.000009,-30.512196,110.667455,-0.000001,0,0
-0.000009,-30.512196,110.667455,-0.000001,0,0
-0.000009,-30.512196,110.667455,-0.000001,0,0
-0.000009,-30.512196,110.667455,-0.000001,0,0
-0.000009,-30.512196,110.667455,-0.000001,0,0
-0.000009,-30.512196,110.667455,-0.000001,0,0
-0.000009,-30.512196,110.667455,-0.000001,0,0
-0.000009,-30.512196,110.667455,-0.000001,0,0
-0.000009,-30.512196,110.667455,-0.000001,0,0
-0.000009,-30.512196,110.667455,-0.000001,0,0
-0.000009,-30.512196,110.667455,-0.000001,0,0
-0.000009,-30.512196,110.667455,-0.000001,0,0
-0.000009,-30.512196,110.667455,-0.000001,0,0
-0.000009,-30.512196,110.667455,-0.000001,0,0
-0.000009,-30.512196,110.667455,-0.000001,0,0
-0.000009,-30.512196,110.667455,-0.000001,0,0
-0.000009,-30.512196,110.667455,-0.000001,0,0
-0.000009,-30.512196,110.667455,-0.000001,0,0
-0.000009,-30.512196,110.667455,-0.000001,0,0
-0.000009,-30.512196,110.667455,-0.000001,0,0
-0.000009,-30.512196,110.667455,-0.000001,0,0
-0.000009,-30.512196,110.667455,-0.000001,0,0
-0.000009,-30.512196,110.667455,-0.000001,0,0
-0.000009,-30.512196,110.667455,-0.000001,0,0
-0.000009,-30.512196,110.667455,-0.000001,0,0
-0.000009,-30.512196,110.667455,-0.000001,0,0
-0.000009,-30.512196,110.667455,-0.000001,0,0
-0.000009,-30.512196,110.667455,-0.000001,0,0
-0.000009,-30.512196,110.667455,-0.000001,0,0
-0.000009,-30.512196,110.667455,-0.000001,0,0
-0.000009,-30.512196,110.667455,-0.000001,0,0
-0.000009,-30.512196,110.667455,-0.000001,0,0
-0.000009,-30.512196,110.667455,-0.000001,0,0
-0.000009,-30.512196,110.667455,-0.000001,0,0
-0.000009,-30.512196,110.667455,-0.000001,0,0
-0.000009,-30.512196,110.667455,-0.000001,0,0
-0.000009,-30.512196,110.667455,-0.000001,0,0
-0.000009,-30.512196,110.667455,-0.000001,0,0
-0.000009,-30.512196,110.667455,-0.000001,0,0
-0.000009,-30.512196,110.667455,-0.000001,0,0
-0.000009,-30.512196,110.667455,-0.000001,0,0
-0.000009,-30.512196,110.667455,-0.000001,0,0
-0.000009,-30.512196,110.667455,-0.000001,0,0
-0.000009,-30.512196,110.667455,-0.000001,0,0
-0.000009,-30.512196,110.667455,-0.000001,0,0
-0.000009,-30.512196,110.667455,-0.000001,0,0
-0.000009,-30.512196,110.667455,-0.000001,0,0
-0.000009,-30.512196,110.667455,-0.000001,0,0
-0.000009,-30.512196,110.667455,-0.000001,0,0
-0.000009,-30.512196,110.667455,-0.000001,0,0
-0.000009,-30.512196,110.667455,-0.000001,0,0
-0.000009,-30.512196,110.667455,-0.000001,0,0
-0.000009,-30.512196,110.667455,-0.000001,0,0
-0.000009,-30.512196,110.667455,-0.000001,0,0
-0.000009,-30.512196,110.667455,-0.000001,0,0
-0.000009,-30.512196,110.667455,-0.000001,0,0
-0.000009,-30.512196,110.667455,-0.000001,0,0
-0.000009,-30.512196,110.667455,-0.000001,0,0
-0.000009,-30.512196,110.667455,-0.000001,0,0
-0.000009,-30.512196,110.667455,-0.000001,0,0
-0.000009,-30.512196,110.667455,-0.000001,0,0
-0.000009,-30.512196,110.667455,-0.000001,0,0
-0.000009,-30.512196,110.667455,-0.000001,0,0
-0.000009,-30.512196,110.667455,-0.000001,0,0
-0.000009,-30.512196,110.667455,-0.000001,0,0
-0.000009,-30.512196,110.667455,-0.000001,0,0
-0.000009,-30.512196,110.667455,-0.000001,0,0
-0.000009,-30.512196,110.667455,-0.000001,0,0
-0.000009,-30.512196,110.667455,-0.000001,0,0
-0.000009,-30.512196,110.667455,-0.000001,0,0
-0.000009,-30.512196,110.667455,-0.000001,0,0
-0.000009,-30.512196,110.667455,-0.000001,0,0
-0.000009,-30.512196,110.667455,-0.000001,0,0
-0.000009,-30.512196,110.667455,-0.000001,0,0
-0.000009,-30.512196,110.667455,-0.000001,0,0
-0.000009,-30.512196,110.667455,-0.000001,0,0
-0.000009,-30.512196,110.667455,-0.000001,0,0
-0.000009,-30.512196,110.667455,-0.000001,0,0
-0.000009,-30.512196,110.667455,-0.000001,0,0
-0.000009,-30.512196,110.667455,-0.000001,0,0
-0.000009,-30.512196,110.667455,-0.000001,0,0
-0.000009,-30.512196,110.667455,-0.000001,0,0
-0.000009,-30.512196,110.667455,-0.000001,0,0
-0.000009,-30.512196,110.667455,-0.000001,0,0
-0.000009,-30.512196,110.667455,-0.000001,0,0
-0.000009,-30.512196,110.667455,-0.000001,0,0
-0.000009,-30.512196,110.667455,-0.000001,0,0
-0.000009,-30.512196,110.667455,-0.000001,0,0
-0.000009,-30.512196,110.667455,-0.000001,0,0
-0.000009,-30.512196,110.667455,-0.000001,0,0
-0.000009,-30.512196,110.667455,-0.000001,0,0
-0.000009,-30.512196,110.667455,-0.000001,0,0
-0.000009,-30.512196,110.667455,-0.000001,0,0
-0.000009,-30.512196,110.667455,-0.000001,0,0
-0.000009,-30.512196,110.667455,-0.000001,0,0
-0.000009,-30.512196,110.667455,-0.000001,0,0
-0.000009,-30.512196,110.667455,-0.000001,0,0
-0.000009,-30.512196,110.667455,-0.000001,0,0
-0.000009,-30.512196,110.667455,-0.000001,0,0
-0.000009,-30.512196,110.667455,-0.000001,0,0
-0.000009,-30.512196,110.667455,-0.000001,0,0
-0.000009,-30.512196,110.667455,-0.000001,0,0
-0.000009,-30.512196,110.667455,-0.000001,0,0
-0.000009,-30.512196,110.667455,-0.000001,0,0
-0.000009,-30.512196,110.667455,-0.000001,0,0
-0.000009,-30.512196,110.667455,-0.000001,0,0
-0.000009,-30.512196,110.667455,-0.000001,0,0
-0.000009,-30.512196,110.667455,-0.000001,0,0
-0.000009,-30.512196,110.667455,-0.000001,0,0
-0.000009,-30.512196,110.667455,-0.000001,0,0
-0.000009,-30.512196,110.667455,-0.000001,0,0
-0.000009,-30.512196,110.667455,-0.000001,0,0
-0.000009,-30.512196,110.667455,-0.000001,0,0
-0.000009,-30.512196,110.667455,-0.000001,0,0
-0.000009,-30.512196,110.667455,-0.000001,0,0
-0.000009,-30.512196,110.667455,-0.000001,0,0
-0.000009,-30.512196,110.667455,-0.000001,0,0
-0.000009,-30.512196,110.667455,-0.000001,0,0
-0.000009,-30.512196,110.667455,-0.000001,0,0
-0.000009,-30.512196,110.667455,-0.000001,0,0
-0.000009,-30.512196,110.667455,-0.000001,0,0
-0.000009,-30.512196,110.667455,-0.000001,0,0
-0.000009,-30.512196,110.667455,-0.000001,0,0
-0.000009,-30.512196,110.667455,-0.000001,0,0
-0.000009,-30.512196,110.667455,-0.000001,0,0
-0.000009,-30.512196,110.667455,-0.000001,0,0
-0.000009,-30.512196,110.667455,-0.000001,0,0
-0.000009,-30.512196,110.667455,-0.000001,0,0
-0.000009,-30.512196,110.667455,-0.000001,0,0
-0.000009,-30.512196,110.667455,-0.000001,0,0
-0.000009,-30.512196,110.667455,-0.000001,0,0
-0.000009,-30.512196,110.667455,-0.000001,0,0
-0.000009,-30.512196,110.667455,-0.000001,0,0
-0.000009,-30.512196,110.667455,-0.000001,0,0
-0.000009,-30.512196,110.667455,-0.000001,0,0
-0.000009,-30.512196,110.667455,-0.000001,0,0
-0.000009,-30.512196,110.667455,-0.000001,0,0
-0.000009,-30.512196,110.667455,-0.000001,0,0
-0.000009,-30.512196,110.667455,-0.000001,0,0
-0.000009,-30.512196,110.667455,-0.000001,0,0
-0.000009,-30.512196,110.667455,-0.000001,0,0
-0.000009,-30.512196,110.667455,-0.000001,0,0
-0.000009,-30.512196,110.667455,-0.000001,0,0
-0.000009,-30.512196,110.667455,-0.000001,0,0
-0.000009,-30.512196,110.667455,-0.000001,0,0
-0.000009,-30.512196,110.667455,-0.000001,0,0
-0.000009,-30.512196,110.667455,-0.000001,0,0
-0.000009,-30.512196,110.667455,-0.000001,0,0
-0.000009,-30.512196,110.667455,-0.000001,0,0
-0.000009,-30.512196,110.667455,-0.000001,0,0
-0.000009,-30.512196,110.667455,-0.000001,0,0
-0.000009,-30.512196,110.667455,-0.000001,0,0
-0.000009,-30.512196,110.667455,-0.000001,0,0
-0.000009,-30.512196,110.667455,-0.000001,0,0
-0.000009,-30.512196,110.667455,-0.000001,0,0
-0.000009,-30.512196,110.667455,-0.000001,0,0
-0.000009,-30.512196,110.667455,-0.000001,0,0
-0.000009,-30.512196,110.667455,-0.000001,0,0
-0.000009,-30.512196,110.667455,-0.000001,0,0
-0.000009,-30.512196,110.667455,-0.000001,0,0
-0.000009,-30.512196,110.667455,-0.000001,0,0
-0.000009,-30.512196,110.667455,-0.000001,0,0
-0.000009,-30.512196,110.667455,-0.000001,0,0
-0.000009,-30.512196,110.667455,-0.000001,0,0
-0.000009,-30.512196,110.667455,-0.000001,0,0
-0.000009,-30.512196,110.667455,-0.000001,0,0
-0.000009,-30.512196,110.667455,-0.000001,0,0
-0.000009,-30.512196,110.667455,-0.000001,0,0
-0.000009,-30.512196,110.667455,-0.000001,0,0
-0.000009,-30.512196,110.667455,-0.000001,0,0
-0.000009,-30.512196,110.667455,-0.000001,0,0
-0.000009,-30.512196,110.667455,-0.000001,0,0
-0.000009,-30.512196,110.667455,-0.000001,0,0
-0.000009,-30.512196,110.667455,-0.000001,0,0
-0.000009,-30.512196,110.667455,-0.000001,0,0
-0.000009,-30.512196,110.667455,-0.000001,0,0
-0.000009,-30.512196,110.667455,-0.000001,0,0
-0.000009,-30.512196,110.667455,-0.000001,0,0
-0.000009,-30.512196,110.667455,-0.000001,0,0
-0.000009,-30.512196,110.667455,-0.000001,0,0
-0.000009,-30.512196,110.667455,-0.000001,0,0
-0.000009,-30.512196,110.667455,-0.000001,0,0
-0.000009,-30.512196,110.667455,-0.000001,0,0
-0.000009,-30.512196,110.667455,-0.000001,0,0
-0.000009,-30.512196,110.667455,-0.000001,0,0
-0.000009,-30.512196,110.667455,-0.000001,0,0
-0.000009,-30.512196,110.667455,-0.000001,0,0
-0.000009,-30.512196,110.667455,-0.000001,0,0
-0.000009,-30.512196,110.667455,-0.000001,0,0
-0.000009,-30.512196,110.667455,-0.000001,0,0
-0.000009,-30.512196,110.667455,-0.000001,0,0
-0.000009,-30.512196,110.667455,-0.000001,0,0
-0.000009,-30.512196,110.667455,-0.000001,0,0
-0.000009,-30.512196,110.667455,-0.000001,0,0
-0.000009,-30.512196,110.667455,-0.000001,0,0
-0.000009,-30.512196,110.667455,-0.000001,0,0
-0.000009,-30.512196,110.667455,-0.000001,0,0
-0.000009,-30.512196,110.667455,-0.000001,0,0
-0.000009,-30.512196,110.667455,-0.000001,0,0
-0.000009,-30.512196,110.667455,-0.000001,0,0
-0.000009,-30.512196,110.667455,-0.000001,0,0
-0.000009,-30.512196,110.667455,-0.000001,0,0
-0.000009,-30.512196,110.667455,-0.000001,0,0
-0.000009,-30.512196,110.667455,-0.000001,0,0
-0.000009,-30.512196,110.667455,-0.000001,0,0
-0.000009,-30.512196,110.667455,-0.000001,0,0
-0.000009,-30.512196,110.667455,-0.000001,0,0
-0.000009,-30.512196,110.667455,-0.000001,0,0
-0.000009,-30.512196,110.667455,-0.000001,0,0
-0.000009,-30.512196,110.667455,-0.000001,0,0
-0.000009,-30.512196,110.667455,-0.000001,0,0
-0.000009,-30.512196,110.667455,-0.000001,0,0
-0.000009,-30.512196,110.667455,-0.000001,0,0
-0.000009,-30.512196,110.667455,-0.000001,0,0
-0.000009,-30.512196,110.667455,-0.000001,0,0
-0.000009,-30.512196,110.667455,-0.000001,0,0
-0.000009,-30.512196,110.667455,-0.000001,0,0
-0.000009,-30.512196,110.667455,-0.000001,0,0
-0.000009,-30.512196,110.667455,-0.000001,0,0
-0.000009,-30.512196,110.667455,-0.000001,0,0
-0.000009,-30.512196,110.667455,-0.000001,0,0
-0.000009,-30.512196,110.667455,-0.000001,0,0
-0.000009,-30.512196,110.667455,-0.000001,0,0
-0.000009,-30.512196,110.667455,-0.000001,0,0
-0.000009,-30.512196,110.667455,-0.000001,0,0
-0.000009,-30.512196,110.667455,-0.000001,0,0
-0.000009,-30.512196,110.667455,-0.000001,0,0
-0.000009,-30.512196,110.667455,-0.000001,0,0
-0.000009,-30.512196,110.667455,-0.000001,0,0
-0.000009,-30.512196,110.667455,-0.000001,0,0
-0.000009,-30.512196,110.667455,-0.000001,0,0
-0.000009,-30.512196,110.667455,-0.000001,0,0
-0.000009,-30.512196,110.667455,-0.000001,0,0
-0.000009,-30.512196,110.667455,-0.000001,0,0
-0.000009,-30.512196,110.667455,-0.000001,0,0
-0.000009,-30.512196,110.667455,-0.000001,0,0
-0.000009,-30.512196,110.667455,-0.000001,0,0
-0.000009,-30.512196,110.667455,-0.000001,0,0
-0.000009,-30.512196,110.667455,-0.000001,0,0
-0.000009,-30.512196,110.667455,-0.000001,0,0
-0.000009,-30.512196,110.667455,-0.000001,0,0
-0.000009,-30.512196,110.667455,-0.000001,0,0
-0.000009,-30.512196,110.667455,-0.000001,0,0
-0.000009,-30.512196,110.667455,-0.000001,0,0
-0.000009,-30.512196,110.667455,-0.000001,0,0
-0.000009,-30.512196,110.667455,-0.000001,0,0
-0.000009,-30.512196,110.667455,-0.000001,0,0
-0.000009,-30.512196,110.667455,-0.000001,0,0
-0.000009,-30.512196,110.667455,-0.000001,0,0
-0.000009,-30.512196,110.667455,-0.000001,0,0
-0.000009,-30.512196,110.667455,-0.000001,0,0
-0.000009,-30.512196,110.667455,-0.000001,0,0
-0.000009,-30.512196,110.667455,-0.000001,0,0
-0.000009,-30.512196,110.667455,-0.000001,0,0
-0.000009,-30.512196,110.667455,-0.000001,0,0
-0.000009,-30.512196,110.667455,-0.000001,0,0
-0.000009,-30.512196,110.667455,-0.000001,0,0
-0.000009,-30.512196,110.667455,-0.000001,0,0
-0.000009,-30.512196,110.667455,-0.000001,0,0
-0.000009,-30.512196,110.667455,-0.000001,0,0
-0.000009,-30.512196,110.667455,-0.000001,0,0
-0.000009,-30.512196,110.667455,-0.000001,0,0
-0.000009,-30.512196,110.667455,-0.000001,0,0
-0.000009,-30.512196,110.667455,-0.000001,0,0
-0.000009,-30.512196,110.667455,-0.000001,0,0
-0.000009,-30.512196,110.667455,-0.000001,0,0
-0.000009,-30.512196,110.667455,-0.000001,0,0
-0.000009,-30.512196,110.667455,-0.000001,0,0
-0.000009,-30.512196,110.667455,-0.000001,0,0
-0.000009,-30.512196,110.667455,-0.000001,0,0
-0.000009,-30.512196,110.667455,-0.000001,0,0
-0.000009,-30.512196,110.667455,-0.000001,0,0
-0.000009,-30.512196,110.667455,-0.000001,0,0
-0.000009,-30.512196,110.667455,-0.000001,0,0
-0.000009,-30.512196,110.667455,-0.000001,0,0
-0.000009,-30.512196,110.667455,-0.000001,0,0
-0.000009,-30.512196,110.667455,-0.000001,0,0
-0.000009,-30.512196,110.667455,-0.000001,0,0
-0.000009,-30.512196,110.667455,-0.000001,0,0
-0.000009,-30.512196,110.667455,-0.000001,0,0
-0.000009,-30.512196,110.667455,-0.000001,0,0
-0.000009,-30.512196,110.667455,-0.000001,0,0
-0.000009,-30.512196,110.667455,-0.000001,0,0
-0.000009,-30.512196,110.667455,-0.000001,0,0
-0.000009,-30.512196,110.667455,-0.000001,0,0
-0.000009,-30.512196,110.667455,-0.000001,0,0
-0.000009,-30.512196,110.667455,-0.000001,0,0
-0.000009,-30.512196,110.667455,-0.000001,0,0
-0.000009,-30.512196,110.667455,-0.000001,0,0
-0.000009,-30.512196,110.667455,-0.000001,0,0
-0.000009,-30.512196,110.667455,-0.000001,0,0
-0.000009,-30.512196,110.667455,-0.000001,0,0
-0.000009,-30.512196,110.667455,-0.000001,0,0
-0.000009,-30.512196,110.667455,-0.000001,0,0
-0.000009,-30.512196,110.667455,-0.000001,0,0
-0.000009,-30.512196,110.667455,-0.000001,0,0
-0.000009,-30.512196,110.667455,-0.000001,0,0
-0.000009,-30.512196,110.667455,-0.000001,0,0
-0.000009,-30.512196,110.667455,-0.000001,0,0
-0.000009,-30.512196,110.667455,-0.000001,0,0
-0.000009,-30.512196,110.667455,-0.000001,0,0
-0.000009,-30.512196,110.667455,-0.000001,0,0
-0.000009,-30.512196,110.667455,-0.000001,0,0
-0.000009,-30.512196,110.667455,-0.000001,0,0
-0.000009,-30.512196,110.667455,-0.000001,0,0
-0.000009,-30.512196,110.667455,-0.000001,0,0
-0.000009,-30.512196,110.667455,-0.000001,0,0
-0.000009,-30.512196,110.667455,-0.000001,0,0
-0.000009,-30.512196,110.667455,-0.000001,0,0
-0.000009,-30.512196,110.667455,-0.000001,0,0
-0.000009,-30.512196,110.667455,-0.000001,0,0
-0.000009,-30.512196,110.667455,-0.000001,0,0
-0.000009,-30.512196,110.667455,-0.000001,0,0
-0.000009,-30.512196,110.667455,-0.000001,0,0
-0.000009,-30.512196,110.667455,-0.000001,0,0
-0.000009,-30.512196,110.667455,-0.000001,0,0
-0.000009,-30.512196,110.667455,-0.000001,0,0
-0.000009,-30.512196,110.667455,-0.000001,0,0
-0.000009,-30.512196,110.667455,-0.000001,0,0
-0.000009,-30.512196,110.667455,-0.000001,0,0
-0.000009,-30.512196,110.667455,-0.000001,0,0
-0.000009,-30.512196,110.667455,-0.000001,0,0
-0.000009,-30.512196,110.667455,-0.000001,0,0
-0.000009,-30.512196,110.667455,-0.000001,0,0
-0.000009,-30.512196,110.667455,-0.000001,0,0
-0.000009,-30.512196,110.667455,-0.000001,0,0
-0.000009,-30.512196,110.667455,-0.000001,0,0
-0.000009,-30.512196,110.667455,-0.000001,0,0
-0.000009,-30.512196,110.667455,-0.000001,0,0
-0.000009,-30.512196,110.667455,-0.000001,0,0
-0.000009,-30.512196,110.667455,-0.000001,0,0
-0.000009,-30.512196,110.667455,-0.000001,0,0
-0.000009,-30.512196,110.667455,-0.000001,0,0
-0.000009,-30.512196,110.667455,-0.000001,0,0
-0.000009,-30.512196,110.667455,-0.000001,0,0
-0.000009,-30.512196,110.667455,-0.000001,0,0
-0.000009,-30.512196,110.667455,-0.000001,0,0
-0.000009,-30.512196,110.667455,-0.000001,0,0
-0.000009,-30.512196,110.667455,-0.000001,0,0
-0.000009,-30.512196,110.667455,-0.000001,0,0
-0.000009,-30.512196,110.667455,-0.000001,0,0
-0.000009,-30.512196,110.667455,-0.000001,0,0
-0.000009,-30.512196,110.667455,-0.000001,0,0
-0.000009,-30.512196,110.667455,-0.000001,0,0
-0.000009,-30.512196,110.667455,-0.000001,0,0
-0.000009,-30.512196,110.667455,-0.000001,0,0
-0.000009,-30.512196,110.667455,-0.000001,0,0
-0.000009,-30.512196,110.667455,-0.000001,0,0
-0.000009,-30.512196,110.667455,-0.000001,0,0
-0.000009,-30.512196,110.667455,-0.000001,0,0
-0.000009,-30.512196,110.667455,-0.000001,0,0
-0.000009,-30.512196,110.667455,-0.000001,0,0
-0.000009,-30.512196,110.667455,-0.000001,0,0
-0.000009,-30.512196,110.667455,-0.000001,0,0
-0.000009,-30.512196,110.667455,-0.000001,0,0
-0.000009,-30.512196,110.667455,-0.000001,0,0
-0.000009,-30.512196,110.667455,-0.000001,0,0
-0.000009,-30.512196,110.667455,-0.000001,0,0
-0.000009,-30.512196,110.667455,-0.000001,0,0
-0.000009,-30.512196,110.667455,-0.000001,0,0
-0.000009,-30.512196,110.667455,-0.000001,0,0
-0.000009,-30.512196,110.667455,-0.000001,0,0
